0x607Cf70d75A17facA9807DC859F1e40B54836183,109677362072156000000000,1,0xffb345fd64749d4314587f04f30dc9ddef8056f3
0x607Cf70d75A17facA9807DC859F1e40B54836183,173118640908415000000000,2,0x07fc27c075a142789f316484abfff9221f0bc1f4
0x607Cf70d75A17facA9807DC859F1e40B54836183,3375250960700000000000,3,0x5c7ab8a5f02acc6bb9d1f5304c588bf8472ffc86
0x607Cf70d75A17facA9807DC859F1e40B54836183,639580000000000000000,4,0x54cf29103d683104a37e8c5486010aaec8b30014
0x607Cf70d75A17facA9807DC859F1e40B54836183,40241577510514200000000,5,0x5d1c0df7b16d122768502e853ff375a8d153bb56
0x607Cf70d75A17facA9807DC859F1e40B54836183,3166758881097950000000,6,0xa908cc36b87732cfa468ccc869d45437a4f7c4f4
0x607Cf70d75A17facA9807DC859F1e40B54836183,2501695000000000000000,7,0x42280e048125eedd8adc22384017dfb88df896bf
0x607Cf70d75A17facA9807DC859F1e40B54836183,10456521934890500000000,8,0x4918894d4a98930d3ec574b4deb429b11f1aeb65
0x607Cf70d75A17facA9807DC859F1e40B54836183,923281356936957000000,9,0x711437c9ea753167994f538aa09da1432e73d35d
0x607Cf70d75A17facA9807DC859F1e40B54836183,64880904007617900000000,10,0x7f0019ac3c11c90064940e7c80d32a8ac0988293
0x607Cf70d75A17facA9807DC859F1e40B54836183,16045809661161700000000,11,0xb8d8bdaa717ba881250390fb2576d136d1a61908
0x607Cf70d75A17facA9807DC859F1e40B54836183,16411746732053600000000,12,0x8fa33056d9067ba93bc89a3366aad64952743028
0x607Cf70d75A17facA9807DC859F1e40B54836183,80052894831551600000000,13,0x20e76b9e84e1f77e3b2280e7918d63ca2eda646f
0x607Cf70d75A17facA9807DC859F1e40B54836183,677416472871679000000,14,0xf5dd4d8016a5b99e85259b328521714db5409d45
0x607Cf70d75A17facA9807DC859F1e40B54836183,79982904224647400000000,15,0x51256ef00c2485f3a40fe1b6e4e779147bcdbb58
0x607Cf70d75A17facA9807DC859F1e40B54836183,110875854331943000000000,16,0xaae31efb56af2d4da4f8b98aee5f269e03d1fce8
0x607Cf70d75A17facA9807DC859F1e40B54836183,11729747346907500000000,17,0x5c541e78e4b4b0860a4187816b17b7bdc505cf6f
0x607Cf70d75A17facA9807DC859F1e40B54836183,291540000000000000000,18,0xd57b37b1b4e94d7f37349ce8336e89f40691cd43
0x607Cf70d75A17facA9807DC859F1e40B54836183,12500000000000000000000,19,0x02d6379c1106cd0df0d577235fb07a60b8b67dbc
0x607Cf70d75A17facA9807DC859F1e40B54836183,195247427337362000000000,20,0x2b01501c2e2e3200e68f1fdc557a10c82bf05626
0x607Cf70d75A17facA9807DC859F1e40B54836183,625315883946749000000,21,0xf12a25fdfc7daa4aacaf8a3263443ff59e4c2067
0x607Cf70d75A17facA9807DC859F1e40B54836183,2261777639158640000000,22,0xeec0d4e7745059e465ac8bc70c9f934476cb9f4b
0x607Cf70d75A17facA9807DC859F1e40B54836183,833999403309000000000,23,0xecc7bf36690534fe89a317ecf71b0bf8f323ab0b
0x607Cf70d75A17facA9807DC859F1e40B54836183,291053785179156000000000,24,0x79269c79e84ad6d9ed1b913e1fb30b26c8384629
0x607Cf70d75A17facA9807DC859F1e40B54836183,387588347648008000000,25,0xe7c2bc18aa6a289590487138dc96f9da971b952d
0x607Cf70d75A17facA9807DC859F1e40B54836183,10219718457769600000000,26,0xc0a3af1d9643e240a474ccdbfa53b02fcd397acc
0x607Cf70d75A17facA9807DC859F1e40B54836183,84766791283727800000000,27,0xf06c79c4fa207df457295d81914ba74a7cac6bbb
0x607Cf70d75A17facA9807DC859F1e40B54836183,457100142292670000000,28,0x0d09b99fdfbe0e937e3daab4f50eed2d39cfff50
0x607Cf70d75A17facA9807DC859F1e40B54836183,1420730253034920000000,29,0xd6d5c94b4c6e27590d119c94a0ebc6595d02f11a
0x607Cf70d75A17facA9807DC859F1e40B54836183,622396777631894000000,30,0x3fb7a7aaf5bca21e51c5e0895703243d8ed63104
0x607Cf70d75A17facA9807DC859F1e40B54836183,5789040487561840000000,31,0xb69d7f30ba4cdbcbd6656b4fe3e079e0954d59b3
0x607Cf70d75A17facA9807DC859F1e40B54836183,400574572563626000000,32,0x0b473ea097339f4e4dc002a42b7a9430db0ba1aa
0x607Cf70d75A17facA9807DC859F1e40B54836183,945627722499010000000,33,0x12afc6451f21feddeb1f732d6baa02684c258d9c
0x607Cf70d75A17facA9807DC859F1e40B54836183,468924808338169000000000,34,0xa6d9a105163fc67a61f0a4d1d5c4032a1e51501b
0x607Cf70d75A17facA9807DC859F1e40B54836183,1873956156008400000000,35,0xcbfb60f6a39e9e5e79f48555de777b9aab19c99a
0x607Cf70d75A17facA9807DC859F1e40B54836183,2461300884482240000000,36,0x2d8fc37354796ef2500fe87b0593060251b8ba86
0x607Cf70d75A17facA9807DC859F1e40B54836183,98562539431818400000000,37,0xde698282e354705d609c0bc9067174160b3dd5e2
0x607Cf70d75A17facA9807DC859F1e40B54836183,2517158649024940000000,38,0x0861df2e9a325d084409e433c5f7ce874def0111
0x607Cf70d75A17facA9807DC859F1e40B54836183,683402558526059000000,39,0xd24107f89b246cdf0489483c16ab25094a233521
0x607Cf70d75A17facA9807DC859F1e40B54836183,363647906510093000000,40,0xff4b1c13a4f4eb28deb65d07b2a380849402a2a5
0x607Cf70d75A17facA9807DC859F1e40B54836183,36178638296286800000000,41,0x5aaacedf5a180e084d5ebac2e55ea484cf0d2780
0x607Cf70d75A17facA9807DC859F1e40B54836183,4716191036961170000000,42,0xba28b4bdabedef7a9154b16387e7c456cf8184a3
0x607Cf70d75A17facA9807DC859F1e40B54836183,24638599196297200000000,43,0x75fe3943a6c8866e1c41e1f35c74a9fb7a77b835
0x607Cf70d75A17facA9807DC859F1e40B54836183,19499015830213400000000,44,0x0f3c91dd4f416ab4d555da56bf83570cdcf796ac
0x607Cf70d75A17facA9807DC859F1e40B54836183,285166640386167000000,45,0x87ef4cdea43bc27fe3fa64e73c257a841cbc0381
0x607Cf70d75A17facA9807DC859F1e40B54836183,2530691997831950000000,46,0xd0b811b909affd5b7f3e1201d450da173796b7fb
0x607Cf70d75A17facA9807DC859F1e40B54836183,43903572194732100000000,47,0xa6e63f1f1305597171e093195a0e28de882da740
0x607Cf70d75A17facA9807DC859F1e40B54836183,54522787789291100000000,48,0x6ec7b4fec23015ed9daa8dbf0e3573da69e5d36e
0x607Cf70d75A17facA9807DC859F1e40B54836183,175633838999660000000000,49,0x9c1dcb699e6af3ae59b7219e5ea7fef6d9fcf9c3
0x607Cf70d75A17facA9807DC859F1e40B54836183,6031918920990250000000,50,0x81e63427b2336bca62555e655a66655e0dad4c67
0x607Cf70d75A17facA9807DC859F1e40B54836183,304108989130958000000000,51,0x15fd027a2488ef14da9ec9f8cbbff2cf2491620a
0x607Cf70d75A17facA9807DC859F1e40B54836183,1635203280966300000000,52,0xa745fb542476c053fb12b92a432494bbae685ec0
0x607Cf70d75A17facA9807DC859F1e40B54836183,122664666216665000000,53,0x0085d44ca01551495585fea5f92845121eb7337c
0x607Cf70d75A17facA9807DC859F1e40B54836183,3750000000000000000000,54,0x77884b7aeaccbf1b8a0c5a33e254391b9b49ea8e
0x607Cf70d75A17facA9807DC859F1e40B54836183,2093130396021360000000,55,0x05de7185d0a89c40ef6a4b684296debfd2e7bd0d
0x607Cf70d75A17facA9807DC859F1e40B54836183,153671180347030000000000,56,0x25d8a0d5708bca2130ccb0338e3d564d9827b07a
0x607Cf70d75A17facA9807DC859F1e40B54836183,14141884278015600000000,57,0x6375fb9311e409fcd134e7db885c3c4f59b096b8
0x607Cf70d75A17facA9807DC859F1e40B54836183,59862393177849700000000,58,0x0c9c3ba64072eb566b0e9a4b6bb0d7b204d68469
0x607Cf70d75A17facA9807DC859F1e40B54836183,145564775377735000000000,59,0x0028f13af6005beb678a14e9825cc5de784756a7
0x607Cf70d75A17facA9807DC859F1e40B54836183,14949649726209700000000,60,0x203dfaa7a2d1ff5185af9f20d7c34bc85d621ace
0x607Cf70d75A17facA9807DC859F1e40B54836183,178918550000000000000,61,0x05747f0b9472f2f347a5e8e60c174d31bc233680
0x607Cf70d75A17facA9807DC859F1e40B54836183,65193903810590800000000,62,0x31e5bcad42eb889f8a190cb4292922276959ed58
0x607Cf70d75A17facA9807DC859F1e40B54836183,138810825634526000000,63,0x4cc7ea3889364099f0462a4bb2ef8fa5f9d1ffd0
0x607Cf70d75A17facA9807DC859F1e40B54836183,1570920725277290000000,64,0x1e2d6f7995700d679122af822eb66c687dd589b9
0x607Cf70d75A17facA9807DC859F1e40B54836183,8362874609351450000000,65,0x5a3bc55fd22bac7ae8603d83baba5e91c3ffa462
0x607Cf70d75A17facA9807DC859F1e40B54836183,11238546448608000000000,66,0xeb86036b580a0f76894bd0a7af5723349813011d
0x607Cf70d75A17facA9807DC859F1e40B54836183,6599958249811550000000,67,0xa10c62f91299525046232197dc2ec016f1e9aaf2
0x607Cf70d75A17facA9807DC859F1e40B54836183,7209988946609510000000,68,0x2aa6b66ce9432a67953d1f37533cf0b05a5f6e08
0x607Cf70d75A17facA9807DC859F1e40B54836183,646328635905885000000,69,0x5f9c7447129fa10af4cb51e24be323abff1759e5
0x607Cf70d75A17facA9807DC859F1e40B54836183,619695431593831000000,70,0xbe836bf050418a7f3cbf54284d49daca491fe3a3
0x607Cf70d75A17facA9807DC859F1e40B54836183,2026553859250960000000,71,0xdfa2c28076ded3bf7c80957976a3bb7b6259496b
0x607Cf70d75A17facA9807DC859F1e40B54836183,1050282116702840000000,72,0x82c6c1a06c930ae645e655981ea1fa11c4aaae0f
0x607Cf70d75A17facA9807DC859F1e40B54836183,472651062294484000000,73,0x6572b4ea0865f71536dc34c12a6749a3993f8ba9
0x607Cf70d75A17facA9807DC859F1e40B54836183,2500000000000000000000,74,0xb351369223058deff43ec30d32086947e54a30e7
0x607Cf70d75A17facA9807DC859F1e40B54836183,2414119139127860000000,75,0x33340b0d083b0daa7d91b915bc9e4148b25ee96f
0x607Cf70d75A17facA9807DC859F1e40B54836183,31650708032880100000000,76,0x8271ede9e5deff03d6853eb82f3a148316d09aaf
0x607Cf70d75A17facA9807DC859F1e40B54836183,459781454856680000000,77,0x8b3160e519299c387b5624e457e9e02c73f62ebd
0x607Cf70d75A17facA9807DC859F1e40B54836183,2079832090448650000000,78,0x81c5bccc7d61b1cc0751c23927da1ceb38cd161a
0x607Cf70d75A17facA9807DC859F1e40B54836183,339000000000000000000,79,0x1a57ee63f38af9f1420d9a556f01736630976f20
0x607Cf70d75A17facA9807DC859F1e40B54836183,20354925341633500000000,80,0x9bd48e08e3444b30113812acd52458b35c33803a
0x607Cf70d75A17facA9807DC859F1e40B54836183,107639533806048000000000,81,0x7c9457a775015eee6e098cb1a4ba6cf9b0fdf3c0
0x607Cf70d75A17facA9807DC859F1e40B54836183,5357535156393460000000,82,0x4a395b0efc9907a195c81564c10a985c7e9f6a15
0x607Cf70d75A17facA9807DC859F1e40B54836183,19883771356904900000000,83,0x01b86aeebcd1ff94ac1195cfc8fd9e39db24db45
0x607Cf70d75A17facA9807DC859F1e40B54836183,76167903438703500000000,84,0x2d46c06f048a8a34b92dfe61ce8fe696eee6d31b
0x607Cf70d75A17facA9807DC859F1e40B54836183,2037768532424210000000,85,0x47ffa510e72734118e77027aaabd1672bedf9d4c
0x607Cf70d75A17facA9807DC859F1e40B54836183,3406059836014370000000,86,0x54532813cd5d224bbed1c011394daa138e3dcc47
0x607Cf70d75A17facA9807DC859F1e40B54836183,1909236924517380000000,87,0x0671aec56bc2e358448162677bd110d673cd2937
0x607Cf70d75A17facA9807DC859F1e40B54836183,241906282238642000000,88,0x71a556d5efd051ed77cd2057e09b31eb45b0d65e
0x607Cf70d75A17facA9807DC859F1e40B54836183,7314239302182010000000,89,0x7320b08b56953b9795fa7d50aecab533e7ec33cd
0x607Cf70d75A17facA9807DC859F1e40B54836183,411949576250685000000,90,0x20c285e69e1747564376022303988aed8afe1a4e
0x607Cf70d75A17facA9807DC859F1e40B54836183,1306040351525160000000,91,0xc9f0dbe892ca0b11a06e16115a466fbca6b1b76b
0x607Cf70d75A17facA9807DC859F1e40B54836183,73104125863339400000000,92,0x106bf19d7f44dfd1e4d41b0890e568ad7fb5e511
0x607Cf70d75A17facA9807DC859F1e40B54836183,317785687430173000000,93,0x46f617253122a988cb62ba12f83561f14fa8bd65
0x607Cf70d75A17facA9807DC859F1e40B54836183,73239799120777400000000,94,0xf3b8869c906f5c185084ab379de0c607f23f4747
0x607Cf70d75A17facA9807DC859F1e40B54836183,5281030302381810000000,95,0x70549a6eedde254e72a9adfa73d54ca0879ef8cf
0x607Cf70d75A17facA9807DC859F1e40B54836183,910230798426040000000,96,0xff1453d6877c3dcb6febd30a7bc706fb23a7dc19
0x607Cf70d75A17facA9807DC859F1e40B54836183,3787677803492750000000,97,0xa166d209e139e4c3885c1c8a84cb1e228b4e4274
0x607Cf70d75A17facA9807DC859F1e40B54836183,2996385627777460000000,98,0xf352063be1ddd2611ebb4a7af9ff95c61dc9692a
0x607Cf70d75A17facA9807DC859F1e40B54836183,167170541592110000000000,99,0x6ad32e2a06d3abec622910e39221b58597e218fc
0x607Cf70d75A17facA9807DC859F1e40B54836183,2923405274535400000000,100,0xf7f9ab8850078475632b76ded9917b3bfcd08818
0x607Cf70d75A17facA9807DC859F1e40B54836183,30049030479307600000000,101,0xb6ea1d497ce6a0308113ff9dac6ba4c7ebc931e4
0x607Cf70d75A17facA9807DC859F1e40B54836183,101174641819902000000,102,0x5eb838305942b93b143272657bc327dd1cd0ae65
0x607Cf70d75A17facA9807DC859F1e40B54836183,33406478121232100000000,103,0x9abeebbe3b9eaa8b2156e9989c86ac923ba10175
0x607Cf70d75A17facA9807DC859F1e40B54836183,13924167638779000000000,104,0xf7fa835cdaef18fdcdc845d4091fed0469776837
0x607Cf70d75A17facA9807DC859F1e40B54836183,59178100000000000000,105,0x3b5b4611085d527f991f0eebbd3c0adc5ce1e9ef
0x607Cf70d75A17facA9807DC859F1e40B54836183,113000000000000000000,106,0x72534b92c950b9d4739919bfd5facd81397178eb
0x607Cf70d75A17facA9807DC859F1e40B54836183,28086158877920500000000,107,0x3e448909fc3f9d1044dbef478482a5d1d064efe0
0x607Cf70d75A17facA9807DC859F1e40B54836183,1746149197759420000000,108,0x45c4224f1adbb8779478cd2f8c420c7f62698220
0x607Cf70d75A17facA9807DC859F1e40B54836183,11981624305691800000000,109,0x80fba1f1f11b7f4e2bbf0197da045fb82002c9da
0x607Cf70d75A17facA9807DC859F1e40B54836183,2627936555236500000000,110,0xdd6b62a1a893edd191609d18f35046017ca9d528
0x607Cf70d75A17facA9807DC859F1e40B54836183,3660797260443470000000,111,0x2a5cafd3d0d29eb528a377f7d6704103e26b0c0f
0x607Cf70d75A17facA9807DC859F1e40B54836183,337751816305348000000,112,0xb310e66dc463a595a5ced4935d4830235e0bd3cf
0x607Cf70d75A17facA9807DC859F1e40B54836183,4032624739440630000000,113,0xd2f1294d3899d52e68d4947601c85b161a260713
0x607Cf70d75A17facA9807DC859F1e40B54836183,169799124342268000000000,114,0x5951bbbcd6ffe9f599a83929f37d80a03b4d6260
0x607Cf70d75A17facA9807DC859F1e40B54836183,17421324298752200000000,115,0xd39ec0556b27bea894718c981470a15724278585
0x607Cf70d75A17facA9807DC859F1e40B54836183,293362339161894000000,116,0x0e997fb7e026e478eb1eb702ac68baddf1a4d0b2
0x607Cf70d75A17facA9807DC859F1e40B54836183,23746637610901900000000,117,0x325409632bccffac706d378a2eca57cafa21ab11
0x607Cf70d75A17facA9807DC859F1e40B54836183,1267814480493970000000,118,0x19f94ac4c01063f4c2c291c5f1e3e40b6866111b
0x607Cf70d75A17facA9807DC859F1e40B54836183,189094310686438000000,119,0xb04ec8614d0c1fe88717c96ac7c64963ccc1dab1
0x607Cf70d75A17facA9807DC859F1e40B54836183,2500000000000000000000,120,0x971740ed368934875f1890898d5ffc10ea99fa43
0x607Cf70d75A17facA9807DC859F1e40B54836183,701856436527386000000,121,0x5b283f61308a17b3ab4ef17801887718e59700b1
0x607Cf70d75A17facA9807DC859F1e40B54836183,7825000000000000000000,122,0xa7eef766b1f3f3d31a0c7c6ebd0b3f31e9a87634
0x607Cf70d75A17facA9807DC859F1e40B54836183,198556892443057000000,123,0x256ea4c0fb6c8840ea26357b09c98351cc2861f3
0x607Cf70d75A17facA9807DC859F1e40B54836183,1683967624357880000000,124,0x7d4a090fed6ac99348fa95abc228cd28f2949fea
0x607Cf70d75A17facA9807DC859F1e40B54836183,5313190740072880000000,125,0x8c232730623037c0e11c9f83884182ba17f27f21
0x607Cf70d75A17facA9807DC859F1e40B54836183,9984950543219650000000,126,0x1d08568e9e044b384d1e1662ef55e4dd2e16c39f
0x607Cf70d75A17facA9807DC859F1e40B54836183,2060054395616230000000,127,0xdc4a9fd8f506631940a23724becedb562584ddae
0x607Cf70d75A17facA9807DC859F1e40B54836183,714241367905932000000,128,0x494961be42776bbbaedd81714ca5010fa3e79b1a
0x607Cf70d75A17facA9807DC859F1e40B54836183,6771183019410060000000,129,0xba9cf060c5bfb19bcef56e230ae8c21fb2047f1d
0x607Cf70d75A17facA9807DC859F1e40B54836183,2500000000000000000000,130,0x6d07fa7b60cce5b70cd01842310462783b00b770
0x607Cf70d75A17facA9807DC859F1e40B54836183,2469945100834640000000,131,0xe678adbdac31443bdec06003cb23995f8841aa6c
0x607Cf70d75A17facA9807DC859F1e40B54836183,204460506365718000000,132,0x413feac7b3de32b29cd4c0b2464a644e4911e869
0x607Cf70d75A17facA9807DC859F1e40B54836183,33234831292934000000000,133,0x068308c1e42cb29bf0a7114a400d530c0eb59f7f
0x607Cf70d75A17facA9807DC859F1e40B54836183,31386679782134000000000,134,0x4b5d297614ec43385775570dacf12d1b238e046d
0x607Cf70d75A17facA9807DC859F1e40B54836183,531100000000000000000,135,0xe012b2132e6a6819c617e225ca083296992accc3
0x607Cf70d75A17facA9807DC859F1e40B54836183,531100000000000000000,136,0xeb0ff53700225fff045dfd2a574e28672f1d9e81
0x607Cf70d75A17facA9807DC859F1e40B54836183,1190756369567950000000,137,0x4610ecb3e80cc038609a2f6d87f3c5df4ce23831
0x607Cf70d75A17facA9807DC859F1e40B54836183,1184903752186630000000,138,0xea36b82373cfe68b57ea68db47183de3630c8574
0x607Cf70d75A17facA9807DC859F1e40B54836183,4043965610924810000000,139,0x5ed17e8eb9f7079bb2599cdae5156b28fcee97d7
0x607Cf70d75A17facA9807DC859F1e40B54836183,192211986409888000000,140,0xf2d10b80f3e07a7a7bbdcfafb854c0074694fd18
0x607Cf70d75A17facA9807DC859F1e40B54836183,5192383486940420000000,141,0x1b47539ad5ae28d095c9521f8ff8a66a17f184ab
0x607Cf70d75A17facA9807DC859F1e40B54836183,145015130279644000000,142,0xbb1110454acd8d188bae6b2d05fb468dad2953f6
0x607Cf70d75A17facA9807DC859F1e40B54836183,333793315250586000000000,143,0x66f91039549108e595a3936ac634f57f7558ddd9
0x607Cf70d75A17facA9807DC859F1e40B54836183,290481435253844000000,144,0x88ef8ca9580b7218d17eaa2daff6338d725b5c54
0x607Cf70d75A17facA9807DC859F1e40B54836183,2500000000000000000000,145,0xecb8e55cd5d1a011d443abb223ea46f64cb3abdc
0x607Cf70d75A17facA9807DC859F1e40B54836183,2323405459146370000000,146,0x2c59900b9442b7a865f93219c04f553a0d7bd003
0x607Cf70d75A17facA9807DC859F1e40B54836183,12398900318879000000,147,0x7df618c193bffd172b2194a0b66f1c726f069d1e
0x607Cf70d75A17facA9807DC859F1e40B54836183,1305557572586140000000,148,0x9a9a7b53856f679dc7823409127623daa0b7a973
0x607Cf70d75A17facA9807DC859F1e40B54836183,4766180286197570000000,149,0xc9ff9bb3ecd8c9dd09f72096db38bbea03d86624
0x607Cf70d75A17facA9807DC859F1e40B54836183,80887063622451400000000,150,0x0e8d670d40f8784c7ebb1f1a67902a6086f5f87c
0x607Cf70d75A17facA9807DC859F1e40B54836183,206973849036512000000,151,0x1bd80e642c259a38fd062ede004ee8e2e9835b91
0x607Cf70d75A17facA9807DC859F1e40B54836183,212581789606609000000000,152,0x560d03f2b20e9047714fea87cc113d95a3fc7179
0x607Cf70d75A17facA9807DC859F1e40B54836183,21470000000000000000,153,0xf4605a6a0fc095099b9aaf7ffa37c0f5e5c41434
0x607Cf70d75A17facA9807DC859F1e40B54836183,2509021710535140000000,154,0xd0a4f1be6ea0aedde2d7bea62925cba7ea10648e
0x607Cf70d75A17facA9807DC859F1e40B54836183,283957460352538000000,155,0x5279e55f5587814af72c91355d416ebf72dd72b4
0x607Cf70d75A17facA9807DC859F1e40B54836183,5166854273143040000000,156,0x10444014ba4831fa355bc57b2d30a383baa11285
0x607Cf70d75A17facA9807DC859F1e40B54836183,508624472541734000000,157,0xb7ebc5670e5f9cf5313d577a587d2bf3fed030e1
0x607Cf70d75A17facA9807DC859F1e40B54836183,620196879732499000000,158,0x5f6388f02804d8b6c0cfd376bd7fb68224666d41
0x607Cf70d75A17facA9807DC859F1e40B54836183,398383289512082000000000,159,0xc6cd72c56d94792fec8aefc492b185ab68dd9a21
0x607Cf70d75A17facA9807DC859F1e40B54836183,2558755940757120000000,160,0x7b44e63635f86d6eaf961c554bc4552e8e9d7888
0x607Cf70d75A17facA9807DC859F1e40B54836183,264501389452207000000,161,0x9118711e7f33d7b12a82b0e1104730f93e551c80
0x607Cf70d75A17facA9807DC859F1e40B54836183,1738655141851350000000,162,0x883f2017d51e1563f7eb751a2adf3750e2c7edad
0x607Cf70d75A17facA9807DC859F1e40B54836183,10901710432326400000000,163,0xa4c824dee616cd972987d540737237bde1d8ef6e
0x607Cf70d75A17facA9807DC859F1e40B54836183,3758994238380380000000,164,0xd423b323caea2b09c5131529ea8a6fa700490114
0x607Cf70d75A17facA9807DC859F1e40B54836183,1194196738041280000000,165,0x7a0e830a3d349c205957840e91d644b51d031830
0x607Cf70d75A17facA9807DC859F1e40B54836183,267869690277036000000000,166,0x60fb4b046b07ce529fb93598286339873d26dd0c
0x607Cf70d75A17facA9807DC859F1e40B54836183,440462700000000000000,167,0x24025a7e3591721390932057f872ba9922379877
0x607Cf70d75A17facA9807DC859F1e40B54836183,999407827614116000000,168,0x104d3ac57712a780666370a122152ec6265e8c59
0x607Cf70d75A17facA9807DC859F1e40B54836183,9206323140105120000000,169,0x61c00c2127b958df33e992185e476078e6c4ba8f
0x607Cf70d75A17facA9807DC859F1e40B54836183,351524720636363000000000,170,0x825736e7336232cc595c345d049474226fdd154e
0x607Cf70d75A17facA9807DC859F1e40B54836183,19981684002607000000000,171,0xa85bd394c93a689b37c76abb444d65039bda3bf8
0x607Cf70d75A17facA9807DC859F1e40B54836183,1731520468293640000000,172,0x7a4de1c1aefcdf9b58edf91ca490b383929344fa
0x607Cf70d75A17facA9807DC859F1e40B54836183,16621465885621300000000,173,0xf7dd33f4ab790059b9ce53f00f8f14f39e10657b
0x607Cf70d75A17facA9807DC859F1e40B54836183,503027390685588000000,174,0x67d3a0942eccb380f2277a5b6158309e7a6963c0
0x607Cf70d75A17facA9807DC859F1e40B54836183,15821508656495400000000,175,0xa62064b45e4701b191bf2f9afa6d9ea77b5e8204
0x607Cf70d75A17facA9807DC859F1e40B54836183,156606700000000000000,176,0x776268f7a98d7c04e67b797135ae129f8ed866ae
0x607Cf70d75A17facA9807DC859F1e40B54836183,9000000000000000000000,177,0x14a6e7c49a89e6e90449b8e59ad97dd8e0ce8881
0x607Cf70d75A17facA9807DC859F1e40B54836183,8348021623974450000000,178,0x2a0c21e4dde9411c6fef20e8d34afafd4addc4aa
0x607Cf70d75A17facA9807DC859F1e40B54836183,26968424296276000000000,179,0x78192828bdda122034de3c83a087412f9a1c464a
0x607Cf70d75A17facA9807DC859F1e40B54836183,2294788784942450000000,180,0x21584de00bf9a041ed0eeed10a353d86381d85a9
0x607Cf70d75A17facA9807DC859F1e40B54836183,15798189430110000000000,181,0x5ddc115223b000e1c3830fd6481178f185a69e03
0x607Cf70d75A17facA9807DC859F1e40B54836183,6429915703620970000000,182,0xdfedc27aec3122628787e65972d04d4c151273f9
0x607Cf70d75A17facA9807DC859F1e40B54836183,4544289644123750000000,183,0xba777a22b482e51d65fadaf9a8a4473d588cf43b
0x607Cf70d75A17facA9807DC859F1e40B54836183,6571090450367420000000,184,0xc6d17a64193ac172b8cd0d6dd0e66331669af894
0x607Cf70d75A17facA9807DC859F1e40B54836183,806748780487112000000,185,0xf6d0ac9629ec7a86e1eaa739d558a5ab965d0f78
0x607Cf70d75A17facA9807DC859F1e40B54836183,5918729715294430000000,186,0xa2c10b4c19b1f5c285f25531ebce8eeb0158d079
0x607Cf70d75A17facA9807DC859F1e40B54836183,2717984181062680000000,187,0x1b0ad0554a151c350481852e02e9a76a171743b6
0x607Cf70d75A17facA9807DC859F1e40B54836183,239483938486587000000,188,0xe8e38b3913df120a07ae7d669e7dcc2f11025c31
0x607Cf70d75A17facA9807DC859F1e40B54836183,23089598352635000000000,189,0x0e48e4411ba537a3fda2d3c439d14cb121a2c80d
0x607Cf70d75A17facA9807DC859F1e40B54836183,93462704560293000000000,190,0x755ce5f31617ded6e41d15cc51d8ff642ce10e9d
0x607Cf70d75A17facA9807DC859F1e40B54836183,3117102635484450000000,191,0xc87d3b013b45deaf38010aa23d9a3c5cf8a9b098
0x607Cf70d75A17facA9807DC859F1e40B54836183,3317643193970840000000,192,0x30044b7c080a6e456386d5b9c370dc7c259ae2cd
0x607Cf70d75A17facA9807DC859F1e40B54836183,190186222387077000000000,193,0x92b39b14aa07c309317ea0c1d5a76b2808ef0ae4
0x607Cf70d75A17facA9807DC859F1e40B54836183,4034506364249400000000,194,0xc39be3e63cbbaab9d2ebcf7be8acbd1e40bc29a5
0x607Cf70d75A17facA9807DC859F1e40B54836183,2346582706048910000000,195,0xfaf9121c9ccd31aa519d2c5d39665d5d406121b0
0x607Cf70d75A17facA9807DC859F1e40B54836183,951166658207697000000000,196,0xaccb019890bf879d19f5aab1db068057e4cea0f4
0x607Cf70d75A17facA9807DC859F1e40B54836183,4569297422861860000000,197,0xa294ae96d616d7921b0e7c9cf5deda7bd051234c
0x607Cf70d75A17facA9807DC859F1e40B54836183,251181959284481000000,198,0x3462943f79dce59770faf5fd087ee0e77545dc33
0x607Cf70d75A17facA9807DC859F1e40B54836183,2511425000000000000000,199,0x6bcaac99abc8f7befd45b495ea284a4995ba76dc
0x607Cf70d75A17facA9807DC859F1e40B54836183,4201555378248360000000,200,0x037215c683cdf72b93f327c60245b0cabcf59acf
0x607Cf70d75A17facA9807DC859F1e40B54836183,8067603633329660000000,201,0x668808043b073d8e42ce450063756af594824bf3
0x607Cf70d75A17facA9807DC859F1e40B54836183,3525246249402590000000,202,0x62f84f58091c6a0484807a1b7450da324d583e09
0x607Cf70d75A17facA9807DC859F1e40B54836183,2835547329610590000000,203,0xc3d9cad1b5233cb4261b27dfcd68bd9af8ff0191
0x607Cf70d75A17facA9807DC859F1e40B54836183,459182227622353000000,204,0x67f08a674fa559445125d10b02378dc7ae6a44cb
0x607Cf70d75A17facA9807DC859F1e40B54836183,4083867705820650000000,205,0x8851623d6712b2daecd8a48d84f1b5c2ec9dbbb7
0x607Cf70d75A17facA9807DC859F1e40B54836183,62822587988099100000000,206,0x44bd6fd314dd5aae5100f7a9932575207fbc3bd2
0x607Cf70d75A17facA9807DC859F1e40B54836183,3951625408023930000000,207,0xba1384d2b8985180dca2b40bb1c547fe7eb65bff
0x607Cf70d75A17facA9807DC859F1e40B54836183,877088028585542000000,208,0x714ebcb602a96e12af74a1d6aa4305c32f1ca8da
0x607Cf70d75A17facA9807DC859F1e40B54836183,4074837395040300000000,209,0x5aaa71312455676861cf8ad1ead215cbd274c50b
0x607Cf70d75A17facA9807DC859F1e40B54836183,4067908264224800000000,210,0xa17d339a13f0d7f5e4960c0726b3cb56f26c2790
0x607Cf70d75A17facA9807DC859F1e40B54836183,4012015221191410000000,211,0x4ba1baa896b240486fa8986e036c67da8058670a
0x607Cf70d75A17facA9807DC859F1e40B54836183,4250888974238520000000,212,0x40266767654758fd94c71c5cc799b100a2247066
0x607Cf70d75A17facA9807DC859F1e40B54836183,4560116091386660000000,213,0x104040c2a567e425a81a883832cb3d05383a6c3c
0x607Cf70d75A17facA9807DC859F1e40B54836183,5844943206242610000000,214,0x2eed1de354d1853ebd5ad40f6ebf7d95a81daa20
0x607Cf70d75A17facA9807DC859F1e40B54836183,4538714833453310000000,215,0xaadf6679401647581ce52cfdf1277567b868b522
0x607Cf70d75A17facA9807DC859F1e40B54836183,33541875025840000000000,216,0x4ff751eb0ab9568a058f89cdb5eca09ed5f5e04d
0x607Cf70d75A17facA9807DC859F1e40B54836183,395500000000000000000,217,0x6e4f9394e93a91c622aac8821a6c2cf8dc02ec78
0x607Cf70d75A17facA9807DC859F1e40B54836183,6523489669073290000000,218,0x18e78acc521939e26b7d1592a9f535efd711b789
0x607Cf70d75A17facA9807DC859F1e40B54836183,2438229523341890000000,219,0x68b6c1d3cdf519171402e09356fbf7b9a6cc8752
0x607Cf70d75A17facA9807DC859F1e40B54836183,6730495448093220000000,220,0x234784032db05f1964430623be7ece26fa6889ce
0x607Cf70d75A17facA9807DC859F1e40B54836183,4177748956418970000000,221,0x0bdf5920f4a61d32eb5b85997ad68be04a6582c8
0x607Cf70d75A17facA9807DC859F1e40B54836183,898350000000000000000,222,0x819949c31dafbe357aa2fe7392d7f2656d0c5c89
0x607Cf70d75A17facA9807DC859F1e40B54836183,5317051211976750000000,223,0xcf24f9db11d7cf69b1f6f438c1a5b576456f6df2
0x607Cf70d75A17facA9807DC859F1e40B54836183,7993356333383300000000,224,0x4f80feb704498052fd6743eff287cf238622672b
0x607Cf70d75A17facA9807DC859F1e40B54836183,417154531497768000000000,225,0x54b325783095132a996027a622a5b4cadc8be876
0x607Cf70d75A17facA9807DC859F1e40B54836183,2500000000000000000000,226,0xff1882511a5673194b252c35f2530562f74f47e4
0x607Cf70d75A17facA9807DC859F1e40B54836183,19009338985558800000000,227,0x224377df89271fb881fd53f1fb64c709f0b3086c
0x607Cf70d75A17facA9807DC859F1e40B54836183,65173099486135200000000,228,0x7911fa8d5bfce62ef68b714d5b51a65a5732b101
0x607Cf70d75A17facA9807DC859F1e40B54836183,1603174169991910000000,229,0x8e441287171988c211996bcaf20b26dc40218b0d
0x607Cf70d75A17facA9807DC859F1e40B54836183,2500000000000000000000,230,0x05cdb88b63e609c0fd52a6a9d346b5698ff6f711
0x607Cf70d75A17facA9807DC859F1e40B54836183,2501130000000000000000,231,0xd60bb1dad4ed8df7e34ca61d3a9c37768da070ba
0x607Cf70d75A17facA9807DC859F1e40B54836183,2500000000000000000000,232,0x5d2ca9c220f66a5f181e53bac510fe1e1a0ba268
0x607Cf70d75A17facA9807DC859F1e40B54836183,3321510000000000000000,233,0x71add64adbb965bafd01437295968502eb61145e
0x607Cf70d75A17facA9807DC859F1e40B54836183,2318317040000000000000,234,0x916e316e270f0ccfe1f5c73f96b77838a2c890c9
0x607Cf70d75A17facA9807DC859F1e40B54836183,5616497707329530000000,235,0xed50c2f2b42b9888b0ad80a4b7750159b61f4a5f
0x607Cf70d75A17facA9807DC859F1e40B54836183,2500000000000000000000,236,0x2b794662176cce58a59c929d80c70d460047d08c
0x607Cf70d75A17facA9807DC859F1e40B54836183,4512285941799350000000,237,0x19799f272574079a8dd591c13f7aed0d2f7aa011
0x607Cf70d75A17facA9807DC859F1e40B54836183,6555233659124170000000,238,0x44f735d776aafe97820ac7796d547336d1563335
0x607Cf70d75A17facA9807DC859F1e40B54836183,1830600000000000000000,239,0x0ef696b2da7e7c6a3113681ce57344b66bbcf559
0x607Cf70d75A17facA9807DC859F1e40B54836183,108897269630219000000000,240,0x3d84cbb9a498cfa03b6a012ff5ee30239a5689e2
0x607Cf70d75A17facA9807DC859F1e40B54836183,824914760959932000000,241,0x230c2ec2914ccca9bc654d9824aa9d144247b27a
0x607Cf70d75A17facA9807DC859F1e40B54836183,14394497744699300000000,242,0xc9c06e8218efab67730dc4c3a1876563a36991c2
0x607Cf70d75A17facA9807DC859F1e40B54836183,2322031486808540000000,243,0x54f20208d5c44337e46ff23411c1ed6025be284e
0x607Cf70d75A17facA9807DC859F1e40B54836183,79521531665587600000000,244,0xcd7d70bb7034102ee0c828fbb83776e0137dea8d
0x607Cf70d75A17facA9807DC859F1e40B54836183,3853336701034930000000,245,0x3f13fcf31d1ed321e91ebdbd74b4e815f7130b73
0x607Cf70d75A17facA9807DC859F1e40B54836183,1808000000000000000000,246,0xe9851b0d4a88865ca6af971a42eec2f55f1a9691
0x607Cf70d75A17facA9807DC859F1e40B54836183,170327784104784000000000,247,0x99afc0f1d580f5baccfe9d4f864a1f34aaf192ed
0x607Cf70d75A17facA9807DC859F1e40B54836183,2500000000000000000000,248,0x9d0442c647d42c09f18a46ac0f4337889a16f749
0x607Cf70d75A17facA9807DC859F1e40B54836183,2500000000000000000000,249,0xc6571c2fb66825f13b7751b1c334810d397618eb
0x607Cf70d75A17facA9807DC859F1e40B54836183,8974507448989040000000,250,0x18a031539a43860f83cb5fd9ed6c5f4368d0fb5d
0x607Cf70d75A17facA9807DC859F1e40B54836183,2500000000000000000000,251,0x8b59947bcfd847f623a90a58e89e45bd814c87ba
0x607Cf70d75A17facA9807DC859F1e40B54836183,861441188729116000000,252,0xe391bc78f648bf1b99e88593a3497e00b4192959
0x607Cf70d75A17facA9807DC859F1e40B54836183,86851617560822000000,253,0x73f7cbe1cdd6b7be50502b451e6ea56fdf0f7b91
0x607Cf70d75A17facA9807DC859F1e40B54836183,20375891265131400000000,254,0xde1d5bd2c0520fbaa844be002a646c657a39f66a
0x607Cf70d75A17facA9807DC859F1e40B54836183,15827172897084100000000,255,0xa12eec92d8c155c8ea9159cb87da4e062bf9992d
0x607Cf70d75A17facA9807DC859F1e40B54836183,2500000000000000000000,256,0xeeda7f71df5a589a9b8c5794aa3d28d66a4ee672
0x607Cf70d75A17facA9807DC859F1e40B54836183,2500000000000000000000,257,0xc45ae31e112605ecc9d083ed4eb27779a46b1117
0x607Cf70d75A17facA9807DC859F1e40B54836183,2500004490627230000000,258,0x662d18647c9970510e734611349ebd928bb331c7
0x607Cf70d75A17facA9807DC859F1e40B54836183,2500000000000000000000,259,0xa1d5e9cb4f6a09fcf8b938435b0de63270c67537
0x607Cf70d75A17facA9807DC859F1e40B54836183,1540274585158430000000,260,0xf86981839c942020f907d40a5b9eea7279f9b7c3
0x607Cf70d75A17facA9807DC859F1e40B54836183,12500000000000000000000,261,0x765e9af7210c2d120096ce5b5709e8060b710474
0x607Cf70d75A17facA9807DC859F1e40B54836183,74984861783752600000000,262,0x7f519a1051a8e091e3bef874a1b6b50d9b8295f0
0x607Cf70d75A17facA9807DC859F1e40B54836183,9404009395210630000000,263,0xae821dd30d5e02d0e14fa443dd84f90a51b05030
0x607Cf70d75A17facA9807DC859F1e40B54836183,886698875350295000000,264,0x52bd084ed2258bba6500da2a0a40a2812d0ac7a2
0x607Cf70d75A17facA9807DC859F1e40B54836183,113000000000000000000,265,0x8abb2b1ebc7779a95e2d493e5e1fcff1a3ca5a51
0x607Cf70d75A17facA9807DC859F1e40B54836183,57604372654919700000000,266,0x1bfb00d16514560bb95d4312fdd39553395077af
0x607Cf70d75A17facA9807DC859F1e40B54836183,4766530391479770000000,267,0xabd263d64781a01fe3d9b17f12fc95f6fccb2943
0x607Cf70d75A17facA9807DC859F1e40B54836183,1861949213030190000000,268,0x2021aff1135fbc831e71d84f60603cdffaabbb18
0x607Cf70d75A17facA9807DC859F1e40B54836183,5966674979179680000000,269,0x9b3426690374e24d5ee89ab9989e921d51588e89
0x607Cf70d75A17facA9807DC859F1e40B54836183,268262623955071000000000,270,0x8efea4475ded9a1b41f862cbfc9956a428507315
0x607Cf70d75A17facA9807DC859F1e40B54836183,84436192051176100000000,271,0x886b629f5beb4654701f6432137df3e56264bd31
0x607Cf70d75A17facA9807DC859F1e40B54836183,29337714780886500000000,272,0x5ac8fb76db775a06be1b75878b7a40c0cca4694f
0x607Cf70d75A17facA9807DC859F1e40B54836183,20172668260842900000000,273,0x23ba19d94fd1f9bab95823cda2169d3d6e3c2086
0x607Cf70d75A17facA9807DC859F1e40B54836183,591366666666663000000,274,0x9ebd57862d98a5c7567a179fc7e53ff7176a0bc9
0x607Cf70d75A17facA9807DC859F1e40B54836183,368591255712443000000000,275,0x2b4e19f8d24b33937ddf3210a81d6aea54402e2d
0x607Cf70d75A17facA9807DC859F1e40B54836183,2181281664818110000000,276,0x8eda0bd868eb10604e9f773edb8fb0cf25c8a3d6
0x607Cf70d75A17facA9807DC859F1e40B54836183,22442600294244000000000,277,0x75f2d6790159a878045462d01de7115425cc2898
0x607Cf70d75A17facA9807DC859F1e40B54836183,23112644884223100000000,278,0x1319d571fa92bcf6ed9b6954dfc485a3505eae36
0x607Cf70d75A17facA9807DC859F1e40B54836183,233039937829010000000,279,0x8058a5062205d631f7c9ae042ab435012d411484
0x607Cf70d75A17facA9807DC859F1e40B54836183,3635012425055530000000,280,0x6a165d814e92989b6d3a1368a51d8a9b303d204d
0x607Cf70d75A17facA9807DC859F1e40B54836183,3318120000000000000000,281,0x9cab916493d31d1114a1d4f9a497aa886c1506e9
0x607Cf70d75A17facA9807DC859F1e40B54836183,122175600000000000000,282,0x8653dee340096c801aa43cd763998bc7ce38d63f
0x607Cf70d75A17facA9807DC859F1e40B54836183,1126237100000000000000,283,0xda0e07866f6ab48572d1e17fb0608810f0b1b48b
0x607Cf70d75A17facA9807DC859F1e40B54836183,11300000000000000000,284,0x7ca355f576fddfdc73dfe3379410636579685b4d
0x607Cf70d75A17facA9807DC859F1e40B54836183,787218945900442000000,285,0xd5e124ad5d77c836a1b28c8f941cb050b857ab31
0x607Cf70d75A17facA9807DC859F1e40B54836183,7344673860284070000000,286,0x0f638c2cc65d72c1aecd056d1fda2918126fbdfe
0x607Cf70d75A17facA9807DC859F1e40B54836183,666700000000000000000,287,0xe97047f83589719791d6da5d016ecbd129bd2fcc
0x607Cf70d75A17facA9807DC859F1e40B54836183,354682817875361000000,288,0xd0d1b2def7204152088982494a0b6461d7c27a8a
0x607Cf70d75A17facA9807DC859F1e40B54836183,4159309109299920000000,289,0x869d7b9ca8b385dbd76929e4baaea302cfc45b56
0x607Cf70d75A17facA9807DC859F1e40B54836183,3319250000000000000000,290,0xf8926a177273202755f9fa930c96285e612375ac
0x607Cf70d75A17facA9807DC859F1e40B54836183,4179572395009990000000,291,0x3fb0cdb134bdfe1d80da4bf305d57019c18ec8cb
0x607Cf70d75A17facA9807DC859F1e40B54836183,4132340988463650000000000,292,0x771e326008a72af5aed672d21139f41563fcfd79
0x607Cf70d75A17facA9807DC859F1e40B54836183,29033703993630900000000,293,0x7b362ab92c2eafb0b7fa28818f5ee65af7711720
0x607Cf70d75A17facA9807DC859F1e40B54836183,95458503796515100000000,294,0x25bf2711bcb147b31bf3753f32c6a89a688b3518
0x607Cf70d75A17facA9807DC859F1e40B54836183,4666482807245470000000,295,0x9744bccd69d5b574195628114b82081a4dacb5aa
0x607Cf70d75A17facA9807DC859F1e40B54836183,96175510920951800000000,296,0xfb0c1380b2917f8c1072b49d69873445abe2e34a
0x607Cf70d75A17facA9807DC859F1e40B54836183,1142759735553520000000,297,0x9234a405b420a746eaa6631f80c8df3c86629505
0x607Cf70d75A17facA9807DC859F1e40B54836183,6298711281300220000000,298,0xa75efeff59b9cdb0b1abf6e58c3fa024ed7661a2
0x607Cf70d75A17facA9807DC859F1e40B54836183,95359775949874100000000,299,0x5e160708a5abe101049a1f5f1e85b2f9ac16c05e
0x607Cf70d75A17facA9807DC859F1e40B54836183,2809554673790760000000,300,0xf9f1650ad2c9b4a96e8bac5eef25d1b0dbe2b691
0x607Cf70d75A17facA9807DC859F1e40B54836183,8861895050000000000000,301,0x42d8b35f9eaa5d21cbaa498c342757205cdd72b7
0x607Cf70d75A17facA9807DC859F1e40B54836183,1646171776120990000000,302,0x7eba274d01c609959afd6ea8005cd695b3a62b18
0x607Cf70d75A17facA9807DC859F1e40B54836183,408697936405183000000,303,0x3e40de5c19627d5f354f40a34c6c7c1eb33df01c
0x607Cf70d75A17facA9807DC859F1e40B54836183,94694759662117300000000,304,0x493409704ec5e2ed28fdad4f48638532228ac693
0x607Cf70d75A17facA9807DC859F1e40B54836183,10844553500000000000000,305,0xc6003171b9c32426d743a6911e36207d14ad3c17
0x607Cf70d75A17facA9807DC859F1e40B54836183,292330949024909000000,306,0xc6179d33238b7af15a98cc90670842cdcb37e50a
0x607Cf70d75A17facA9807DC859F1e40B54836183,1684422507339250000000,307,0x54841daf4b65308f9931e68e537be53de36dda59
0x607Cf70d75A17facA9807DC859F1e40B54836183,318003866594405000000,308,0xec712ce410df07c9a5a38954d1a85520410b8b83
0x607Cf70d75A17facA9807DC859F1e40B54836183,53110000000000000000,309,0x7562901cb12e98c7d0a50f3ce756134329fd90fa
0x607Cf70d75A17facA9807DC859F1e40B54836183,247368309440020000000,310,0xdb1f202d688e7efc426328cd4efa0d4f34a9191a
0x607Cf70d75A17facA9807DC859F1e40B54836183,19967932341197700000000,311,0xe1452baea1efb49489cf642021c86480965c9e03
0x607Cf70d75A17facA9807DC859F1e40B54836183,251827314723797000000000,312,0x982dd304cf5d140b5c1673999ccb4e69dc1e7e53
0x607Cf70d75A17facA9807DC859F1e40B54836183,29869186930402200000000,313,0x85312d6a50928f3ffc7a192444601e6e04a428a2
0x607Cf70d75A17facA9807DC859F1e40B54836183,1314258695073000000000,314,0xf1cc2f3047cd31edad0b35de19b45830d2a4e281
0x607Cf70d75A17facA9807DC859F1e40B54836183,2357473629681300000000,315,0x07023c87471184ea2e837037ed6778999173276a
0x607Cf70d75A17facA9807DC859F1e40B54836183,320106749563127000000,316,0x8d913539a777b13d82ecf6b97f25e1564355b9f6
0x607Cf70d75A17facA9807DC859F1e40B54836183,8235953696251040000000,317,0x2404d0170536a843d7fd024c10a4059ee4293915
0x607Cf70d75A17facA9807DC859F1e40B54836183,6160722426286380000000,318,0xc0b961945c5832253c70bc346683f3be3f566376
0x607Cf70d75A17facA9807DC859F1e40B54836183,32382068788974300000000,319,0x29dfa3b040a65ee3fc0da515343c18cdd49c635f
0x607Cf70d75A17facA9807DC859F1e40B54836183,3512588255720910000000,320,0x8343860e53cbc64b4f232b0a336dcf953b2eccca
0x607Cf70d75A17facA9807DC859F1e40B54836183,407838430555768000000,321,0xcb6eac76e563d0007b3514ba1e4221b1e2b810f4
0x607Cf70d75A17facA9807DC859F1e40B54836183,61306058794809000000000,322,0xeb057c509cf30cc45b0f52c8e507ac3cf8e78777
0x607Cf70d75A17facA9807DC859F1e40B54836183,479609008156191000000,323,0x0ddea4e685f6320a4e89f57216ca5c6a4bf16bad
0x607Cf70d75A17facA9807DC859F1e40B54836183,51709757189486500000000,324,0x94440b86b05458f07e58cda1db6891e099f109f3
0x607Cf70d75A17facA9807DC859F1e40B54836183,16131822654744400000000,325,0xc8e3ea98a439f57851d04240c96683c3eec7deef
0x607Cf70d75A17facA9807DC859F1e40B54836183,139694428459549000000,326,0xab9c304d0be3588e20ed794d01390501cdf35434
0x607Cf70d75A17facA9807DC859F1e40B54836183,14027246022771500000,327,0x0ef27f6ee5290b4d38868bc3efd9aa09662c6d25
0x607Cf70d75A17facA9807DC859F1e40B54836183,1223494675774190000000,328,0x90682ab7de70165dc4d4347f20278417461db1c4
0x607Cf70d75A17facA9807DC859F1e40B54836183,19872031824928800000000,329,0x9f8df9a4f490aa987fda9d7c549c97e9d6095ab4
0x607Cf70d75A17facA9807DC859F1e40B54836183,38293620110952400000000,330,0x78dc87dd50d82ad55c39ebabadacb10696bef96b
0x607Cf70d75A17facA9807DC859F1e40B54836183,31628784078610900000000,331,0xcfa4fc9b13e58c907425122c9dde2cfd6e6bb12a
0x607Cf70d75A17facA9807DC859F1e40B54836183,15274613773584100000000,332,0xe36f3c32d9791cb67e21a6af651432c875967ab6
0x607Cf70d75A17facA9807DC859F1e40B54836183,13138664761753700000000,333,0x0333f6c7b94c154f8c3d8f89cc34523103aab704
0x607Cf70d75A17facA9807DC859F1e40B54836183,14654770476278500000000,334,0xdcff443d0b70884680549e35c6d2ed75789d90f4
0x607Cf70d75A17facA9807DC859F1e40B54836183,39817490785432100000000,335,0x57a98596b5f7396c72a30d66d3ece70dccb46acb
0x607Cf70d75A17facA9807DC859F1e40B54836183,8821102261828350000000,336,0xe4c518dc76aaf80be0a3c13020d1437cfb9fdfbb
0x607Cf70d75A17facA9807DC859F1e40B54836183,2034242217208100000000,337,0x08d545c5c8fb179e136141146bf4562e3db1c6ed
0x607Cf70d75A17facA9807DC859F1e40B54836183,37991448904753600000000,338,0x2d674857986b5c052ca1cb07b1d2ebf304e2ac5c
0x607Cf70d75A17facA9807DC859F1e40B54836183,436478769925885000000,339,0x543a986585d42b10aa4c76c930c68ef8b61807f2
0x607Cf70d75A17facA9807DC859F1e40B54836183,3359775129699640000000,340,0xe18067c9ef5985b1716b14311aa57a7de166ce43
0x607Cf70d75A17facA9807DC859F1e40B54836183,16780001305292900000000,341,0x68820e5cdbdbb1cb131151dbb203d4fef563fa4d
0x607Cf70d75A17facA9807DC859F1e40B54836183,3400612885797510000000,342,0xee50c3c7b7cb0ea0aae889219121534f976e4974
0x607Cf70d75A17facA9807DC859F1e40B54836183,30283805970992700000000,343,0x9c09926927201527812364cf97aa9bb962a638b5
0x607Cf70d75A17facA9807DC859F1e40B54836183,23605553098571600000000,344,0x50b5d4768efb012150ab4c24c39924b14acbb9ce
0x607Cf70d75A17facA9807DC859F1e40B54836183,3612406230625370000000,345,0xdb0eb9d762b9a81a3b4e0cf124be93557fbf19e0
0x607Cf70d75A17facA9807DC859F1e40B54836183,40286122521260500000000,346,0xa95587aebc2713dcc3b992363280de9979add61a
0x607Cf70d75A17facA9807DC859F1e40B54836183,638263550000000000000,347,0xbae2b0cf575cf2ac9d030f4db93377ae8e656057
0x607Cf70d75A17facA9807DC859F1e40B54836183,225206158196359000000,348,0xf158a9704ce17b87ac5118df611a1a9a56579b35
0x607Cf70d75A17facA9807DC859F1e40B54836183,1043639628982200000000,349,0x79728646bdb30ea6b697395b6d3eafcf74057579
0x607Cf70d75A17facA9807DC859F1e40B54836183,17776628686527300000000,350,0x04accb2c2835f0fedb1cd67a644d3ebba49c7399
0x607Cf70d75A17facA9807DC859F1e40B54836183,2202206369709970000000,351,0x84b81987f6ca3cde2a50daca42a58a132099c731
0x607Cf70d75A17facA9807DC859F1e40B54836183,1023352178834760000000,352,0x79f930b13f8d64db58717d142cfbba9747ee0aa3
0x607Cf70d75A17facA9807DC859F1e40B54836183,3796412903987130000000,353,0x2a35ea45f23d8bea3f8737e161fcd730a4c5910b
0x607Cf70d75A17facA9807DC859F1e40B54836183,15148157749773800000000,354,0xa219712cc2aaa5aa98ccf2a7ba055231f1752323
0x607Cf70d75A17facA9807DC859F1e40B54836183,169500000000000000000,355,0xf3d09f199e45e30f3da7f70723ef22e0facab580
0x607Cf70d75A17facA9807DC859F1e40B54836183,166110000000000000000,356,0x7680460d2332cadb284c88a36ab4f8dc239ec055
0x607Cf70d75A17facA9807DC859F1e40B54836183,1045952608258370000000,357,0xe624ba6d7e7e1ce6d11c8a47a4915c1636ad0e47
0x607Cf70d75A17facA9807DC859F1e40B54836183,384964306989293000000,358,0x228118d3ea334f8d34694a4ae929c5bbcffa625c
0x607Cf70d75A17facA9807DC859F1e40B54836183,2637507287976670000000,359,0x9cbeb2040dc433a34d00b288d54a3693ab8f0c25
0x607Cf70d75A17facA9807DC859F1e40B54836183,1335796911887510000000,360,0x5ad03d8940bcfe6aeb09bb2e80a78d759ea7907e
0x607Cf70d75A17facA9807DC859F1e40B54836183,167455501877910000000000,361,0x7e66dc013571b49f347905431f19b12fb0bc7133
0x607Cf70d75A17facA9807DC859F1e40B54836183,46502354533517800000000,362,0xaeb2a714ebad486958b247d3add47f8020b7ff54
0x607Cf70d75A17facA9807DC859F1e40B54836183,324550125000000000000,363,0x24e2ba010c4c02a8b9e93ceb013d2983332a301f
0x607Cf70d75A17facA9807DC859F1e40B54836183,5519662207102960000000,364,0xb43ee087df982bdcac0e7ea519afec10d14842d8
0x607Cf70d75A17facA9807DC859F1e40B54836183,4909536189325360000000,365,0x7d1dbccab094f64ab3b2900f88d65b303d817176
0x607Cf70d75A17facA9807DC859F1e40B54836183,1534034290577490000000,366,0xa00d260f6c185f2ff5932e99c0f2af84c9eb06b5
0x607Cf70d75A17facA9807DC859F1e40B54836183,277458830281471000000000,367,0x25aea2a746b2d9b4f3f11a2cf98b83410adffd67
0x607Cf70d75A17facA9807DC859F1e40B54836183,63427185003359700000000,368,0xc2164fb26ecc6ce4855401a8c9ef2b7a653b7c7e
0x607Cf70d75A17facA9807DC859F1e40B54836183,1718673129782060000000,369,0x33e60aff189db40cb187e679c25dfd1bfa58cfeb
0x607Cf70d75A17facA9807DC859F1e40B54836183,16241085368725000000000,370,0x25b1cae86ed898b2b01cb650e049a457af8943b9
0x607Cf70d75A17facA9807DC859F1e40B54836183,2148037349194710000000,371,0xdb65979031a4011a1fcd7079bd6f298161586139
0x607Cf70d75A17facA9807DC859F1e40B54836183,14618317363959700000000,372,0x08c3e8473235b40deede4bd2004cb388cfe63955
0x607Cf70d75A17facA9807DC859F1e40B54836183,464170530678256000000,373,0xa67fb8d44d23114311505ce814e82cf6401cf155
0x607Cf70d75A17facA9807DC859F1e40B54836183,748209046615000000000,374,0x0bd6cb52b48f084282174304a434eb44c995667a
0x607Cf70d75A17facA9807DC859F1e40B54836183,5013017750036000000000,375,0x3cdc6f91d41f1738e8e1cbd2a06f64dc6da5b0c0
0x607Cf70d75A17facA9807DC859F1e40B54836183,1830361933514900000000,376,0xdc3c8cfeda33b34cdfc1eea82c53bc52ef26f2a3
0x607Cf70d75A17facA9807DC859F1e40B54836183,2500000000000000000000,377,0x6a5f44d24dca8417db339203d9e07d23321f030b
0x607Cf70d75A17facA9807DC859F1e40B54836183,3786075155607240000000,378,0x5d020f3a58b4d66831da90ca34db4c44d963132f
0x607Cf70d75A17facA9807DC859F1e40B54836183,2250605917423060000000,379,0xb94330b6c6bfda6346018474018934d9c514c862
0x607Cf70d75A17facA9807DC859F1e40B54836183,409553612933622000000,380,0x0b3db7657eff298c552fa97e5e7492612b8d8fee
0x607Cf70d75A17facA9807DC859F1e40B54836183,1619454824505670000000,381,0x555bd66cb8d0ffb2af7a16d06750ef9283c13361
0x607Cf70d75A17facA9807DC859F1e40B54836183,3101362795551820000000,382,0xab0fd3f3d44d384a7e4f3b0d764baeb8df44c708
0x607Cf70d75A17facA9807DC859F1e40B54836183,1637283046228400000000,383,0x8db68eb7384f161d8a5427635c4deccd8961878b
0x607Cf70d75A17facA9807DC859F1e40B54836183,308127495194091000000000,384,0xe5fae1a033ad8cb1355e8f19811380afd15b8bba
0x607Cf70d75A17facA9807DC859F1e40B54836183,950750150569993000000,385,0x4d8cfd197a001abe5c77eb6993280a328570c4e6
0x607Cf70d75A17facA9807DC859F1e40B54836183,3763599751914150000000,386,0x602c3adede091b9954f72a35f2f0f26867585cd6
0x607Cf70d75A17facA9807DC859F1e40B54836183,867894737737835000000,387,0xe42f220a32bbb97c2ca68b8b5146a4b36f4c9938
0x607Cf70d75A17facA9807DC859F1e40B54836183,1479925345640250000000,388,0x1b5a6186c4bc11b8cf0df4775f7e209513c572f0
0x607Cf70d75A17facA9807DC859F1e40B54836183,3749999550000000000000,389,0x70ad81d18f2838b8650d88740d8e337032c9baac
0x607Cf70d75A17facA9807DC859F1e40B54836183,1000200000000000000000,390,0x7c9002921381cea5e36996683fc4e8d4468f3491
0x607Cf70d75A17facA9807DC859F1e40B54836183,951299737971819000000,391,0x40cda1c586d11a17a984f4477c5efce89c2ab8b3
0x607Cf70d75A17facA9807DC859F1e40B54836183,365555000000000000000,392,0x02ae7f5d8f615674ec39db0beab15768c35e6756
0x607Cf70d75A17facA9807DC859F1e40B54836183,4422120228360630000000,393,0xcfda1c7946ca879ae2189a89f1a3b52914840d1c
0x607Cf70d75A17facA9807DC859F1e40B54836183,9676014613636940000000,394,0xf43a1739838c99cb3fc801536d3d3b62bca0da0d
0x607Cf70d75A17facA9807DC859F1e40B54836183,1029302428050090000000,395,0xa2a28521ce9d9b30c0c969e882ae09f417f716f4
0x607Cf70d75A17facA9807DC859F1e40B54836183,27666938821695400000000,396,0x15aef876f022053f28eb0551378934c798a4fa82
0x607Cf70d75A17facA9807DC859F1e40B54836183,74466768919382700000000,397,0xb9e0831bf34f0cfe8948cde4f46542b51be9afd4
0x607Cf70d75A17facA9807DC859F1e40B54836183,2693165157729120000000,398,0xc99d24438690f061e522a6bb3664fc200fa4f4e1
0x607Cf70d75A17facA9807DC859F1e40B54836183,4209582998214190000000,399,0xd996ddb8b48e3728206fbf0bfc91b4378d6c0c51
0x607Cf70d75A17facA9807DC859F1e40B54836183,30392761394200200000000,400,0x3838c954d0629918578847378ee22e6778473239
0x607Cf70d75A17facA9807DC859F1e40B54836183,373634531728253000000,401,0xbb47516fbd74b6149ca7f85531ab51d2d11cb6bc
0x607Cf70d75A17facA9807DC859F1e40B54836183,102723791481169000000000,402,0x5999498c4eedba03a6d9dd8b52da5470d807d921
0x607Cf70d75A17facA9807DC859F1e40B54836183,269740094571768000000,403,0x7e32e412686efb5dd7957d76a224c57fcd998c1b
0x607Cf70d75A17facA9807DC859F1e40B54836183,1166704367205240000000,404,0x392add568c8c910d480d549e69cd86630942c0e1
0x607Cf70d75A17facA9807DC859F1e40B54836183,426533848929442000000,405,0x5816d1c63729a2f2d546d5a7f4a2508d989fe6b8
0x607Cf70d75A17facA9807DC859F1e40B54836183,1177359149512080000000,406,0xb8a9ee50eb8d7f4144f96e00306be960b87b904d
0x607Cf70d75A17facA9807DC859F1e40B54836183,311483412725413000000,407,0x1fd38adb7d1a21806d0907c1436a4e84229b9419
0x607Cf70d75A17facA9807DC859F1e40B54836183,6082935343263860000000,408,0x52b0c7c17effe49914e241bec55105b19da4b8e1
0x607Cf70d75A17facA9807DC859F1e40B54836183,4675026684608800000000,409,0x3585ce928de55c1f74e81cc94495f44b6e410128
0x607Cf70d75A17facA9807DC859F1e40B54836183,23244902536820400000000,410,0x1f507be0f25fded2b4acf27c5b3467e61477c39b
0x607Cf70d75A17facA9807DC859F1e40B54836183,563022162041800000000000,411,0xcb3833a6a1dab47376c94ee9ca15bded513ca883
0x607Cf70d75A17facA9807DC859F1e40B54836183,3656680682883230000000,412,0x0ad5312a36e634dde8b332929cfc43c8b3c86c07
0x607Cf70d75A17facA9807DC859F1e40B54836183,60141157766835400000000,413,0xafe24a8f46b78b09b46834d513bb8da715cb8e56
0x607Cf70d75A17facA9807DC859F1e40B54836183,1112752829133160000000,414,0x3d3ad639333ea99618f4fabfb791394574dd17ef
0x607Cf70d75A17facA9807DC859F1e40B54836183,1000000000000000000000,415,0x8d005cc8c0ff30ac7e2343351107de2591e3c59a
0x607Cf70d75A17facA9807DC859F1e40B54836183,3065000000000000000000,416,0x0cb90ce56a6f92a972151b7d5f88bf56df425367
0x607Cf70d75A17facA9807DC859F1e40B54836183,63632450982100600000000,417,0x71535aae1b6c0c51db317b54d5eee72d1ab843c1
0x607Cf70d75A17facA9807DC859F1e40B54836183,27251134401785800000000,418,0x6002ca6a5a935171345c9e25c3cd6e277a4d6631
0x607Cf70d75A17facA9807DC859F1e40B54836183,4994444370863180000000,419,0xb27cb9aeda3cc03ffe6d0cbd93976eebe48f02db
0x607Cf70d75A17facA9807DC859F1e40B54836183,3031897943207200000000000,420,0xd581e286911bb17f067a826e25305b798d65b1e2
0x607Cf70d75A17facA9807DC859F1e40B54836183,5010875091952000000000,421,0x72b72029a38f6a954177313bf5ff01987e5b8fb5
0x607Cf70d75A17facA9807DC859F1e40B54836183,790529281356996000000,422,0x825a976c53fc561bc45a3ca0c2d6e6c18111e0a4
0x607Cf70d75A17facA9807DC859F1e40B54836183,1673493821632260000000,423,0x4bba504587d11f490c56ea02e53f77ee7af50783
0x607Cf70d75A17facA9807DC859F1e40B54836183,8137661532328960000000,424,0x99ef4f146d654b9075f540db62b07e1d6e582802
0x607Cf70d75A17facA9807DC859F1e40B54836183,4766725369238220000000,425,0x90b7d3c9a566237c72b3c304c0810e74ccd238ca
0x607Cf70d75A17facA9807DC859F1e40B54836183,5213256989844840000000,426,0x2b95c5afc5974fe382d9ccda5ccf01150c9bb9dd
0x607Cf70d75A17facA9807DC859F1e40B54836183,1698954452836540000000,427,0x623321a72a0394be496c12cd0f833a35715924fc
0x607Cf70d75A17facA9807DC859F1e40B54836183,1018803598077660000000,428,0x7e40dc3babad6dbb81b92d3107f37e21877759f5
0x607Cf70d75A17facA9807DC859F1e40B54836183,1401135406292610000000000,429,0xbf479afb9eb8b74500127e5f32245fe1a66ad6ed
0x607Cf70d75A17facA9807DC859F1e40B54836183,372346460163601000000,430,0xf4f7957ec70b17003d97f0fc194d2610ff3a4440
0x607Cf70d75A17facA9807DC859F1e40B54836183,855855923062383000000,431,0x6713ac30d0b578c50746d12cc5d7de52ccdc0ce5
0x607Cf70d75A17facA9807DC859F1e40B54836183,2500000000000000000000,432,0xb26d6e78c2a2d9ecf9cb70a88b2e571278904a08
0x607Cf70d75A17facA9807DC859F1e40B54836183,2500000000000000000000,433,0xd3aecf9e0856822bd320873e905ae9f78a2977e7
0x607Cf70d75A17facA9807DC859F1e40B54836183,651737592100625000000,434,0x2b35e7543fa9cefb8d5979cd4fbda8e699cc5c14
0x607Cf70d75A17facA9807DC859F1e40B54836183,1583749733665420000000,435,0xbcd5981849214c1b7a69ed083182792687ea0b42
0x607Cf70d75A17facA9807DC859F1e40B54836183,684964289107328000000,436,0xcb609b14c532e5eabf1b62bf953ae9af26ba33d8
0x607Cf70d75A17facA9807DC859F1e40B54836183,1704612372110850000000,437,0x06b417dc51d1ac7556607889aaa6a15f9b86e1ba
0x607Cf70d75A17facA9807DC859F1e40B54836183,754628879461563000000,438,0xcfb9b07ea027a29505180d3956a306d16dff58b6
0x607Cf70d75A17facA9807DC859F1e40B54836183,502080804313777000000,439,0x14dc2173313e76c16ede4003b72ea081d6b7abb2
0x607Cf70d75A17facA9807DC859F1e40B54836183,761818761830589000000,440,0x343692ba9e51ba5cb0dfa7310bf81feaf91b1d18
0x607Cf70d75A17facA9807DC859F1e40B54836183,197162401632576000000000,441,0xe6b1147f43d14d355b2697382fc58a43c3ff9a06
0x607Cf70d75A17facA9807DC859F1e40B54836183,4627256351574310000000,442,0xa49224407bfbcfced35d70657f44041b8e162ef9
0x607Cf70d75A17facA9807DC859F1e40B54836183,122818700909301000000000,443,0xaec7b2720df0332b0bf4355cdf09b799a2e650a8
0x607Cf70d75A17facA9807DC859F1e40B54836183,10741732345567100000000,444,0x4c8a825eec24d49cdabc86a5372726dc85f33ade
0x607Cf70d75A17facA9807DC859F1e40B54836183,169500000000000000000,445,0xaef4e5f64711839ceb1be829de1975be49d28192
0x607Cf70d75A17facA9807DC859F1e40B54836183,2985286791573840000000,446,0xc19d1d778abaddc4fadeb1b91cd4f705bcfe45e7
0x607Cf70d75A17facA9807DC859F1e40B54836183,12180378520112700000000,447,0x8646516a78421efb14c80eeb1f28b1ddab212577
0x607Cf70d75A17facA9807DC859F1e40B54836183,29435641128717400000000,448,0xa9e6a69c86c991ae39cf4d45afd5d77a111d89b3
0x607Cf70d75A17facA9807DC859F1e40B54836183,42284742435921200000000,449,0x1995b9085d6356c5b9afb87f01a79f009c3c292b
0x607Cf70d75A17facA9807DC859F1e40B54836183,2285691886600500000000,450,0x33134db5bcfddced0791a0b6389a4c621fac0616
0x607Cf70d75A17facA9807DC859F1e40B54836183,786819708540245000000,451,0x3973f248c7aff534f21834087d2426b4e1e054c4
0x607Cf70d75A17facA9807DC859F1e40B54836183,8983577494676010000000,452,0xb2e2e08fda9281b41318781e77f6573520ee6948
0x607Cf70d75A17facA9807DC859F1e40B54836183,295339258413592000000000,453,0x5f151c016c0cc5197b62449f732512cdc2c63a3f
0x607Cf70d75A17facA9807DC859F1e40B54836183,634686552336110000,454,0xb792ca8551f5fad8db7ee9257e5b8cdb57998834
0x607Cf70d75A17facA9807DC859F1e40B54836183,666924685149289000000,455,0x67841533da735fe0c0878ac9b9feef6da941f98f
0x607Cf70d75A17facA9807DC859F1e40B54836183,640612939635586000000,456,0xb35896f842243ee8afcd90065b2d09fa0c68e2d7
0x607Cf70d75A17facA9807DC859F1e40B54836183,31309457256474700000000,457,0xbab7c5b24198d82de2ee502896dfee88a15564ce
0x607Cf70d75A17facA9807DC859F1e40B54836183,7716046324293560000000,458,0x29f5680f38e32b2f6c30054adb943ce0a820c416
0x607Cf70d75A17facA9807DC859F1e40B54836183,447794198253308000000,459,0xa07503efe671e3363ff01227f917f83e7700df2c
0x607Cf70d75A17facA9807DC859F1e40B54836183,4630269315870040000000,460,0xa5e57877db7fe896fd7ae4db6130fb74f3b46931
0x607Cf70d75A17facA9807DC859F1e40B54836183,3007305969068360000000,461,0x1fc34caf8c66dfafb61fc7b12fe7fc3060fe21ab
0x607Cf70d75A17facA9807DC859F1e40B54836183,305842494371789000000,462,0x2ea539b3eb3dd50f750881e27fdf406df4273345
0x607Cf70d75A17facA9807DC859F1e40B54836183,214700000000000000000,463,0xfb4cac430725f5871b80239b162b0c9f10b687d3
0x607Cf70d75A17facA9807DC859F1e40B54836183,12168186445273900000000,464,0x5c981f5997b2dfbba93b4570221373fb429e3de6
0x607Cf70d75A17facA9807DC859F1e40B54836183,3014525375000000000000,465,0x4e268ef3bb2b0eb025b42b7f1e93b9d42ea2ebcd
0x607Cf70d75A17facA9807DC859F1e40B54836183,739420802540481000000,466,0xaaa082b4f1c46d8a5ac3fad0516ab5c1a5ae8790
0x607Cf70d75A17facA9807DC859F1e40B54836183,575795369969534000000,467,0x66730039cb232ac1e6c39606c56c1b87eefb3d1f
0x607Cf70d75A17facA9807DC859F1e40B54836183,1061171700000000000000,468,0x588ba26579a52ee81844ce7f46583e06314b58a9
0x607Cf70d75A17facA9807DC859F1e40B54836183,4503417435037280000000,469,0x682e7fc3206ebcff095f36a2827a46f00bd3a318
0x607Cf70d75A17facA9807DC859F1e40B54836183,503771604603350000000,470,0x41477aa998e49025c5098aee2e6950c0d7a9da6c
0x607Cf70d75A17facA9807DC859F1e40B54836183,52738645409880600000000,471,0x65a7c3cb6d1c3cef361063c57936d9d4c9d7bcab
0x607Cf70d75A17facA9807DC859F1e40B54836183,2044576536756440000000,472,0x45a3262d276f55950c3a5c48b61738598c920a03
0x607Cf70d75A17facA9807DC859F1e40B54836183,25510645461907000000000,473,0xf590382e9c1347a7e72edb10d54769f63fa18cd3
0x607Cf70d75A17facA9807DC859F1e40B54836183,381823334269491000000,474,0xbba7d68f66336626d23790896edd94129218f65b
0x607Cf70d75A17facA9807DC859F1e40B54836183,1755318245512790000000,475,0xaeb088876149865e660dbdb7440f6263a4acfb92
0x607Cf70d75A17facA9807DC859F1e40B54836183,345974729754645000000,476,0x66755d560e4447c7d2a50acbb119d4896b6eaad3
0x607Cf70d75A17facA9807DC859F1e40B54836183,922383402434787000000,477,0xa1b0b899f843ec4caee771ed7c15fac333f28d7c
0x607Cf70d75A17facA9807DC859F1e40B54836183,311939427101376000000,478,0xe0d1ba9c7470b623063581332d124c31b2cf207b
0x607Cf70d75A17facA9807DC859F1e40B54836183,456167423643589000000,479,0xe3ae90525e2c0dbb84477aa340ef6a7f04c706fb
0x607Cf70d75A17facA9807DC859F1e40B54836183,784500374312817000000,480,0x6d9b7220961ea59ff1b020adafd338f51c802427
0x607Cf70d75A17facA9807DC859F1e40B54836183,30269106215988800000000,481,0x40aa6b4479891c4bf2e5122ac90bff31f4e8d324
0x607Cf70d75A17facA9807DC859F1e40B54836183,40837998255138600000000,482,0x0c1f0520ebec973756ef1da2e3ec851cc47419d1
0x607Cf70d75A17facA9807DC859F1e40B54836183,2475819927258820000000,483,0x37035b0571d76c08cd56ca1b0b1e9eab26401db1
0x607Cf70d75A17facA9807DC859F1e40B54836183,10605114920993500000000,484,0xd529848a851533b560eb7d72522205b0dfd7a8a9
0x607Cf70d75A17facA9807DC859F1e40B54836183,2251933156922800000000,485,0x1961034e4f5f1b8c495d17480163e0179bed845a
0x607Cf70d75A17facA9807DC859F1e40B54836183,3280768550000000000000,486,0xaec4935a8c8c7691d406f176a470e3c10aee83ee
0x607Cf70d75A17facA9807DC859F1e40B54836183,836387024152175000000,487,0xd85f7fb2e34e59d57908ddcdd031514d593e874c
0x607Cf70d75A17facA9807DC859F1e40B54836183,594293028755045000000,488,0x39dea24a2a495e181edefc0d6a9af9bd8a52e5ac
0x607Cf70d75A17facA9807DC859F1e40B54836183,2869587511798860000000,489,0x6393776f946669e367209ad9c4bee0a924c73d4c
0x607Cf70d75A17facA9807DC859F1e40B54836183,16580031648230100000000,490,0xa4cae4d3f59a7360b649bb43035c14ced7760d88
0x607Cf70d75A17facA9807DC859F1e40B54836183,7314200557605050000000,491,0x974d10847b7bfd3a20048dee6fff926cd133c1eb
0x607Cf70d75A17facA9807DC859F1e40B54836183,10565000000000000000000,492,0x5612dac82676dc6cae976f690283395ee647f419
0x607Cf70d75A17facA9807DC859F1e40B54836183,542880999477726000000,493,0x8f5a0a123d6c1d96abcacff3b11dc54eee0ea2fa
0x607Cf70d75A17facA9807DC859F1e40B54836183,3573084364747540000000,494,0x2a309ec427e8a227bd3823a65da2dafd8b84bef1
0x607Cf70d75A17facA9807DC859F1e40B54836183,8163856802773470000000,495,0x84d0f74d21a89f86b67e9a38d8559d0b4e10f12d
0x607Cf70d75A17facA9807DC859F1e40B54836183,709024513217991000000,496,0x31ae02c71f1f10d460ecf71e10325fa4b6792061
0x607Cf70d75A17facA9807DC859F1e40B54836183,5802155061430950000000,497,0xc5d12ea19866d7fe0db4dbe613b6c2c915d4f618
0x607Cf70d75A17facA9807DC859F1e40B54836183,4326154948864720000000,498,0xe13f6ee087c7f63833ac4c6a36b5d87031a59229
0x607Cf70d75A17facA9807DC859F1e40B54836183,6515470953746290000000,499,0x9216ee2d2767b0bccf79940a76cd3ecf07097ec6
0x607Cf70d75A17facA9807DC859F1e40B54836183,349484191533989000000,500,0xc9ac0fbcebbf6ccbd0f16004c645fa49b160061d
0x607Cf70d75A17facA9807DC859F1e40B54836183,178918475866036000000000,501,0xebecc0a1eb0a05f3ce7100f20ec6b97cb93f0965
0x607Cf70d75A17facA9807DC859F1e40B54836183,4197561845173510000000,502,0xfd2a87116f29b3bd71ad85450881ff4351271284
0x607Cf70d75A17facA9807DC859F1e40B54836183,4284159975676150000000,503,0x797cb7f07356ac6f77dceff2e7e252b77627ae11
0x607Cf70d75A17facA9807DC859F1e40B54836183,298177974656715000000,504,0xaf6b08f1c0891f022ba2457678b5eafed1b62404
0x607Cf70d75A17facA9807DC859F1e40B54836183,22590991080060300000000,505,0x75dad1f315c1bd5c4cd60328b949ce75b593def8
0x607Cf70d75A17facA9807DC859F1e40B54836183,2505775723464510000000,506,0xde7bda3eb5adee97c3ef250ce63bfe917bf679ba
0x607Cf70d75A17facA9807DC859F1e40B54836183,2675940195890800000000,507,0x9501cf1fa271623ab506e38a0378cd25c68cb391
0x607Cf70d75A17facA9807DC859F1e40B54836183,2584809795307240000000,508,0xe7d473b0603e813f69f59e6fc595eac08df819de
0x607Cf70d75A17facA9807DC859F1e40B54836183,241060595403216000000000,509,0xc552fe745458b1698b5c277866e8b0ef7d1d04b4
0x607Cf70d75A17facA9807DC859F1e40B54836183,49255321547814100000000,510,0x0fc6e891c8485e205802f3120d1e485a659a62f9
0x607Cf70d75A17facA9807DC859F1e40B54836183,44192093735815800000000,511,0x913a825ddaa4088a7b80513cf3a54f2561c24cf5
0x607Cf70d75A17facA9807DC859F1e40B54836183,5236192434653510000000,512,0xf8839c9fbb071d4bc07f5aac415b6e01f5205fb2
0x607Cf70d75A17facA9807DC859F1e40B54836183,34687486251523800000000,513,0x8c952cc18969129a1c67297332a0b6558eb0bfec
0x607Cf70d75A17facA9807DC859F1e40B54836183,3621090309911620000000,514,0x8a183976686c15797b86aee156e6b6c451da3ace
0x607Cf70d75A17facA9807DC859F1e40B54836183,25000000000000000000000,515,0xba3d570535360bc9383b28691c872959d4a34061
0x607Cf70d75A17facA9807DC859F1e40B54836183,4054915050053120000000,516,0xb5cce7bc0ceaf22e05b254c619ce8c1a7aff8fc8
0x607Cf70d75A17facA9807DC859F1e40B54836183,6153993926555390000000,517,0xc09bb0a29b9a8965e17b00f85e63f353543ac572
0x607Cf70d75A17facA9807DC859F1e40B54836183,16383686053522300000000,518,0x112b0704447829f2a15f6f31c0845d1e01624579
0x607Cf70d75A17facA9807DC859F1e40B54836183,18026744779911300000000,519,0x0865ac88224f30ca44237d9a3d79fbb1119db9b9
0x607Cf70d75A17facA9807DC859F1e40B54836183,2557499403239560000000,520,0xa37b188ac91ddf8557cd01020f0c2068232deb81
0x607Cf70d75A17facA9807DC859F1e40B54836183,42191648647849800000000,521,0x024989a58913a06d19d5ea36f0828a15cb680cae
0x607Cf70d75A17facA9807DC859F1e40B54836183,126559190004248000000,522,0x80411fe0b947266d12153378bc11a38c2607347a
0x607Cf70d75A17facA9807DC859F1e40B54836183,106806139494052000000,523,0x3ff215b85126b0bc7f65519bd444b9b90833dd0b
0x607Cf70d75A17facA9807DC859F1e40B54836183,490747288321564000000,524,0x5631ae503b452175157c7161d3c078fdd0c6215d
0x607Cf70d75A17facA9807DC859F1e40B54836183,67800000000000000000,525,0x756955de3fa532cfd5a87c1211c641399c682bff
0x607Cf70d75A17facA9807DC859F1e40B54836183,574094055576994000000,526,0xc3ea6aa60786e81cdf705d2e893e4815c3c9831f
0x607Cf70d75A17facA9807DC859F1e40B54836183,3769523289330410000000,527,0xd1f4cf428835a775916dd767e11553b5649eaf87
0x607Cf70d75A17facA9807DC859F1e40B54836183,331249112278267000000,528,0xfd68946edbefa6ada5f6719310480f724568996e
0x607Cf70d75A17facA9807DC859F1e40B54836183,4208981953212500000000,529,0x0d85964abe96b98f7c048db0ca9e4c713bc027e5
0x607Cf70d75A17facA9807DC859F1e40B54836183,7474206272146370000000,530,0x0029d8dbaeef9f218a578eb4d685159bc9d30115
0x607Cf70d75A17facA9807DC859F1e40B54836183,3504606126247740000000,531,0x7284bfcad25b9d16c5bacf72783c8a16bde5763b
0x607Cf70d75A17facA9807DC859F1e40B54836183,8556893659563000000,532,0xe1882249519126a144083abb13b33ca3cdcc0be6
0x607Cf70d75A17facA9807DC859F1e40B54836183,352117769312057000000,533,0x4b1f140a82cf40a955d1e8ca2aa52e128b593722
0x607Cf70d75A17facA9807DC859F1e40B54836183,822054079986707000000,534,0x4e888b09e0db94d2308b06a1f9486e2ec9bcbb41
0x607Cf70d75A17facA9807DC859F1e40B54836183,11521480000000000000000,535,0x5628a3adc8d8110ea531592aaa23f516f36c18f6
0x607Cf70d75A17facA9807DC859F1e40B54836183,59476300585676000000000,536,0xf712ab8c4505eb4b36a2ff9fa746470be81e6538
0x607Cf70d75A17facA9807DC859F1e40B54836183,49796094766548800000000,537,0x9aae12dd452f78ae8919c2168717e7348392ad11
0x607Cf70d75A17facA9807DC859F1e40B54836183,21470000000000000000,538,0xc08ea9f1c02509499bb92afd399f6c140b537e50
0x607Cf70d75A17facA9807DC859F1e40B54836183,419798546967212000000000,539,0xa4a62f7127c644aaef733029e0d052e411fdafb4
0x607Cf70d75A17facA9807DC859F1e40B54836183,331090000000000000000,540,0x34968cd2359e88201ba2f9bbc7ae2d2a93b1f24f
0x607Cf70d75A17facA9807DC859F1e40B54836183,13849357400252100000000,541,0xb7abdd02d437fe0a8b26547f2f44261f25843bb8
0x607Cf70d75A17facA9807DC859F1e40B54836183,5095723804232890000000,542,0x5bbc261de4ffd714585d75b242575a2c55e7d89f
0x607Cf70d75A17facA9807DC859F1e40B54836183,371282659896925000000,543,0x35f6c833c3e51328df66b23e8911b8750dc1c8ec
0x607Cf70d75A17facA9807DC859F1e40B54836183,195490000000000000000,544,0x1094c724ba10de2bce40f3d041dbf249e3dfe7ad
0x607Cf70d75A17facA9807DC859F1e40B54836183,2500000000000000000000,545,0xda6b4d57e31f772e2044dc8b9d651d7d2a0275ed
0x607Cf70d75A17facA9807DC859F1e40B54836183,120047546631950000000000,546,0x818854b363b90791a9ebc29e2f9c7f1055ee5a4d
0x607Cf70d75A17facA9807DC859F1e40B54836183,500000000000000000000000,547,0x13ba3308cf8c3c64659919819499a2711dede8f4
0x607Cf70d75A17facA9807DC859F1e40B54836183,3915414051890080000000,548,0xf4998f0c3e8993ff104ea4135901277325882fa9
0x607Cf70d75A17facA9807DC859F1e40B54836183,1096683602756870000000,549,0x108cb445333edf6124570593e4e593cdd899a126
0x607Cf70d75A17facA9807DC859F1e40B54836183,4448569767829280000000,550,0x7351ed7ddeb3b4b5b9d309a7801e34eada21c130
0x607Cf70d75A17facA9807DC859F1e40B54836183,1942684424556960000000,551,0x785e2c0374120f6be08dbc1642d6e996f0ec6097
0x607Cf70d75A17facA9807DC859F1e40B54836183,4619749287276450000000,552,0xc534a272c8640696c4d9257c660fa52058c7175d
0x607Cf70d75A17facA9807DC859F1e40B54836183,825486094528233000000,553,0xb160309a1e8f5f43493f86feca656bd80802399e
0x607Cf70d75A17facA9807DC859F1e40B54836183,470731850280037000000,554,0x2bb64f1be16511278ab06fd6ff4c27388256858e
0x607Cf70d75A17facA9807DC859F1e40B54836183,821062814726826000000,555,0x772a6fb038d12244ebefe5cf221ce6bf7e04bba4
0x607Cf70d75A17facA9807DC859F1e40B54836183,270365296217699000000,556,0x0d36906827ec5b34accf2910fb2eaea6f57e8125
0x607Cf70d75A17facA9807DC859F1e40B54836183,1875471514941090000000,557,0xbcdf0453908bd19ee169f9a82350101f41059a7b
0x607Cf70d75A17facA9807DC859F1e40B54836183,5230140220344540000000,558,0xafe12624f2d8de70b46534d8e4508f0870dde386
0x607Cf70d75A17facA9807DC859F1e40B54836183,120465740371012000000000,559,0x59d66b384a75433add7fd55b04586254f79af94a
0x607Cf70d75A17facA9807DC859F1e40B54836183,15390373912883200000000,560,0x89231f349f6c4910174baf1fd8155485eb817365
0x607Cf70d75A17facA9807DC859F1e40B54836183,1250000000000000000000,561,0x1d0a10e57bf6e0717623c5a36f555e4a5e5c021c
0x607Cf70d75A17facA9807DC859F1e40B54836183,15317939077239400000000,562,0x3275a74ceedfcb8cfaa86ad3e202574b76bc865d
0x607Cf70d75A17facA9807DC859F1e40B54836183,178199901395177000000000,563,0xb68dabf88e221fb4469928ba1ea6dd312a342aaa
0x607Cf70d75A17facA9807DC859F1e40B54836183,2226726487417210000000,564,0x285860e1f828bc2f34979b31cc2a1a1a5e565d66
0x607Cf70d75A17facA9807DC859F1e40B54836183,370129824454306000000,565,0xe8ba56cff9771678907b2950ed5e99b5b4599a19
0x607Cf70d75A17facA9807DC859F1e40B54836183,1501439475000000000000,566,0x770e5f48c9df3bdfe6810d48ea1bd378dff174af
0x607Cf70d75A17facA9807DC859F1e40B54836183,453135302893281000000,567,0x009fa7aef8e5a3230ac5028cea68998e2da57f9c
0x607Cf70d75A17facA9807DC859F1e40B54836183,587908031156720000000,568,0xc09f053080303a48ce0f00ca8f106ca37e3f85fa
0x607Cf70d75A17facA9807DC859F1e40B54836183,248600000000000000000,569,0x289eac609441c8bd140b13d5b71c769fc7dcadf3
0x607Cf70d75A17facA9807DC859F1e40B54836183,3915151739155290000000,570,0xea88e793a854d58da3aa96e1a35062b97ce93925
0x607Cf70d75A17facA9807DC859F1e40B54836183,550026280051435000000,571,0x4c4eb7cdd35f0d6129adebb78d17360ab2200941
0x607Cf70d75A17facA9807DC859F1e40B54836183,897713389953236000000,572,0xba89aed599eb25a5b14bd263c41b645409b46e07
0x607Cf70d75A17facA9807DC859F1e40B54836183,10380313822038400000000,573,0x3d8d9e4732009e38f9893a691f206dabf2ea2617
0x607Cf70d75A17facA9807DC859F1e40B54836183,310918728275314000000,574,0x3a79cac51e770a84e8cb5155aaafaa9cac83f429
0x607Cf70d75A17facA9807DC859F1e40B54836183,178104950000000000000,575,0xeac63c27ef2efa3d9046e0ce99135c9d1b086cfc
0x607Cf70d75A17facA9807DC859F1e40B54836183,431695833363867000000,576,0xec55e496f1230c28e1ec768c5503a60f4bd259b2
0x607Cf70d75A17facA9807DC859F1e40B54836183,4823656149129790000000,577,0xcdcd260d759988a81ee6cad5e1fcf0f48e0910f9
0x607Cf70d75A17facA9807DC859F1e40B54836183,2824919299168190000000,578,0x19f5911e4ca69e30449ad6bb71de341f01f118bb
0x607Cf70d75A17facA9807DC859F1e40B54836183,3338283107163780000000,579,0xa191fd04ebf22bb9317094557cad0cf68d0767cf
0x607Cf70d75A17facA9807DC859F1e40B54836183,4823265666800700000000,580,0x690661617843593d91562d6dce9e9316ad3d10ab
0x607Cf70d75A17facA9807DC859F1e40B54836183,27468695526701600000000,581,0xb3a81311c3a178928cf96f5092d627a259dc5ad5
0x607Cf70d75A17facA9807DC859F1e40B54836183,5329871637937060000000,582,0xc828febfee7c599eed963f0b6418897bfedc4e38
0x607Cf70d75A17facA9807DC859F1e40B54836183,5026510232127170000000,583,0x615c0effe79bd28fd95e823aa23f9c277ff8977d
0x607Cf70d75A17facA9807DC859F1e40B54836183,8207566666666630000000,584,0xd3638ad01f849fc194969d3f301161af9049a198
0x607Cf70d75A17facA9807DC859F1e40B54836183,239560000000000000000,585,0xe4816cbc5a31c2b5cbc8745a37b0e3ce652efa65
0x607Cf70d75A17facA9807DC859F1e40B54836183,4852296372356700000000,586,0x9ff65acc2d2c17f8dc5be1381dbb5546df613631
0x607Cf70d75A17facA9807DC859F1e40B54836183,22426584113823400000000,587,0x976e574feb14f1ecbfec42b77a4b46bb0ab1341c
0x607Cf70d75A17facA9807DC859F1e40B54836183,2336969752569450000000,588,0x844eb853614bdcec4c9b9e9257252206c1fda64b
0x607Cf70d75A17facA9807DC859F1e40B54836183,1550502386050650000000,589,0x1f3d60acb224adde650790f4c90470634e09d13c
0x607Cf70d75A17facA9807DC859F1e40B54836183,5028580638696320000000,590,0x7ae7f924b1dd9bea6100f950a26e78f462fbce85
0x607Cf70d75A17facA9807DC859F1e40B54836183,2991674565120510000000000,591,0x69b8a24edc9053b3d007710e7b986df40a0bc7eb
0x607Cf70d75A17facA9807DC859F1e40B54836183,735662928238646000000,592,0x650b47e8e1fed68511e8b44f2d52b84d62dd48a9
0x607Cf70d75A17facA9807DC859F1e40B54836183,2412513890565920000000,593,0xc2901e8aebb4bde5b792c5d6c64f461cc6f50fb9
0x607Cf70d75A17facA9807DC859F1e40B54836183,611139207449618000000,594,0x6afc8fc9b1db42904503b16dae1150bc38bb23aa
0x607Cf70d75A17facA9807DC859F1e40B54836183,16812570022832300000000,595,0x1a34141d0850ccf313d4efb0b7586c1770e38c93
0x607Cf70d75A17facA9807DC859F1e40B54836183,2500000000000000000000,596,0xa42b37b50fe7f1a4850e66881c22e80a80a08240
0x607Cf70d75A17facA9807DC859F1e40B54836183,1685228815861430000000,597,0x14603d798055859b18948c8517a360954d28a2a3
0x607Cf70d75A17facA9807DC859F1e40B54836183,237105829188894000000,598,0x229e51f9a1ff83d5e7699f59695e7a808cf2f854
0x607Cf70d75A17facA9807DC859F1e40B54836183,90057766100376400000000,599,0x330c17ccd25839dc9aff158a30ce42959d249ea6
0x607Cf70d75A17facA9807DC859F1e40B54836183,8060994212294170000000,600,0x40067d0736ff54789ab846b9a23ae7573a5d0cc9
0x607Cf70d75A17facA9807DC859F1e40B54836183,7250836513922340000000,601,0x296f502da7a3656a2bfbc34f72d286a7ce6f9c8d
0x607Cf70d75A17facA9807DC859F1e40B54836183,197010057094030000000000,602,0xb94a75f5e0b0efc5610d9e8df863a9893434b7b4
0x607Cf70d75A17facA9807DC859F1e40B54836183,11245768687147000000000,603,0x5b4a301a25abc311c3697ffa1cab0a6efca3acfe
0x607Cf70d75A17facA9807DC859F1e40B54836183,4842523217808750000000,604,0x57a2a5e6288f074ef12bfbc4e0c9e9133587c5a2
0x607Cf70d75A17facA9807DC859F1e40B54836183,4820625231522820000000,605,0x8ae930c3db4ca2ea1ecf4d541150ce3daef2e16f
0x607Cf70d75A17facA9807DC859F1e40B54836183,4777080537320470000000,606,0xecce7f93f1970e98ba81c535321a1ee15d900c56
0x607Cf70d75A17facA9807DC859F1e40B54836183,4545430715935610000000,607,0x9abcc0a4e71c0f415c97ce0269fd858950f3278a
0x607Cf70d75A17facA9807DC859F1e40B54836183,4541582079226850000000,608,0x2c8cf6cc11082fdfc988a85ab0a93ad2f371e9e7
0x607Cf70d75A17facA9807DC859F1e40B54836183,4543862376330240000000,609,0x93b7de84ba91af7edb77b80fa352b34f976b5342
0x607Cf70d75A17facA9807DC859F1e40B54836183,4546887750902360000000,610,0xb1193069bc6debd64e7d3a51026ba7dc91be2d25
0x607Cf70d75A17facA9807DC859F1e40B54836183,2137552308632840000000,611,0x4d4025858175850aa10fc228d06c4c3ac765d25f
0x607Cf70d75A17facA9807DC859F1e40B54836183,1032312198504970000000,612,0xf7d08e03d668092100107b5580ad907c81f19d9e
0x607Cf70d75A17facA9807DC859F1e40B54836183,169500000000000000000000,613,0x3dcb531e773adf1960a71d4e73adbf022e5fcd04
0x607Cf70d75A17facA9807DC859F1e40B54836183,352117600653681000000,614,0xfbc76fc5186d3c2e30acbf74f63465cd32384263
0x607Cf70d75A17facA9807DC859F1e40B54836183,4069863416310230000000,615,0x60134afa482e525e1749d8c4c71a5008e0a27934
0x607Cf70d75A17facA9807DC859F1e40B54836183,4068924475783850000000,616,0x8b5aa954fa83dc0db57d25cbbfd484e6d753ac40
0x607Cf70d75A17facA9807DC859F1e40B54836183,4834171343975370000000,617,0x607eb88801e6a89eced139278d5ef0ea3ad75a6c
0x607Cf70d75A17facA9807DC859F1e40B54836183,4072876973700900000000,618,0x6e285b145cf9d985af483ee552292eb44111e933
0x607Cf70d75A17facA9807DC859F1e40B54836183,4072492843464220000000,619,0x9e45aacdc8eed007d0d2b259c0bc543872acf90d
0x607Cf70d75A17facA9807DC859F1e40B54836183,4814246781827010000000,620,0x8f4714060188f4b878739f72228f5d7451f18589
0x607Cf70d75A17facA9807DC859F1e40B54836183,4555217379791690000000,621,0xfc772ffed41c769b939aa4c97a131f034aa85a92
0x607Cf70d75A17facA9807DC859F1e40B54836183,11004538903739000000000,622,0x37eca2a9bb548aa2f33dfa419ab30e203a68348b
0x607Cf70d75A17facA9807DC859F1e40B54836183,4063571204437680000000,623,0x474f897166db7c9aa7815a730826c70e2dad270d
0x607Cf70d75A17facA9807DC859F1e40B54836183,4042603202074550000000,624,0x45447766553d2d33b78f4b568fb862ecc4657a0a
0x607Cf70d75A17facA9807DC859F1e40B54836183,13919282100985800000000,625,0x4cb75146e98562c9d79b31649c6c739e4dcb7cd5
0x607Cf70d75A17facA9807DC859F1e40B54836183,4048051415865300000000,626,0xe83d91ec67024d46707a98141242e73c77e9f936
0x607Cf70d75A17facA9807DC859F1e40B54836183,4042182966723610000000,627,0x480a76b367fc60bcda046768bea629438cf33a9c
0x607Cf70d75A17facA9807DC859F1e40B54836183,4548222204853140000000,628,0xedb820557ed82c986e923ebc144582e6a2b7ceb7
0x607Cf70d75A17facA9807DC859F1e40B54836183,5787906153303470000000,629,0x18bcfeca6349d8df5b560a756a2997eb66aa4dd6
0x607Cf70d75A17facA9807DC859F1e40B54836183,4536826278597520000000,630,0xd5382962b8ec74e27c7c9da2083099df3c6e4687
0x607Cf70d75A17facA9807DC859F1e40B54836183,4505841863559140000000,631,0xe8c32c028adc995c9cbcaeafcecbe357b8b73ee9
0x607Cf70d75A17facA9807DC859F1e40B54836183,4827198452186630000000,632,0x3d8207cdc540f415d806b3f57b68d8ac31c7ab61
0x607Cf70d75A17facA9807DC859F1e40B54836183,12377918321804500000000,633,0xc3c20382153ba2566cf213713221e40755c249cb
0x607Cf70d75A17facA9807DC859F1e40B54836183,4819780881041980000000,634,0xed32826bb99adc9fe3a2cb2ee9ebf5f50854f0e8
0x607Cf70d75A17facA9807DC859F1e40B54836183,4825990277216840000000,635,0x743b5797e6d2835e843ddd39c227bebd6e15c1d4
0x607Cf70d75A17facA9807DC859F1e40B54836183,8099751214059170000000,636,0x767fedb67bae8805d67b5786555693bb88cb1bb5
0x607Cf70d75A17facA9807DC859F1e40B54836183,3341468831354980000000,637,0x1b9714b20a2e166a21707b2b24064510f34f2c98
0x607Cf70d75A17facA9807DC859F1e40B54836183,306025931138379000000000,638,0x0a83985e4a6e8dae2b67bed4f2d9268f6806ce00
0x607Cf70d75A17facA9807DC859F1e40B54836183,649867755503099000000,639,0xfc961534a0a55b925db2c5ee546c8a019c0d78d5
0x607Cf70d75A17facA9807DC859F1e40B54836183,1845531256886650000000,640,0x9b0b1a1cdca6f64b6bfbd9ea43d90d5474964f9f
0x607Cf70d75A17facA9807DC859F1e40B54836183,1284326486206760000000,641,0x486d1ec9c9c8c5648d7402f20ab43535f76e4a5c
0x607Cf70d75A17facA9807DC859F1e40B54836183,86506604076233900000000,642,0x98a529e3488c2d44566881feab335b17b1c3b430
0x607Cf70d75A17facA9807DC859F1e40B54836183,2705220000000000000000,643,0x044a6b35c1cebf99205753f7b0f13806b701bf8f
0x607Cf70d75A17facA9807DC859F1e40B54836183,434030039302154000000000,644,0xb529c47864c513fb3060f0fb0821bcb11f78ed99
0x607Cf70d75A17facA9807DC859F1e40B54836183,2482358283806180000000,645,0xc59617071742a8c56f2ce8b8d2489ab8d39aa1be
0x607Cf70d75A17facA9807DC859F1e40B54836183,134402200000000000000,646,0x58a0f68f41bee7e844cde7d19fb3e95ff877e33c
0x607Cf70d75A17facA9807DC859F1e40B54836183,553960830364369000000,647,0xd20e2fc8888070e2d6801eccfc8af82c7873c75b
0x607Cf70d75A17facA9807DC859F1e40B54836183,529526437104207000000,648,0xfa02ffdbedaae966e1aaad69004f0d9ae8bc4364
0x607Cf70d75A17facA9807DC859F1e40B54836183,3943216371066770000000,649,0xc636ec471c8f44c8a5d79c86045aea9f3c4d5bd9
0x607Cf70d75A17facA9807DC859F1e40B54836183,1542349770462730000000,650,0x49b686b3782669d1382c94a04ef988a9f905d2e0
0x607Cf70d75A17facA9807DC859F1e40B54836183,5520672594911810000000,651,0x37d4d564d918008697c30ccdbb00ba2a97eb741a
0x607Cf70d75A17facA9807DC859F1e40B54836183,534852327195228000000,652,0x528f5a5fde656f6f83b85413082866d638fe9720
0x607Cf70d75A17facA9807DC859F1e40B54836183,6345760196210970000000,653,0xcf38884fba505e66252d449cd72e5558599634a7
0x607Cf70d75A17facA9807DC859F1e40B54836183,29621685814436500000000,654,0x941cc12d91a5246895c13d9d9d621096e80276a5
0x607Cf70d75A17facA9807DC859F1e40B54836183,3382530000000000000000,655,0x72c5cd18a51d53db34072546a7a38a4f73600d92
0x607Cf70d75A17facA9807DC859F1e40B54836183,2854017921447960000000,656,0x6523e9ad3dd4cb6982f8d72d9220670ab51882ac
0x607Cf70d75A17facA9807DC859F1e40B54836183,46366565276001200000000,657,0xa38e40797faa6ecbcfa4a64f14c7622d090e8a31
0x607Cf70d75A17facA9807DC859F1e40B54836183,7033954230756020000000000,658,0x14c0338959d08eeb21cdbc7e1fe0350be87d1fa7
0x607Cf70d75A17facA9807DC859F1e40B54836183,5000000000000000000000,659,0x523be2d66ff21069840118d18e2a3aa55a866cf6
0x607Cf70d75A17facA9807DC859F1e40B54836183,1203264413880100000000,660,0x6f27916b2d27f538413fba9113594899ddf44db4
0x607Cf70d75A17facA9807DC859F1e40B54836183,31712135526498800000000,661,0x741c9909b374155cbbbebe614831ae29d200106a
0x607Cf70d75A17facA9807DC859F1e40B54836183,15806909120179600000000,662,0x22ec97503f9aa4ba17b4aa2a8ed36af96a943518
0x607Cf70d75A17facA9807DC859F1e40B54836183,186450000000000000000,663,0xdd4b0803d8cea3095b8d4dfc0c753a1fdee945b1
0x607Cf70d75A17facA9807DC859F1e40B54836183,3884873758622560000000,664,0xf39816f2785814ee08a8f97ba6a1c6649892bb0f
0x607Cf70d75A17facA9807DC859F1e40B54836183,2042162453476220000000,665,0xc358574fbec5efd698d4421d4b2ef99a8111ecd1
0x607Cf70d75A17facA9807DC859F1e40B54836183,294575760541964000000,666,0xfa94208d77323931ee68d46c20fc0ed2ebb55549
0x607Cf70d75A17facA9807DC859F1e40B54836183,1159274729283150000000,667,0xce9d952839905cb76c1f00454ac3dc1ca76b3ef4
0x607Cf70d75A17facA9807DC859F1e40B54836183,5627683814451410000000,668,0xe1f9d37e3447505cfe53f9ec50691a681fc12815
0x607Cf70d75A17facA9807DC859F1e40B54836183,6380647741932380000000,669,0x91e2ee363656403bf507e98f15f2f912b6ffa3c8
0x607Cf70d75A17facA9807DC859F1e40B54836183,15442462965646800000000,670,0x8a876018a35065b67f06ed126b20ed3e81e4f4fb
0x607Cf70d75A17facA9807DC859F1e40B54836183,2805166250542390000000,671,0xcaa1cc1e79db7f19f72d7ed4977f51b975adab85
0x607Cf70d75A17facA9807DC859F1e40B54836183,2500000000000000000000,672,0xf1f957595dc117128bf7d3ac5f71042a889b826a
0x607Cf70d75A17facA9807DC859F1e40B54836183,514232353668790000000,673,0x918d7b498184dbef17aa6a647342ffb10e72bebd
0x607Cf70d75A17facA9807DC859F1e40B54836183,2457690413116850000000,674,0x86ba8a649cdc9a0e6e911385ebdbbf5600b3c367
0x607Cf70d75A17facA9807DC859F1e40B54836183,839449985016211000000,675,0x46e0ebb66c75743ea7cf223830b6d01d26c9d2e5
0x607Cf70d75A17facA9807DC859F1e40B54836183,2686362365655990000000,676,0xff9fb8a3e4e736acf36171da7cdaa8794c9ce9d1
0x607Cf70d75A17facA9807DC859F1e40B54836183,2566236061837030000000,677,0xc2cc1585f1f16e8464476bd90f01043bc6332ba4
0x607Cf70d75A17facA9807DC859F1e40B54836183,978512831673729000000,678,0x53fdd2853d7bb8fbcee77b0eff77ef7f180ad38d
0x607Cf70d75A17facA9807DC859F1e40B54836183,717194578521453000000,679,0x40ae1f6d9f44ea53f29ebb8c95b21185b3e0f39e
0x607Cf70d75A17facA9807DC859F1e40B54836183,171632141931936000000,680,0x683aeb4ce353157d670957d783ffbb3b820d8166
0x607Cf70d75A17facA9807DC859F1e40B54836183,7311431556747040000000,681,0xe59be152ef9d325c5638596bea6f07c9d36215ec
0x607Cf70d75A17facA9807DC859F1e40B54836183,1736468796500000,682,0x9b5a493a922fbdfebef5ea026279d6c1c24f29e2
0x607Cf70d75A17facA9807DC859F1e40B54836183,2398269860920420000000,683,0xc4b52cc72d5785e418b6f24a56df1b3f67674474
0x607Cf70d75A17facA9807DC859F1e40B54836183,2418400640289950000000,684,0xd4fdc0544d3ae465d5905fc3349369f96d8528b6
0x607Cf70d75A17facA9807DC859F1e40B54836183,3028099666563750000000,685,0xc84dc42b652f5d970f3656e835a1b9512023476c
0x607Cf70d75A17facA9807DC859F1e40B54836183,2698337305959520000000,686,0x3c61d07632b9b01fe3ebeb282812c6ac2e6b6501
0x607Cf70d75A17facA9807DC859F1e40B54836183,2125939538707320000000,687,0x25be3605ba7bffea76338652dd5f117b97b82639
0x607Cf70d75A17facA9807DC859F1e40B54836183,3078997321207120000000,688,0xe5d0b5746e837e8da4333deba11082990415a0a9
0x607Cf70d75A17facA9807DC859F1e40B54836183,255271936485682000000,689,0xd24f97006c8104a830023145ce26a242d537c97d
0x607Cf70d75A17facA9807DC859F1e40B54836183,1963874260104130000000,690,0x811f631b883e5e2b32577a75d36cd976b9d19556
0x607Cf70d75A17facA9807DC859F1e40B54836183,2245300000000000000000,691,0x4513d1a68b966a6479bc0de4ce9c263cf41eb2a4
0x607Cf70d75A17facA9807DC859F1e40B54836183,73083632063315100000000,692,0x5431f59e673f7a910cb99c87b7e6e6a347fbc635
0x607Cf70d75A17facA9807DC859F1e40B54836183,14480584352866500000000,693,0x964c21215dd25f1493d0610d0dc6e0e486432e77
0x607Cf70d75A17facA9807DC859F1e40B54836183,15364540859340300000000,694,0xfde8d0168e1f9b0eae204000e29e40118281c7be
0x607Cf70d75A17facA9807DC859F1e40B54836183,12073756075195400000000,695,0x5e2531895621571f75e87e7cc1611a89c34cbd25
0x607Cf70d75A17facA9807DC859F1e40B54836183,12217260834065300000000,696,0xfd5f1397e32506aadae56514bcf6ce4246ecda0c
0x607Cf70d75A17facA9807DC859F1e40B54836183,753150842916764000000,697,0x54135b80f795ec386bce92298ab3fa939394be8d
0x607Cf70d75A17facA9807DC859F1e40B54836183,2451269450000000000000,698,0x39c645ddca8cedabae63f38b255edf2c7092cb1d
0x607Cf70d75A17facA9807DC859F1e40B54836183,2890426957114350000000,699,0xfc2adfb3d1412c946d898a48b9b96654257a1133
0x607Cf70d75A17facA9807DC859F1e40B54836183,475675797518712000000,700,0xd240048889cf1435d6299c0d1dd9d2a0533a4397
0x607Cf70d75A17facA9807DC859F1e40B54836183,8670836965576790000000,701,0x6fd8e8858866effbe0cc710bfbce753901dfd50b
0x607Cf70d75A17facA9807DC859F1e40B54836183,2306518289644690000000,702,0x19f5244ec162ba513f255ecfc95846390b963ed5
0x607Cf70d75A17facA9807DC859F1e40B54836183,1370365698228510000000,703,0x437b28a6ec8e76556d99fa571006ea5da594aa91
0x607Cf70d75A17facA9807DC859F1e40B54836183,3390497962596760000000,704,0x4e75e1b8d9a0acf272b2539c6e36ff9b08d20f7a
0x607Cf70d75A17facA9807DC859F1e40B54836183,49255024435663700000,705,0x53ae3f85703ec52b42e3986819e22aef64305a2f
0x607Cf70d75A17facA9807DC859F1e40B54836183,38255908805765900000,706,0xe9473ddef77b8973c30e501af4b84b7e22fbd572
0x607Cf70d75A17facA9807DC859F1e40B54836183,5974908610158050000,707,0xec8a5c2e10268d6faed8fe94a0b82906e50ed563
0x607Cf70d75A17facA9807DC859F1e40B54836183,15396707864585300000000,708,0x1aa1d9f3e3a45417eeb55994041fe13cdb26cee2
0x607Cf70d75A17facA9807DC859F1e40B54836183,39858742566307400000000,709,0x0fcfe3c0d30b88b9b06f85db087439c524369e51
0x607Cf70d75A17facA9807DC859F1e40B54836183,990877632762760000000,710,0xe7bc34716313b4f18b9584a6dc0ab959ce2f4388
0x607Cf70d75A17facA9807DC859F1e40B54836183,261940058471383000000,711,0x09d33df52a5ec96a1a84b0e845f4adeb081d9b71
0x607Cf70d75A17facA9807DC859F1e40B54836183,169500000000000000000,712,0xb5ab2d2ce88374b8995fe4ce1407b4be72a9ba26
0x607Cf70d75A17facA9807DC859F1e40B54836183,7315499300000000000000,713,0x9ebc0b1bccb2c2412b661510f2b2e67828347f0c
0x607Cf70d75A17facA9807DC859F1e40B54836183,33092778387587800000000,714,0x9f9692fff5ce2c81737f62bcca101a7a7bc31c46
0x607Cf70d75A17facA9807DC859F1e40B54836183,64391759778306800000,715,0xa383f90dc7b8f9a46bfb4563559fc31bded32dac
0x607Cf70d75A17facA9807DC859F1e40B54836183,3925983332422920000000,716,0x4c17137e659ae2b9715dbc7f9ef4b3ddcb6028d1
0x607Cf70d75A17facA9807DC859F1e40B54836183,3896066662905230000000,717,0x9e716dcba3165044d1717c8ca26ebee94e8fbfc0
0x607Cf70d75A17facA9807DC859F1e40B54836183,36248796107019700000,718,0x7e82992d1c883f922e0cf2d91428f84744792d62
0x607Cf70d75A17facA9807DC859F1e40B54836183,22555299747617900000,719,0xf0d7ca49d902ab34e1727171732ceb0fcd3ae275
0x607Cf70d75A17facA9807DC859F1e40B54836183,12721483500000000000000,720,0xb6a70af84726e7754ca6acbb215500a6e6171697
0x607Cf70d75A17facA9807DC859F1e40B54836183,2493384589458530000000,721,0xb64b3a2dc730545ceb42699d8c69bd5b67ad395e
0x607Cf70d75A17facA9807DC859F1e40B54836183,24925781031456300000,722,0x2cf8c8c5ad01502deaf4095ec38fc609453ef8e5
0x607Cf70d75A17facA9807DC859F1e40B54836183,30693865803434400000,723,0xf1c28a12d3a318b3e4d06ab2e1f69baba94f624d
0x607Cf70d75A17facA9807DC859F1e40B54836183,103187069459858000000000,724,0x5edab16ae9f6aeceba0a016000bcaf9f650ff486
0x607Cf70d75A17facA9807DC859F1e40B54836183,4451693514092510000000,725,0xea063d6fb1e88d466ea7e36b498e64db90e45116
0x607Cf70d75A17facA9807DC859F1e40B54836183,2614016920799660000,726,0x731b257a15af0d77c89d65cc1303751f6aaa82a6
0x607Cf70d75A17facA9807DC859F1e40B54836183,3780025106641120000,727,0x2c229f8803d1ff882954f62da7d99a4e19865929
0x607Cf70d75A17facA9807DC859F1e40B54836183,13779892880733600000,728,0xf8dced1f97d366c43b527def32a0ca546e6e2b64
0x607Cf70d75A17facA9807DC859F1e40B54836183,9671344376315790000,729,0x7a247b651b81a35a2371a9237ffadd8052437115
0x607Cf70d75A17facA9807DC859F1e40B54836183,31060626327501700000,730,0xcadd306b4e0cda627ad75cb9047ae23b1568e322
0x607Cf70d75A17facA9807DC859F1e40B54836183,17147970805751400000,731,0xe84a19bd3655fb4c6d1bfacb444335620478e472
0x607Cf70d75A17facA9807DC859F1e40B54836183,7095731325000000000000,732,0x93c1fdf5b0d5be85099a80beabade1328783f2c0
0x607Cf70d75A17facA9807DC859F1e40B54836183,43615103640898000000,733,0xf6de3d6eb349abf2aa7211392888e81ca7659d51
0x607Cf70d75A17facA9807DC859F1e40B54836183,5571350316636180000000,734,0x706c467938f7f20a0414ebba2f8063b7c669fe67
0x607Cf70d75A17facA9807DC859F1e40B54836183,2500000000000000000000,735,0xec8edfae340278b79a9a7ba58c8f97b36f3739ef
0x607Cf70d75A17facA9807DC859F1e40B54836183,2236678807857120000000,736,0xa6eda1465d259ce1643833561e36fce3d54993ad
0x607Cf70d75A17facA9807DC859F1e40B54836183,5663867174708820000000,737,0x4f92881a95fb3bf91b4cf838bf861d0e967c41ee
0x607Cf70d75A17facA9807DC859F1e40B54836183,86844116800013500000000,738,0xc499afb7a48cddcae12c1bb12ccfba65c00f6a39
0x607Cf70d75A17facA9807DC859F1e40B54836183,4561469487148320000000,739,0x5325dc6066048940e933af43fbc1d9fd9ca979ee
0x607Cf70d75A17facA9807DC859F1e40B54836183,5589958983517350000000,740,0xb1d9d44e361e8af028cb202be0159e5af7afa375
0x607Cf70d75A17facA9807DC859F1e40B54836183,134135355709639000000,741,0x3d60b65857017703c2dd8a4b3f0485c68de7f7ab
0x607Cf70d75A17facA9807DC859F1e40B54836183,2500000000000000000000,742,0x298523faa843ca40e83b7934170ca874a4fa1b04
0x607Cf70d75A17facA9807DC859F1e40B54836183,3213528816256200000000,743,0xf29b6be9bee1de7434bfc727f8a2a3590995354c
0x607Cf70d75A17facA9807DC859F1e40B54836183,97011043941382500000000,744,0xcc2e601f4e686366b7a0a581eae4d26b0768f4b2
0x607Cf70d75A17facA9807DC859F1e40B54836183,4791744546201580000000,745,0xef034e6523f1fa5a7cc0fec2569101aeabd249c0
0x607Cf70d75A17facA9807DC859F1e40B54836183,3743000000000000000000,746,0x04cd9cc35601bb748cbc98b549545f44068cddeb
0x607Cf70d75A17facA9807DC859F1e40B54836183,62435805256338600000000,747,0x63a2cbc6bceda3cc12fc7def000c465c20bf3bee
0x607Cf70d75A17facA9807DC859F1e40B54836183,85880000000000000000,748,0x8b321f1e491f78234ad1627effc3debb5c8d4230
0x607Cf70d75A17facA9807DC859F1e40B54836183,194812000000000000000,749,0xcacc10840b02bab5e9fcb20c897d786514b601f5
0x607Cf70d75A17facA9807DC859F1e40B54836183,408650167351200000000,750,0x29a64c38a4a4166ff5097b86d22fcd353bda5cad
0x607Cf70d75A17facA9807DC859F1e40B54836183,75153386753552300000000,751,0xd93ec7e214c50fe64050d0a88002942f0e242659
0x607Cf70d75A17facA9807DC859F1e40B54836183,1171790446118970000000,752,0x01707f015c69a2146704982d99e7f906aaaa7992
0x607Cf70d75A17facA9807DC859F1e40B54836183,1516903690000000000000,753,0x52255adf53a3be2c9576dba3afdb46c582ee52b7
0x607Cf70d75A17facA9807DC859F1e40B54836183,804746560508277000000000,754,0x3e13dbf9608a43d0ab4fda8d6c8052a39e9c35e3
0x607Cf70d75A17facA9807DC859F1e40B54836183,5000000000000000000000,755,0xe2942d62c2d00ac4cbdb29af64f6ec06ef156aca
0x607Cf70d75A17facA9807DC859F1e40B54836183,10000000000000000000000,756,0xff037cb5f1c99c1c653c5786f8bc89af232c77fb
0x607Cf70d75A17facA9807DC859F1e40B54836183,164089631000000000000000,757,0x3eea986f694a6c5c3e1468f34f1f83e1fd3b868d
0x607Cf70d75A17facA9807DC859F1e40B54836183,60874512023340900000000,758,0x79e3371d3b3941b2b43e653181e52e91789113a3
0x607Cf70d75A17facA9807DC859F1e40B54836183,848395558402009000000,759,0xb9440515c94a66b15ccadea014808a1710209c69
0x607Cf70d75A17facA9807DC859F1e40B54836183,14747921816258600000000,760,0x4da39bbbd489b36f9a0aae72374f2440ddb39404
0x607Cf70d75A17facA9807DC859F1e40B54836183,2500000000000000000000,761,0xcfc55da075180410ae20a754e151065b4287b92d
0x607Cf70d75A17facA9807DC859F1e40B54836183,2455749304100380000000,762,0x8c1565b607994cf0fd0643a4369ef58bba3942ba
0x607Cf70d75A17facA9807DC859F1e40B54836183,9967822601323590000000,763,0x7b230f8235f3e3b14aefd3ed657479e8ffd931a7
0x607Cf70d75A17facA9807DC859F1e40B54836183,571024748573780000000,764,0x8579bbf4db5f2af1dd5c56374129c7df0e56e42b
0x607Cf70d75A17facA9807DC859F1e40B54836183,15470076761660800000000,765,0xb2089ae37a98db2314e5616f1246a69efd56f711
0x607Cf70d75A17facA9807DC859F1e40B54836183,11536795405015600000000,766,0x18fc15d6a2cf92f523e5d6cf878e39f354b88093
0x607Cf70d75A17facA9807DC859F1e40B54836183,26101455916026800000000,767,0x39c4f7fc1ba0870215fea5e94bee67b5ceeaaf02
0x607Cf70d75A17facA9807DC859F1e40B54836183,30534613066509400000000,768,0x4a9b562176bd1da06b3cc265f2710251d5e98290
0x607Cf70d75A17facA9807DC859F1e40B54836183,2677193121543690000000,769,0x1411bde0514d1182bf8f34f8a31cc3edc6b0889c
0x607Cf70d75A17facA9807DC859F1e40B54836183,5545258536359850000000,770,0x05932d66c43fbd43e9c17d8e6593a04642ef5c53
0x607Cf70d75A17facA9807DC859F1e40B54836183,3162208381424120000000,771,0xc6d6510000166c4e4043a68249952a7fd9650e19
0x607Cf70d75A17facA9807DC859F1e40B54836183,5014102740000000000000,772,0x8a806bc475331f20022d897e4f9dc066bf0324c8
0x607Cf70d75A17facA9807DC859F1e40B54836183,5532013324308060000000,773,0x60c928ac1addcdd88315d21c12854475e4212951
0x607Cf70d75A17facA9807DC859F1e40B54836183,5721090021015990000000,774,0x43f4158b448ddb9fa74424bd8f026de92dae9f9c
0x607Cf70d75A17facA9807DC859F1e40B54836183,372222569323041000000,775,0x5836b63945d38ac241b700942796f3faaceab1e3
0x607Cf70d75A17facA9807DC859F1e40B54836183,2570757585643650000000,776,0x628d405f175821a6463274414720e64ade28fa74
0x607Cf70d75A17facA9807DC859F1e40B54836183,8799429292748410000000,777,0x6dea8be3f839f802975b52faed98b9242a63b445
0x607Cf70d75A17facA9807DC859F1e40B54836183,511966550503492000000,778,0x0675305120949d8e9f506380238360d47c1d76f1
0x607Cf70d75A17facA9807DC859F1e40B54836183,89571353465302600000000,779,0x2c8cddb4ed5aa7d28fcfcc75313de4286e0b5e32
0x607Cf70d75A17facA9807DC859F1e40B54836183,94920000000000000000,780,0x4d061713f112100fbda4c7d4d8e82000ad90267c
0x607Cf70d75A17facA9807DC859F1e40B54836183,5585154496084650000000,781,0x15f82bbae76e64065b930b1b37dd7cb9471766db
0x607Cf70d75A17facA9807DC859F1e40B54836183,5472316795412770000000,782,0x825c5396b353d6f510f13de42adf39ed29eabaa8
0x607Cf70d75A17facA9807DC859F1e40B54836183,10442398833259000000000,783,0x0c3a4fa7075aef89a5970e9c2607e04e7a074c32
0x607Cf70d75A17facA9807DC859F1e40B54836183,5538133216526920000000,784,0x78afc368a8a09560efef5d6424954b0725b78a74
0x607Cf70d75A17facA9807DC859F1e40B54836183,7879997667537590000000,785,0x8be9e4cda9ad24a6370b3f12b2959325246fc82a
0x607Cf70d75A17facA9807DC859F1e40B54836183,1706852622094240000000,786,0x3e0f006584a7bbbe777e1fde986ee55b85005237
0x607Cf70d75A17facA9807DC859F1e40B54836183,30115994407746200000000,787,0x6b6ca48da27304eeeb1d15d355d948f68b852733
0x607Cf70d75A17facA9807DC859F1e40B54836183,5548662591447880000000,788,0xaf7a56cfbdeb059aa23327fccf90d74a239bd9d2
0x607Cf70d75A17facA9807DC859F1e40B54836183,5566085491634640000000,789,0x6b42cde21d4c95dbcf45cfe82c34d43e1b2686e4
0x607Cf70d75A17facA9807DC859F1e40B54836183,5449939237369340000000,790,0x58dec75199a186534e39182cad8d8be1a8994899
0x607Cf70d75A17facA9807DC859F1e40B54836183,22274995143262400000000,791,0xac1da0859e165ebef8bccd0a876905c3ff499da4
0x607Cf70d75A17facA9807DC859F1e40B54836183,2498356063427980000000,792,0xd690b7e99ac77658784fe48b755a73a863625caf
0x607Cf70d75A17facA9807DC859F1e40B54836183,5564582921077720000000,793,0xa89883404318a533885ad69dccb4d65d8e79a78e
0x607Cf70d75A17facA9807DC859F1e40B54836183,4135727913793290000000,794,0x74ed4b81890739185a04634ef037c4b3b4bf53ba
0x607Cf70d75A17facA9807DC859F1e40B54836183,2385101872035240000000,795,0xeeccbda1d96b4746752afec17431382b8c2819b5
0x607Cf70d75A17facA9807DC859F1e40B54836183,562917438317913000000,796,0x2b2332978d79ac1d89914fe7c1cc48970a71a825
0x607Cf70d75A17facA9807DC859F1e40B54836183,288319389880647000000,797,0x8666f346df38c7e38430690397935259a3b782a2
0x607Cf70d75A17facA9807DC859F1e40B54836183,799735283300068000000,798,0xea9aba09189cbcb9545824ac6650f8f075b693f6
0x607Cf70d75A17facA9807DC859F1e40B54836183,2481342408617240000000,799,0x3f1a54684bbf27e4b7ac4474f022b782a3a79686
0x607Cf70d75A17facA9807DC859F1e40B54836183,2452847492366980000000,800,0x0c824dd3516483b011fea03ee376592b6340402b
0x607Cf70d75A17facA9807DC859F1e40B54836183,472451565248389000000000,801,0xbe782ec98ce7135a056e31300a9831fa35d52865
0x607Cf70d75A17facA9807DC859F1e40B54836183,552476165872483000000,802,0xd4be1baa6ce343431a37aa77d3d960030d989a71
0x607Cf70d75A17facA9807DC859F1e40B54836183,8880256409689560000000,803,0xee7e4cd9272a71a893713b0a56c143b5d8c034a3
0x607Cf70d75A17facA9807DC859F1e40B54836183,108439567470590000000000,804,0x4f1aac726b8322fab05971f5732f8658ce4b1f75
0x607Cf70d75A17facA9807DC859F1e40B54836183,24489547471005300000000,805,0x5ae923e68436d29042c37ddcd037db58abd19032
0x607Cf70d75A17facA9807DC859F1e40B54836183,201764043979170000000,806,0x005d545a2eee6e57b1f8baffc97bfc71787f8f92
0x607Cf70d75A17facA9807DC859F1e40B54836183,461800198087552000000,807,0xf1c05dd73e643e40cdedd439e1770432ed6eca6b
0x607Cf70d75A17facA9807DC859F1e40B54836183,388980602040253000000000,808,0x383f554cadc3cf7a7a2c1f649dc947e86d995ef1
0x607Cf70d75A17facA9807DC859F1e40B54836183,133853946951231000000000,809,0xe175c44341736349fcb4c1498eb27d77b96d7bb3
0x607Cf70d75A17facA9807DC859F1e40B54836183,16656764269411200000000,810,0x514a7e9bebdb461a633e412603d2f8b426bc88ad
0x607Cf70d75A17facA9807DC859F1e40B54836183,604993857671814000000,811,0x411798e357825f57a842bae53fbbb2d3976639fe
0x607Cf70d75A17facA9807DC859F1e40B54836183,962387100000000000000,812,0xf72b782cb874ac045b3205984052c1a8bf451157
0x607Cf70d75A17facA9807DC859F1e40B54836183,564307443252199000000,813,0xc65f79472282ef74ca4129a360a583c2efaebcfc
0x607Cf70d75A17facA9807DC859F1e40B54836183,33453157619259700000000,814,0x6ba55bfd21895746f86ce2ba2b977f920447d82e
0x607Cf70d75A17facA9807DC859F1e40B54836183,97664457072393400000,815,0xf4f80fd1bcbf407adfcc17c2f27a4c262bc4a8d2
0x607Cf70d75A17facA9807DC859F1e40B54836183,3725234840000000000000,816,0xf8896b3a560d2255d1dbbbee1cec10b032c756a4
0x607Cf70d75A17facA9807DC859F1e40B54836183,2376768550000000000000,817,0xe4f63f33e9b762246e7abac576f56c9f77fee147
0x607Cf70d75A17facA9807DC859F1e40B54836183,2382421375000000000000,818,0x0fb4240d6b852350bb5cb808e3b24e446f2a01d3
0x607Cf70d75A17facA9807DC859F1e40B54836183,2374887100000000000000,819,0xe49ed6c54c34ba69e84bb9c71691e21f69df63db
0x607Cf70d75A17facA9807DC859F1e40B54836183,2374887100000000000000,820,0xf7e9d94e771b8eb1997ffc018ee33c2ddf2119bc
0x607Cf70d75A17facA9807DC859F1e40B54836183,2376768550000000000000,821,0xd19389e34df0c070f34030b18129ec83b5aadecb
0x607Cf70d75A17facA9807DC859F1e40B54836183,2369235970000000000000,822,0x05d1cdfe9678682b880040ad846fcda747cfae42
0x607Cf70d75A17facA9807DC859F1e40B54836183,2376767420000000000000,823,0x5050d3b8a16553a2797aa46c8b658205532d7a9b
0x607Cf70d75A17facA9807DC859F1e40B54836183,568390000000000000000,824,0x48c9e64ac10db2a1092efd8cf89a101ff0bf83d5
0x607Cf70d75A17facA9807DC859F1e40B54836183,13912401995759600000000,825,0x43824c33a585946ea739c38bc83fee3155ded297
0x607Cf70d75A17facA9807DC859F1e40B54836183,13698940595688700000000,826,0xbc3d0b08028bb6a510f214f331deafb6d830ab00
0x607Cf70d75A17facA9807DC859F1e40B54836183,339373730501034000000000,827,0x6544c3ede0f63381492b68ac3f790abf6d01e42c
0x607Cf70d75A17facA9807DC859F1e40B54836183,259900000000000000000,828,0xa315377102acc6a2add99c0baad2c9012b95b240
0x607Cf70d75A17facA9807DC859F1e40B54836183,13995019958864400000000,829,0x8e0ab3889492c3d94444b55a21f34f66d9779c64
0x607Cf70d75A17facA9807DC859F1e40B54836183,14467729735367800000000,830,0xd8f6bf24faf972b40b78e740291516386c10f526
0x607Cf70d75A17facA9807DC859F1e40B54836183,10708113646771600000000,831,0xa567501abf12f401c9e613b6323c43cf29b0f92c
0x607Cf70d75A17facA9807DC859F1e40B54836183,5650000000000000,832,0x7e4167a8ac2eb4e3a2cd0ec370cb6b07de216830
0x607Cf70d75A17facA9807DC859F1e40B54836183,5474234436547620000000,833,0x887fa37fc0b96df80be314ea59b7b02b63e8be32
0x607Cf70d75A17facA9807DC859F1e40B54836183,113787636466150000000,834,0x34b77024c963ae3794f76c46502b6dc60d9d57b8
0x607Cf70d75A17facA9807DC859F1e40B54836183,11988877885356000000000,835,0x56f2c4cb8518d0a4ec749593df574f7597a36140
0x607Cf70d75A17facA9807DC859F1e40B54836183,1457954874010180000000,836,0x4e92e9c4b3e0e32d1d389520341f214c8061aa72
0x607Cf70d75A17facA9807DC859F1e40B54836183,26402730805550900000000,837,0x385c1cd65f9d681b60642cf8c1c1ed201f064718
0x607Cf70d75A17facA9807DC859F1e40B54836183,139673036336122000000,838,0x7bdd41cd947b1202ce605f5af5f80890abf49ba0
0x607Cf70d75A17facA9807DC859F1e40B54836183,2549449322800620000000,839,0x9a00a353525fcd6f8599cfcd3c2e6895b7b74621
0x607Cf70d75A17facA9807DC859F1e40B54836183,10609243105030800000000,840,0xb3d01d33cd613a24c2890c9cb138224f0f7727e6
0x607Cf70d75A17facA9807DC859F1e40B54836183,40325000000000000000000,841,0x3a92b4bf4f6528dd12f8b0feb4e91768f65be781
0x607Cf70d75A17facA9807DC859F1e40B54836183,12312256050552700000000,842,0x273fdfc4c0b2251c4758b54e1ae9b5b5ee6c4455
0x607Cf70d75A17facA9807DC859F1e40B54836183,2691942222942550000000,843,0xb1a1662c074db8e65863b5f412fcc65471e0742b
0x607Cf70d75A17facA9807DC859F1e40B54836183,704776111298741000000,844,0x978d5a5e2f908a7475b230c3266ba61ccbd9aed8
0x607Cf70d75A17facA9807DC859F1e40B54836183,26570280856693400000000,845,0x551d9262265f9de3b6b9a29ef13d412ee96e3dcb
0x607Cf70d75A17facA9807DC859F1e40B54836183,2166176100000000000000,846,0x4db5dd00731ae3b04e7128d0413dcfe854c8a276
0x607Cf70d75A17facA9807DC859F1e40B54836183,3121130349161240000000,847,0xe2a2d9c4ae144b8c66134522a57a994ab4e7e08b
0x607Cf70d75A17facA9807DC859F1e40B54836183,272051207091724000000000,848,0xa9eb95cf5d2f1c5bf0c68bd5cbe863b1fa3ca6cf
0x607Cf70d75A17facA9807DC859F1e40B54836183,43697019547258500000,849,0x14b8e759e1cdd510522973dcd84edf82dadf57a9
0x607Cf70d75A17facA9807DC859F1e40B54836183,34034947674919300000,850,0xf1df09bba5e4440e8a5ae410dd4e199706d23bf4
0x607Cf70d75A17facA9807DC859F1e40B54836183,17446366584912500000000,851,0xc69801cdba5e5ad2b91084b78856578b33e469db
0x607Cf70d75A17facA9807DC859F1e40B54836183,41859011262628800000,852,0xba70e40c218534db2d91d86bb317a62cea5c1cac
0x607Cf70d75A17facA9807DC859F1e40B54836183,43598399431349500000,853,0x0c9c5f404943180a689670414364c6e9af844c9e
0x607Cf70d75A17facA9807DC859F1e40B54836183,30551216359081100000,854,0xa0f129d76120248c5cac0bf91995108e9fbffa8f
0x607Cf70d75A17facA9807DC859F1e40B54836183,33850006458427800000,855,0xfda63aaee492844ab2ced371858d0d478a4887d9
0x607Cf70d75A17facA9807DC859F1e40B54836183,33531491037407000000,856,0x50be426559e42a249c0ae3254b98f4e34ae4e17d
0x607Cf70d75A17facA9807DC859F1e40B54836183,36325313293268200000,857,0x59b7cab462e5725739144c9ba2df896422ee8493
0x607Cf70d75A17facA9807DC859F1e40B54836183,2056811102650820000000,858,0xdf0d1567e52a3f68ae63a1e436cf6a870bcbbe39
0x607Cf70d75A17facA9807DC859F1e40B54836183,354233246859290000000,859,0x14eadb7a1fbc99f1d16c10e4295fe28ef795fa8d
0x607Cf70d75A17facA9807DC859F1e40B54836183,19259303195454700000,860,0x0f922af2cafad417ab72b83706a87a307fc8f2e9
0x607Cf70d75A17facA9807DC859F1e40B54836183,34221591526980300000,861,0x9801676c2abc339e5395baafb48b17aebd4f9372
0x607Cf70d75A17facA9807DC859F1e40B54836183,17079788666089800000,862,0x4847704242589b93f52e46e4a824f0eac474edbe
0x607Cf70d75A17facA9807DC859F1e40B54836183,39582000274668300000,863,0x89141bc0cee51f6f9c1e5d093402ce5ab5a4bb00
0x607Cf70d75A17facA9807DC859F1e40B54836183,31015117297748700000,864,0x28eea86d03ac9f020e4539abd350b79550978b26
0x607Cf70d75A17facA9807DC859F1e40B54836183,45531246639576200000,865,0x4b8d42484d48414f7a3467ddd8fbacad53a010eb
0x607Cf70d75A17facA9807DC859F1e40B54836183,28318794373687200000,866,0x494531110e5a3dde01725e09fed7165ecb16c626
0x607Cf70d75A17facA9807DC859F1e40B54836183,49210879272704500000,867,0x8aa72b7fe620999f7a784097a1e7de42f225fa70
0x607Cf70d75A17facA9807DC859F1e40B54836183,22807859079972900000,868,0xe2c44f05ad18a39e78e24c8caa8f812d47842e31
0x607Cf70d75A17facA9807DC859F1e40B54836183,29180670045628500000,869,0xb05519ee93df8b9659d81f6db18eb6236483d0be
0x607Cf70d75A17facA9807DC859F1e40B54836183,45434494060672900000,870,0xd70b45437d6c87d90929bf35c4fa11af9d17534a
0x607Cf70d75A17facA9807DC859F1e40B54836183,45294824919678000000,871,0x97952a15d277b63cd9093738f31bb6507db197b4
0x607Cf70d75A17facA9807DC859F1e40B54836183,51932376858397000000000,872,0x827c4243634e99b146c9fc73cf703af5e5d183cc
0x607Cf70d75A17facA9807DC859F1e40B54836183,4534337196348210000,873,0x18e650e72a775c9dae4a17aeaf12a7ecc58c4af9
0x607Cf70d75A17facA9807DC859F1e40B54836183,43706878319919500000,874,0x5d8e88ac5751be8054c699ad218bda56cccb5ae7
0x607Cf70d75A17facA9807DC859F1e40B54836183,22253918012341300000,875,0x399a1f04d6cb5aa37c2929f9c2cf5882cc673ae8
0x607Cf70d75A17facA9807DC859F1e40B54836183,17825885848597800000,876,0x430d7d89b37cf053c4ec9be0e728a1c68cbf92ae
0x607Cf70d75A17facA9807DC859F1e40B54836183,6297837475369910000,877,0xa7ee858b0ddea12fe1552a325f69b1e0f45f5f21
0x607Cf70d75A17facA9807DC859F1e40B54836183,19552345913279600000,878,0x09b0f2620fd63073c3a1640e36d2e60f32b30972
0x607Cf70d75A17facA9807DC859F1e40B54836183,9810401981726170000,879,0x9d941690744697475eb9b19f3946efcdda4b9b8e
0x607Cf70d75A17facA9807DC859F1e40B54836183,8504899839756230000,880,0xe2cc06af647a79095a695a041d9244fea7cea8ca
0x607Cf70d75A17facA9807DC859F1e40B54836183,22719971938132400000,881,0xba8d0c2c542ebcf964e376b3e5d7a3a92fc424b4
0x607Cf70d75A17facA9807DC859F1e40B54836183,19336414212902600000,882,0x87c974f3d39880292e8ceca4887a6fdfe1378e9e
0x607Cf70d75A17facA9807DC859F1e40B54836183,30680325554043300000,883,0x4fb49e917866e0ea4a5a32672daf82ec5d87fe0f
0x607Cf70d75A17facA9807DC859F1e40B54836183,16381246945496300000,884,0xbb05d0b838b9e638eead511c9fde81726a887a8a
0x607Cf70d75A17facA9807DC859F1e40B54836183,21957096449144200000,885,0x61ad008ad0789f551f0ee0ad1d37c2c9038b13b6
0x607Cf70d75A17facA9807DC859F1e40B54836183,8304506159929240000,886,0x7cfd9347dafcd3e213e96607ed926bbd62f31b4d
0x607Cf70d75A17facA9807DC859F1e40B54836183,4660562680115300000,887,0x82d2a82d8435253961a6594e930ac07185cf540e
0x607Cf70d75A17facA9807DC859F1e40B54836183,11888095678317700000,888,0xb1c6518277faa3855f25a81ba60e8e163faa1090
0x607Cf70d75A17facA9807DC859F1e40B54836183,4978642426218200000,889,0x5957d4f482f81709cb2ebabc0de8745be85041b1
0x607Cf70d75A17facA9807DC859F1e40B54836183,19308571164073300000,890,0x2552ba4b68f343eba16bfc0ea8bfa97259edfd9a
0x607Cf70d75A17facA9807DC859F1e40B54836183,13928671234164000000,891,0x22b7c15b71aaa36c5b7915763cd7996dbada642b
0x607Cf70d75A17facA9807DC859F1e40B54836183,8066804887683750000,892,0x879294b5b444f1ca88f39cdb01c7ebd84f9a87e6
0x607Cf70d75A17facA9807DC859F1e40B54836183,22807839616695800000,893,0xad6c1d56515a74fb81461938117800e225e59f90
0x607Cf70d75A17facA9807DC859F1e40B54836183,5805774791238790000,894,0x4d292fad974483f00ad1efd1556e74a5f2501347
0x607Cf70d75A17facA9807DC859F1e40B54836183,6206327760068840000,895,0x6c469037e41b98cbbec25db75b28c46ff5ea61be
0x607Cf70d75A17facA9807DC859F1e40B54836183,285922844707577000000,896,0xf785b62107d26cc9973fc1f9355e52bdf682ca0c
0x607Cf70d75A17facA9807DC859F1e40B54836183,2347123814221500000000,897,0xf7d136c88b93eff4b88768932c7888c97da88dfb
0x607Cf70d75A17facA9807DC859F1e40B54836183,5911027333029710000,898,0xce58868f49b99dfb35a1bfbcd733dc7b59048060
0x607Cf70d75A17facA9807DC859F1e40B54836183,9967093629901340000,899,0xf3c0f9ba71a8a164f9216d517ff2fbf569089ca8
0x607Cf70d75A17facA9807DC859F1e40B54836183,11432198883438900000,900,0xb33368571a076a8208a714262e8b3658fb43bf71
0x607Cf70d75A17facA9807DC859F1e40B54836183,266225392010059000000,901,0x3e740017e14824fc603e08d69ba586a80359b56f
0x607Cf70d75A17facA9807DC859F1e40B54836183,2864965641955490000000,902,0xb6e3633baca360f52d51c88b2a1b00200275e54b
0x607Cf70d75A17facA9807DC859F1e40B54836183,5661473945015460000000,903,0x4dc23375f99f8002c91c69a57133027fc11f9ba4
0x607Cf70d75A17facA9807DC859F1e40B54836183,276812389983096000000,904,0x1a5420e77c910b14f0ebf26aed25c26b908cb21d
0x607Cf70d75A17facA9807DC859F1e40B54836183,268915664653011000000,905,0xf9e06cda588fb2f2d8a96efb6b6d49af13020f93
0x607Cf70d75A17facA9807DC859F1e40B54836183,464754016255596000000,906,0x53fcbdafd7da701d152c6c7b23437cde759dc93a
0x607Cf70d75A17facA9807DC859F1e40B54836183,1365762101383380000000,907,0xa20828d3b102aca429961cf37136919e3eff457d
0x607Cf70d75A17facA9807DC859F1e40B54836183,13024445441851100000000,908,0x2ca6e764b6395c5e69aa6eddc5f6454bff5d8cc3
0x607Cf70d75A17facA9807DC859F1e40B54836183,26029748428405200000000,909,0x4df600b807681b889f574e43d8cbf139105ca2f1
0x607Cf70d75A17facA9807DC859F1e40B54836183,13221464911121900000000,910,0xae53daf17c7525f3b34086dc0a9443f5d81d1907
0x607Cf70d75A17facA9807DC859F1e40B54836183,287678255912958000000,911,0x1b378d1c5eb9db696e10b413f506abd4ae19c8c3
0x607Cf70d75A17facA9807DC859F1e40B54836183,13221714379804600000000,912,0xe8f3e8c0eda05700fe425dbe3a3a1a9367cecb86
0x607Cf70d75A17facA9807DC859F1e40B54836183,10000000000000000000000,913,0x0b96940d7409fa9b5e5d86f03c4847ef5b97746b
0x607Cf70d75A17facA9807DC859F1e40B54836183,13289791546142700000000,914,0xa56f72354af02153426a19f9f2b64f0eb336546c
0x607Cf70d75A17facA9807DC859F1e40B54836183,13762233737240300000000,915,0xdd95f6323a88ec307e1d5b631faf3832c0a99bcc
0x607Cf70d75A17facA9807DC859F1e40B54836183,27888227562623900000000,916,0xa0d983b38cf2fd5f5391f2ef7881876cd7dc9365
0x607Cf70d75A17facA9807DC859F1e40B54836183,13106137818371900000000,917,0xb10846c3301e19c389fa520b3240110929402702
0x607Cf70d75A17facA9807DC859F1e40B54836183,10026195451186500000000,918,0xf5b905852e9c9cd5f6857f6f314871760eca7bca
0x607Cf70d75A17facA9807DC859F1e40B54836183,2500000000000000000000,919,0x52e5cab0ede7303c3de191ed04e2d22766df31d0
0x607Cf70d75A17facA9807DC859F1e40B54836183,14794171612545900000000,920,0xee14f431ea96224239cb429eca3982d6492b9eb3
0x607Cf70d75A17facA9807DC859F1e40B54836183,23935703929653800000000,921,0x4e6903a8636a902a31e97121664d4ba55d66490e
0x607Cf70d75A17facA9807DC859F1e40B54836183,14027310147416300000000,922,0x6af28afe58c873579e80d2bd0c6e883401edcecf
0x607Cf70d75A17facA9807DC859F1e40B54836183,12437281988550000000000,923,0x7ac159f266be93e67c24f91caf18a42be711ed12
0x607Cf70d75A17facA9807DC859F1e40B54836183,1118343357436290000000,924,0x1c3b1091381eee617fec568d8524b2f7f064cfb8
0x607Cf70d75A17facA9807DC859F1e40B54836183,31247404763349900000000,925,0xf0a067eaae33f91f4ebb25e123334a1ca8970f3f
0x607Cf70d75A17facA9807DC859F1e40B54836183,7000000000000000000000,926,0xfcb09bf2635e216b18fda08dadf1f011aa2a287c
0x607Cf70d75A17facA9807DC859F1e40B54836183,462690064440992000000000,927,0x481b2fe0972f8e9ce15e58753d07d77ea6ad5fb8
0x607Cf70d75A17facA9807DC859F1e40B54836183,3561852146150360000000,928,0x2b9f8654b2b4c56cf8b07249e89fa7c38a76036c
0x607Cf70d75A17facA9807DC859F1e40B54836183,792130000000000000000,929,0x4f725e7cd53d76af3dde36bd05dd06292a6f3c56
0x607Cf70d75A17facA9807DC859F1e40B54836183,4599541022993290000000,930,0x322e128453efd91a4c131761d9d535ff6e0ccd90
0x607Cf70d75A17facA9807DC859F1e40B54836183,1532231901836460000000,931,0xca2964c50babca62afae92386aba942c78fe90bc
0x607Cf70d75A17facA9807DC859F1e40B54836183,32736906271161300000000,932,0xf1ae6201f681d8539ae07b74210b81187374b0be
0x607Cf70d75A17facA9807DC859F1e40B54836183,131337205745220000000000,933,0x131759470ca68a3d88bd14b5a68f35178349048f
0x607Cf70d75A17facA9807DC859F1e40B54836183,1657142328173200000000,934,0x3092adf3da46df094013282f73fbf638fc83b071
0x607Cf70d75A17facA9807DC859F1e40B54836183,1371619300586450000000,935,0x20d35fa020ab42d3a28dce864fab609e59a45823
0x607Cf70d75A17facA9807DC859F1e40B54836183,7000000000000000000000,936,0xb5f292147793fcb045bd977c97c941cb3fbe28ba
0x607Cf70d75A17facA9807DC859F1e40B54836183,14647326275990100000000,937,0xc75e787218e307bb5e3037bc210892c459fac708
0x607Cf70d75A17facA9807DC859F1e40B54836183,500000000000000000000000,938,0x8646f32d157de233f0070bd43a9ecb88143b9888
0x607Cf70d75A17facA9807DC859F1e40B54836183,19262121722640200000000,939,0x09bac567d73e8bc701a900d14c90c06644ea0156
0x607Cf70d75A17facA9807DC859F1e40B54836183,1281807338550990000000,940,0x3c734bc75f663304d71da217c216fd9d67912e16
0x607Cf70d75A17facA9807DC859F1e40B54836183,1320547943605180000000,941,0xda6235274e7ba8cbdb3367c1a0a5d9a303997789
0x607Cf70d75A17facA9807DC859F1e40B54836183,3261753322597180000000,942,0xc2fa9583c46f1bf7d09e1c479e2ce1c3861732d7
0x607Cf70d75A17facA9807DC859F1e40B54836183,195625654469338000000000,943,0x679e48815fe89662c12eb05c7baaca9674973cc0
0x607Cf70d75A17facA9807DC859F1e40B54836183,3191584973700910000000,944,0xbebe4edad8fd9e7c3d7c14ced49f5383e1975943
0x607Cf70d75A17facA9807DC859F1e40B54836183,1461412168648140000000,945,0xe76183d03fcad988f74a2645c122b06b467f6649
0x607Cf70d75A17facA9807DC859F1e40B54836183,4754496549926930000000,946,0x7d66f6c12604d7a199d44114d2ca435386a8272d
0x607Cf70d75A17facA9807DC859F1e40B54836183,523747285820412000000,947,0xca82208f0d0b12dfeece333e5d05b80f56604fc4
0x607Cf70d75A17facA9807DC859F1e40B54836183,10170000000000000000,948,0xe9369560a730f5a3510c2c9fc63d7ea773d390a0
0x607Cf70d75A17facA9807DC859F1e40B54836183,1656830230000000000000,949,0xeb7846ad58fbdac651830d5370a94488c06f282d
0x607Cf70d75A17facA9807DC859F1e40B54836183,719508871669365000000,950,0xfded2df82e49661f57e788f0689fcc0bd31c3464
0x607Cf70d75A17facA9807DC859F1e40B54836183,22344310881996600000000,951,0xecf5e76947dfb0fe0b23c04e1f3112dd636d1ae7
0x607Cf70d75A17facA9807DC859F1e40B54836183,21998309240181300000000,952,0xc19ed1fa9fa3968fe12e97aa4d511ab6bce1320f
0x607Cf70d75A17facA9807DC859F1e40B54836183,3207368162980530000000,953,0xc2bf1de8ea815eb7b39087b72fdca3079cabd877
0x607Cf70d75A17facA9807DC859F1e40B54836183,189628625174612000000,954,0xc16958cc973b527d50b784c8aca29c0f20c78377
0x607Cf70d75A17facA9807DC859F1e40B54836183,20014838594693500000000,955,0x7883f39c6c0f7a349c7e54f1a20c015dcece2056
0x607Cf70d75A17facA9807DC859F1e40B54836183,598116456580042000000,956,0xb20f2c187e606c025e3abcef7c12774cc98e3250
0x607Cf70d75A17facA9807DC859F1e40B54836183,1130000000000000000,957,0xcdc5b46fe8f802bbf31e396338da78a0770e1d86
0x607Cf70d75A17facA9807DC859F1e40B54836183,304594333262673000000,958,0x725cad3a27145654ccd2f26c32ee1ecbd462f198
0x607Cf70d75A17facA9807DC859F1e40B54836183,313882628938757000000,959,0x467057739b5d969a2435cc336b15219152c63ee6
0x607Cf70d75A17facA9807DC859F1e40B54836183,305691043946200000000,960,0xbbc1ca5ae020ef698d5bf97c580eee8e951319f1
0x607Cf70d75A17facA9807DC859F1e40B54836183,566893740120136000000,961,0x364d608b25b24b7a8011a7cd6a9b7f230d2d6949
0x607Cf70d75A17facA9807DC859F1e40B54836183,605674191118158000000,962,0xe0e4b9e563a4f1a878ef71f0bbbba327677ead24
0x607Cf70d75A17facA9807DC859F1e40B54836183,11359094270358600000000,963,0xe5d9d0fa5779b7ebde19e8265d7f25e9a01b2dce
0x607Cf70d75A17facA9807DC859F1e40B54836183,581525212776277000000,964,0x02449b9afb223c8f4ac24432ae7ed07ac5080881
0x607Cf70d75A17facA9807DC859F1e40B54836183,9313985425604660000000,965,0x61a91f236a58bd09ee7d66305e60a85f628fa0cf
0x607Cf70d75A17facA9807DC859F1e40B54836183,7500000000000000000000,966,0x0c18cc3c5851802abef52e10118c2ad6f391bf7a
0x607Cf70d75A17facA9807DC859F1e40B54836183,4187389058199990000000,967,0xd6a9228c5bc7773f0fa1eb0e097b293d00233654
0x607Cf70d75A17facA9807DC859F1e40B54836183,1497250000000000000000,968,0x9f263068d72c2e5bc05cf8c54bdb9cda932eef32
0x607Cf70d75A17facA9807DC859F1e40B54836183,596527000000000000000,969,0x4a4c8e15ccc184e9eff2cbbbbb06ebc2571fe6f0
0x607Cf70d75A17facA9807DC859F1e40B54836183,2327802283394390000000,970,0xde8541c907e189d339e1e0e2e2a6401d1d6baed1
0x607Cf70d75A17facA9807DC859F1e40B54836183,159099597388581000000,971,0x4b570c1f0186df6190b3013f6f72a9476c17e8c9
0x607Cf70d75A17facA9807DC859F1e40B54836183,38420000000000000000,972,0x635a03f2f7f61b1b4b0f22fe07ea9d27bee31744
0x607Cf70d75A17facA9807DC859F1e40B54836183,249131031903036000000,973,0x829b87c820d931b6eebc2f046b023c3864afb6df
0x607Cf70d75A17facA9807DC859F1e40B54836183,258848817968997000000,974,0x4624d4ded1e8089be5db22e5c7bc07a59c7af85b
0x607Cf70d75A17facA9807DC859F1e40B54836183,111771437646484000000,975,0x7a6474146639853b40a6bfd0c0af902cf933f3ae
0x607Cf70d75A17facA9807DC859F1e40B54836183,14598677991870700000000,976,0xb609099b6bbab96b126d2542a8d521d6ecf448f0
0x607Cf70d75A17facA9807DC859F1e40B54836183,2360671705797000000000000,977,0x0e1a259e93aeb0c3b789fbe1bc363d6e01f83e4b
0x607Cf70d75A17facA9807DC859F1e40B54836183,14420267480141200000000,978,0xbc5873598daa239772f89cd5bbdb13a9dd1eeb88
0x607Cf70d75A17facA9807DC859F1e40B54836183,627898267229796000000,979,0xa8f8ce7f66e2b46000e1ccd63cf074717468f461
0x607Cf70d75A17facA9807DC859F1e40B54836183,943948597131798000000,980,0x306f2adeaa4cce9fe5f21177c936524c089a67a4
0x607Cf70d75A17facA9807DC859F1e40B54836183,8888501547131730000000,981,0x578dc56ab5163526b674b4e275388e577d32f285
0x607Cf70d75A17facA9807DC859F1e40B54836183,863083452745246000000,982,0xc37f5dc79705a93a9e005bdb60b0d86a3e6245ed
0x607Cf70d75A17facA9807DC859F1e40B54836183,12504024803466800000000,983,0x97bad317387f33f8ca8a29da4824387ce5a74b43
0x607Cf70d75A17facA9807DC859F1e40B54836183,331202985452041000000,984,0xeb126e5cfefd3459e3de587c740138cc58bec0d7
0x607Cf70d75A17facA9807DC859F1e40B54836183,81942098811004200000000,985,0x9cd75894548a8969e924f0b3af6bf8dc27612b71
0x607Cf70d75A17facA9807DC859F1e40B54836183,1251765154996180000000,986,0x1146711a144045d3da4bc3fe82dfd7926074e838
0x607Cf70d75A17facA9807DC859F1e40B54836183,1262397750556830000000,987,0x5ef664d835792823c41b69c74a880f580702a446
0x607Cf70d75A17facA9807DC859F1e40B54836183,1290382782123990000000,988,0x37e88fd44e5695fe38d0ebc3fdb9e8a97c82923a
0x607Cf70d75A17facA9807DC859F1e40B54836183,8164488148740150000000,989,0x08b746d26f050e18247b32c72cc4e50de8a22402
0x607Cf70d75A17facA9807DC859F1e40B54836183,7000000000000000000000,990,0x3f6c7fde65cd44627bb2452440af6843082ce9a9
0x607Cf70d75A17facA9807DC859F1e40B54836183,1062996299874020000000,991,0x3a20ae4f8de8fc9a119ba08bdaa050009edb7302
0x607Cf70d75A17facA9807DC859F1e40B54836183,2265655453380090000000,992,0xce88d5f09e863ecfabc417a962ffb4854f393c89
0x607Cf70d75A17facA9807DC859F1e40B54836183,24911496406976600000000,993,0x310850102e7bacc12d89fabbd6768eba9e08cd10
0x607Cf70d75A17facA9807DC859F1e40B54836183,23898299136271900000000,994,0x9bf9dd190f2a91c87af76621a1e1e6b49906b6ca
0x607Cf70d75A17facA9807DC859F1e40B54836183,16032062367828300000000,995,0x36e85f33b6f6f6f0fa4e17b972530248a1c613db
0x607Cf70d75A17facA9807DC859F1e40B54836183,1000000000000000000000,996,0xee597ec35edd33af936a27da631c223bae6146bf
0x607Cf70d75A17facA9807DC859F1e40B54836183,15910670473397600000000,997,0xa9be8afc2255bff5cbf3956f8ee33a2186891a50
0x607Cf70d75A17facA9807DC859F1e40B54836183,5650000000000000000,998,0x0f31d4ce252f8b7d45ff695cce79db8e732a0736
0x607Cf70d75A17facA9807DC859F1e40B54836183,15820000000000000000,999,0xe8758bf29d41e99f010a756fb843cecb12917bab
0x607Cf70d75A17facA9807DC859F1e40B54836183,2601384300000000000000,1000,0xa7b98ff47722fa7faecfd84e98cdc53e4f472710
0x607Cf70d75A17facA9807DC859F1e40B54836183,15274750000000000000000,1001,0x02aed212b3317ee947cf8e0f2f0e525d6f979b69
0x607Cf70d75A17facA9807DC859F1e40B54836183,2691660000000000000000,1002,0x19ffc4978ee7c1760969cd7305e3786277f41d89
0x607Cf70d75A17facA9807DC859F1e40B54836183,1023516773035170000000,1003,0xd23939a2995e56723c542a5b3d3051a0a80d4dbe
0x607Cf70d75A17facA9807DC859F1e40B54836183,13919015791855700000,1004,0xf6934c96326f2057c52af635acce63a859311e58
0x607Cf70d75A17facA9807DC859F1e40B54836183,19346207141046100000,1005,0x9bfb3a539d29ad81491daba7bbeb0f9225c16036
0x607Cf70d75A17facA9807DC859F1e40B54836183,13922733564953000000,1006,0xbdd6779db60792dd346f84df544178175aeb0c7e
0x607Cf70d75A17facA9807DC859F1e40B54836183,4282190208938540000,1007,0x64d6c3865f2350e8cb36d98353ed8b65878d989b
0x607Cf70d75A17facA9807DC859F1e40B54836183,42000836659473800000,1008,0x48c30caa7d912e2dd7c056c1fd481192060e6a4c
0x607Cf70d75A17facA9807DC859F1e40B54836183,34555618345403200000,1009,0xa7e372864488d7493ffe07a259783a69e93608a6
0x607Cf70d75A17facA9807DC859F1e40B54836183,11585576979936300000,1010,0x26d99545ad35b87cd32e2cb772898f78c9c53779
0x607Cf70d75A17facA9807DC859F1e40B54836183,11454980589972700000,1011,0x411fe595a573fe7f82a960c28f86e84e720acba7
0x607Cf70d75A17facA9807DC859F1e40B54836183,592994469854968000000,1012,0x7c2461a9f45282dec121fb468cac00f72337fb14
0x607Cf70d75A17facA9807DC859F1e40B54836183,208206406135350000000000,1013,0x428be6ddfa627a671beeee0102399ff476683791
0x607Cf70d75A17facA9807DC859F1e40B54836183,132237429693403000000000,1014,0x8b02221954f11ec2f0685fbafbe70dbda587b624
0x607Cf70d75A17facA9807DC859F1e40B54836183,22600000028409800000,1015,0x2e05d8d2e4b8ea5b0a5b19d87a218ba150400a5d
0x607Cf70d75A17facA9807DC859F1e40B54836183,4992336878160980000000,1016,0xfd57084561d29ef194c6db8c2fe4908a11ee3c97
0x607Cf70d75A17facA9807DC859F1e40B54836183,1858595174745700000000,1017,0x0900c95b9ae08b88d81f8089b08097d223a9b5df
0x607Cf70d75A17facA9807DC859F1e40B54836183,50001982892450000000000,1018,0xa6a2ad1320cec227f24f404fccc120b71b41757d
0x607Cf70d75A17facA9807DC859F1e40B54836183,13837572401033500000,1019,0xcaac6067d9a42d58195e5f1247993a5b43a400f4
0x607Cf70d75A17facA9807DC859F1e40B54836183,50006024792856100000000,1020,0x6c3c301bb3af46c86205844c7ad9ef8bd6593baf
0x607Cf70d75A17facA9807DC859F1e40B54836183,4080897107217160000000,1021,0x109fdcbdcc49a2017459b4d5d39e885d18e96207
0x607Cf70d75A17facA9807DC859F1e40B54836183,530685839070390000000,1022,0x4a702395817f2a51ed45b4f3ebe6bfb3bfe41c76
0x607Cf70d75A17facA9807DC859F1e40B54836183,4271120640882010000000,1023,0x33142e616f37b1eebdc46ccbb3fad03dd3dd1c84
0x607Cf70d75A17facA9807DC859F1e40B54836183,214700000000000000000,1024,0x322b8188acd4aea04bb79ec0ced9d95dfdc01942
0x607Cf70d75A17facA9807DC859F1e40B54836183,1192150000000000000000,1025,0x089d7854d3add52873e9217486c6bc0a80698e24
0x607Cf70d75A17facA9807DC859F1e40B54836183,4620420284341620000000,1026,0x1e006b8c762f0b4136744095dffdb8941112411a
0x607Cf70d75A17facA9807DC859F1e40B54836183,3569579683664470000000,1027,0xfe1dad74cae5532f1e1469320d5daa9d70377e1a
0x607Cf70d75A17facA9807DC859F1e40B54836183,127037566798672000000,1028,0xa15e5586cce9086d7e9ee16e878edffdbe79b62c
0x607Cf70d75A17facA9807DC859F1e40B54836183,4520505436768090000000,1029,0xfb33f1e0013513704dbcfbd2e73e9d4ee2f92908
0x607Cf70d75A17facA9807DC859F1e40B54836183,4668352730068860000000,1030,0x07e2fdce7f6340d8e07e71ff164ab93cbd13a98f
0x607Cf70d75A17facA9807DC859F1e40B54836183,3729001883333330000000,1031,0xa86f4e6586987ebf9005c82301c5f48c73882cf1
0x607Cf70d75A17facA9807DC859F1e40B54836183,68394483431854700000000,1032,0x23d31a5750cb33effc81a67df4b34d98d4ec4d68
0x607Cf70d75A17facA9807DC859F1e40B54836183,134003531333977000000,1033,0x078484c97313b98fdbf144405ff044c5b7a96fbc
0x607Cf70d75A17facA9807DC859F1e40B54836183,119478130412021000000,1034,0xae4d9a67d24832613f277e08e25342c227184fb7
0x607Cf70d75A17facA9807DC859F1e40B54836183,250000000000000000000000,1035,0x22daa9dcef3e0e5c6a5e69ce82cae7451ada40a0
0x607Cf70d75A17facA9807DC859F1e40B54836183,467184105899783000000000,1036,0x1c578c29ec4c9267156112df394312a4e00cf79b
0x607Cf70d75A17facA9807DC859F1e40B54836183,2627440503345050000000,1037,0x5590bbe1c513f9f5c3787eb80cccb8b13873bfe6
0x607Cf70d75A17facA9807DC859F1e40B54836183,19549664622980600000000,1038,0xb5e0c5a26ed9cd9c1684fbb1138d5952c53349f8
0x607Cf70d75A17facA9807DC859F1e40B54836183,39565967842434900000000,1039,0x5baa688ddffa6b0cff959a8fa06671ceba330a20
0x607Cf70d75A17facA9807DC859F1e40B54836183,1565542994116730000000,1040,0x7496f952fad9fd32f63ab481aee51e1493e1ccf6
0x607Cf70d75A17facA9807DC859F1e40B54836183,3404000000000000000000,1041,0xfe3c6993920ac33ba28378a9f92e18de52795117
0x607Cf70d75A17facA9807DC859F1e40B54836183,16361611559580200000000,1042,0x1c618597257694e85134d809d3feb09bc4aec747
0x607Cf70d75A17facA9807DC859F1e40B54836183,5438904603035830000000,1043,0x04631d0e8b1a7efb9470f81e512eaf0d7dfb9eb8
0x607Cf70d75A17facA9807DC859F1e40B54836183,7462500000000000000000,1044,0x942a79202a94222819466594d6a0854cfea082cb
0x607Cf70d75A17facA9807DC859F1e40B54836183,777725888954016000000,1045,0xa99c3c45062a6c68999a8f11d6d7d2c2fecd66c7
0x607Cf70d75A17facA9807DC859F1e40B54836183,2499900396925000000000,1046,0xeb129015e51ee819e2a765b8dae3b76d13fae3ee
0x607Cf70d75A17facA9807DC859F1e40B54836183,105127584374726000000000,1047,0x528935b9889780e8ffe3b3abfb614d31718d9965
0x607Cf70d75A17facA9807DC859F1e40B54836183,269663200000000000000,1048,0x2beaab4e2774e2bf25d31dd4b36c725ef91c0e92
0x607Cf70d75A17facA9807DC859F1e40B54836183,25928695828821800000000,1049,0xe4b32bcef3154f9d3d882ee8e1136b4ef28c47bd
0x607Cf70d75A17facA9807DC859F1e40B54836183,4360103608043080000000,1050,0x239a9c2e1a96fb1b8a522bbd222426e7211f9bc2
0x607Cf70d75A17facA9807DC859F1e40B54836183,35000000000000000000000,1051,0xeb74c6e3c046e16190dfefb7d3cba84db5790cc4
0x607Cf70d75A17facA9807DC859F1e40B54836183,34999375000000000000000,1052,0x94625be060d1e09698c616a5808efb083c769166
0x607Cf70d75A17facA9807DC859F1e40B54836183,1771287681481440000000,1053,0x099ea5192cb4470f94ea5d52535363223599450b
0x607Cf70d75A17facA9807DC859F1e40B54836183,73161066578684600000000,1054,0x416a29d1e4ef38e4e1c1f48fa101e7fa7fcb65fe
0x607Cf70d75A17facA9807DC859F1e40B54836183,5075401277375880000000,1055,0xce0fb36a3529f6768ccbeca894c9900a7ce7b8c9
0x607Cf70d75A17facA9807DC859F1e40B54836183,32334428053014300000000,1056,0x11c4820c6869d43f3b49b7eb49dc6c09eed12cab
0x607Cf70d75A17facA9807DC859F1e40B54836183,644803218083520000000,1057,0x5d9bdba5896d17315579862392bde5f56b6d2629
0x607Cf70d75A17facA9807DC859F1e40B54836183,17625880066205400000000,1058,0xe8c8ea20a7c47dd979947f1a6229ff9ac68febd3
0x607Cf70d75A17facA9807DC859F1e40B54836183,72320000000000000000,1059,0x4c5a9965c5de8662cd743beb40dc3f4bb0eca864
0x607Cf70d75A17facA9807DC859F1e40B54836183,59054793938596100000000,1060,0x98a8a0e239142fcfd697331580f237f2df72642a
0x607Cf70d75A17facA9807DC859F1e40B54836183,536207937062615000000,1061,0x9878819f2dd1445f60ec9739f79dc8ceecec41fb
0x607Cf70d75A17facA9807DC859F1e40B54836183,4701852347377700000000,1062,0x347e5ffe1434a408416cdc6c31e3524d71471e80
0x607Cf70d75A17facA9807DC859F1e40B54836183,146545036606983000000,1063,0xfd6bd56cda0c0b4479f605889fbf9818fea71cec
0x607Cf70d75A17facA9807DC859F1e40B54836183,241362300544479000000,1064,0x1717c1974b9f2bd8fa29a064a0bdb686c1525139
0x607Cf70d75A17facA9807DC859F1e40B54836183,12481373182617800000000,1065,0x79fdf243cc3c623360105691f8175605dc14c678
0x607Cf70d75A17facA9807DC859F1e40B54836183,7699377300272170000000,1066,0x970b8afcedc38165a611b1bb3eeebf9d19229603
0x607Cf70d75A17facA9807DC859F1e40B54836183,163342871229562000000,1067,0xbfd69f27c27e5d4210ec127ec7d7c2c13d0eadeb
0x607Cf70d75A17facA9807DC859F1e40B54836183,956813371079844000000,1068,0xe33e95e19f927f364d617e35ffb3e92aa29a62b7
0x607Cf70d75A17facA9807DC859F1e40B54836183,947748275619881000000000,1069,0x99a7db24effd51aa44b33412c2e1b21903dd56e5
0x607Cf70d75A17facA9807DC859F1e40B54836183,74327300297866100000000,1070,0x5c4e456f9bf7c6e83bdedee5192762d66b3c8b27
0x607Cf70d75A17facA9807DC859F1e40B54836183,3725856447841700000000,1071,0x56b32744bb8aae79f34e7701e581cb6e2136e0d3
0x607Cf70d75A17facA9807DC859F1e40B54836183,39550000000000000000,1072,0x9c66d83c558f7b0e2b718abecf07333f18c750d4
0x607Cf70d75A17facA9807DC859F1e40B54836183,1452506554579670000000,1073,0x425c26e95bdda441855d184e8ea08f3e3e202b1f
0x607Cf70d75A17facA9807DC859F1e40B54836183,6445441493664710000000,1074,0x69072df70f72bd1c53314baed81ac200f9ae6c53
0x607Cf70d75A17facA9807DC859F1e40B54836183,33645554022264600000000,1075,0x1073db69bdd171348e472baf83f801ad71e4444a
0x607Cf70d75A17facA9807DC859F1e40B54836183,192631006720472000000000,1076,0x69f9916960ec2749ebd8d95bd3b07bac7e82328e
0x607Cf70d75A17facA9807DC859F1e40B54836183,3742668645216140000000,1077,0x01a66607e2f13f89c1af094e7bac50082f094686
0x607Cf70d75A17facA9807DC859F1e40B54836183,275720000000000000000,1078,0x0ee56e2eae57c190cd8f04e06a21d2bff46661da
0x607Cf70d75A17facA9807DC859F1e40B54836183,141787728136309000000000,1079,0x16cb5679300f47429c3a4e8177a48fcad46ba6b4
0x607Cf70d75A17facA9807DC859F1e40B54836183,141250565000000000000000,1080,0xfefd67ff63e01edf62742c7497a4412ef37de324
0x607Cf70d75A17facA9807DC859F1e40B54836183,570980525505144000000,1081,0x035b8489004400adb9ea890c40cd09e8995577fd
0x607Cf70d75A17facA9807DC859F1e40B54836183,16570294133401500000000,1082,0x5f4eca85055fff26decf454d49c0e9a1288a65bd
0x607Cf70d75A17facA9807DC859F1e40B54836183,2061171669389310000000,1083,0x4ee185fc27811ea6d436495ded42e0f57f5d3a41
0x607Cf70d75A17facA9807DC859F1e40B54836183,70119924315754700000,1084,0x65ab9eb45fd0cf121d4d527be37c9026e1b7e918
0x607Cf70d75A17facA9807DC859F1e40B54836183,415840000000000000000,1085,0x1d541162a4a2c64042be2df25c8d26ce39c592ad
0x607Cf70d75A17facA9807DC859F1e40B54836183,2870453241508900000000,1086,0x752aac9fb0b5ff9caaa939bc7e3493ae5f5da5fe
0x607Cf70d75A17facA9807DC859F1e40B54836183,56994679662142300000000,1087,0x301da9a8700a7d4dd3b3022de6be4feaa43cb1d1
0x607Cf70d75A17facA9807DC859F1e40B54836183,2798087321369790000,1088,0xb8924e9003ab9529129a5d91bcf2feb368738e9a
0x607Cf70d75A17facA9807DC859F1e40B54836183,487724065334090000000000,1089,0x836e71f16a53577edd2ea377a8ab29a90ae0cdc0
0x607Cf70d75A17facA9807DC859F1e40B54836183,199289401788162000000,1090,0xb87d9671e0e846301b03ac5a17a0256fbbfe7dd7
0x607Cf70d75A17facA9807DC859F1e40B54836183,134952586183696000000,1091,0x309e1471586f7793274e4df2417a69c4b6956bb0
0x607Cf70d75A17facA9807DC859F1e40B54836183,202471275023248000000,1092,0x18a08d43cda6bf56690c872b327e2ae615ecd4e2
0x607Cf70d75A17facA9807DC859F1e40B54836183,12402592161481400000000,1093,0xa74ef63bffac18eb2172126909145dcfae623257
0x607Cf70d75A17facA9807DC859F1e40B54836183,104985785566036000000,1094,0xcfa281fc0d6d8dac480d44ec6b685baa002f2b44
0x607Cf70d75A17facA9807DC859F1e40B54836183,162155238110210000000,1095,0x72de26a6614fe10c7356d227ffe2f9afba37248c
0x607Cf70d75A17facA9807DC859F1e40B54836183,141250565000000000000000,1096,0x25c1e4da8a277ec55ec1c38a053e707141459eb8
0x607Cf70d75A17facA9807DC859F1e40B54836183,2262904149072490000000,1097,0x553d47b3b4ae2892ea0a5342c27ee4c7744400d5
0x607Cf70d75A17facA9807DC859F1e40B54836183,2781686533829370000000,1098,0xc55f44744acd8ef593f584e9b0de50d7b2e454ad
0x607Cf70d75A17facA9807DC859F1e40B54836183,4631692082786990000,1099,0xfb6db7aa2a7c66b1f194c27c3214b7d28cfd6f2a
0x607Cf70d75A17facA9807DC859F1e40B54836183,5901732633584300000,1100,0x604058a910c70586f942d27caacbf0ddac592933
0x607Cf70d75A17facA9807DC859F1e40B54836183,5894571602730660000,1101,0xba0e5713eb13da1dbcc7ad2e79639671d82c7bb0
0x607Cf70d75A17facA9807DC859F1e40B54836183,5918397079351940000,1102,0x3fd719ddd13fc924943dfe995bb0265b400275d5
0x607Cf70d75A17facA9807DC859F1e40B54836183,13915385749692000000,1103,0x82480db974974244a0b90822913db9dcd95013f2
0x607Cf70d75A17facA9807DC859F1e40B54836183,13875534650854000000,1104,0xa9f38c82d7915a6cf098f4f80a87faa9450b1cc9
0x607Cf70d75A17facA9807DC859F1e40B54836183,16155345274979500000,1105,0x29037ff4c184f575f49aa16ab169ada19a2720b1
0x607Cf70d75A17facA9807DC859F1e40B54836183,15657767169690400000,1106,0xf9eb3ff6750e2ac20fbaf3d082acfad1fcfd7681
0x607Cf70d75A17facA9807DC859F1e40B54836183,135706035567050000000,1107,0xdb4450ab02c78ba540a400c3e2429a75c90ebd34
0x607Cf70d75A17facA9807DC859F1e40B54836183,171375769149192000000,1108,0xd7137ad0cb7d02e8ddb9c9a8f7a3a7c00e14f4d2
0x607Cf70d75A17facA9807DC859F1e40B54836183,97450512771855000000,1109,0xfde17d06f38b76aa22017f88fa45ecc5df7eb177
0x607Cf70d75A17facA9807DC859F1e40B54836183,20245492897719000000,1110,0xc185cd537904d8faf3991990c231dab74535e1c6
0x607Cf70d75A17facA9807DC859F1e40B54836183,39232744763879100000,1111,0x7d3dfa9534fc1ec160fb41d20c5f895e59cadeaf
0x607Cf70d75A17facA9807DC859F1e40B54836183,40003758997521100000,1112,0x67b1df527b6a6dd3918deb48f728b3bc58c51d8a
0x607Cf70d75A17facA9807DC859F1e40B54836183,57391041267794700000,1113,0xa75b753703d76f1a854c3bb656c3fa86265e1f38
0x607Cf70d75A17facA9807DC859F1e40B54836183,51277935494176800000,1114,0xfccadfd9b2b75abcd757221c2983d50aef9961c9
0x607Cf70d75A17facA9807DC859F1e40B54836183,421307088489765000000000,1115,0xad6a649023ae05a085678d0824000d1ef27b0923
0x607Cf70d75A17facA9807DC859F1e40B54836183,11715567032666000000000,1116,0xae4d11613aa9d723677e12cdf21af839459bfd40
0x607Cf70d75A17facA9807DC859F1e40B54836183,34747425394139000000,1117,0x06c57207adf91461a63820a64aedcd4b24f224ce
0x607Cf70d75A17facA9807DC859F1e40B54836183,121464386321207000000,1118,0xc2395776f961c2cacd06ec11e5281eb230c03e12
0x607Cf70d75A17facA9807DC859F1e40B54836183,997904384677000000000,1119,0xb6188e6d1ca76a443cebc5413df9d16659c5eed8
0x607Cf70d75A17facA9807DC859F1e40B54836183,31578642700422400000000,1120,0x979875010b9a7925c5955de120e483cf56998e48
0x607Cf70d75A17facA9807DC859F1e40B54836183,13632634398586400000000,1121,0x716410bfb864a494df9b943a63e942e6e895d21c
0x607Cf70d75A17facA9807DC859F1e40B54836183,488732785656608000000,1122,0xe36dee0392194e0a4e592850cac1bd88d9bb719f
0x607Cf70d75A17facA9807DC859F1e40B54836183,60249166013901700000000,1123,0x7442411f5f176e3e2e0c057c08b7f2993fd2820a
0x607Cf70d75A17facA9807DC859F1e40B54836183,14336416101759800000000,1124,0xee5f40609f3ad53d4de2433109335b4bfc28e521
0x607Cf70d75A17facA9807DC859F1e40B54836183,35344719578096800000000,1125,0x2864be4b616bcde06a635776dfb4ccca3d2a0ed0
0x607Cf70d75A17facA9807DC859F1e40B54836183,49016456045619000000000,1126,0x7ce3e44f1c02d35e530c03fcff19de23f15ae60c
0x607Cf70d75A17facA9807DC859F1e40B54836183,134452774423583000000,1127,0x39a986a0c815b656bc3a74a7028e593652ec521f
0x607Cf70d75A17facA9807DC859F1e40B54836183,57262628223922800000000,1128,0x283af487868cecb95c3d6f586214c70e095e96dd
0x607Cf70d75A17facA9807DC859F1e40B54836183,32282999122389000000000,1129,0x501de854259e41c339c03982629e4bb5576f9b61
0x607Cf70d75A17facA9807DC859F1e40B54836183,2898764761646490000000,1130,0xa93ecfda2a2f7fac49ccb24183844abd92cd864e
0x607Cf70d75A17facA9807DC859F1e40B54836183,2519402400354560000000,1131,0x4baa17b36018c709473cd7218a65849e12667e56
0x607Cf70d75A17facA9807DC859F1e40B54836183,7140726284542650000000,1132,0x40bb0be4171a888da2a6c46ac6ae505a63fb3ae9
0x607Cf70d75A17facA9807DC859F1e40B54836183,13981480216299200000000,1133,0x9e2de6c3d858309d44b8a961b16a74cd1d21a35d
0x607Cf70d75A17facA9807DC859F1e40B54836183,134035035030820000000000,1134,0x14326074ecf4a630a1fbdff861b42fc8e690667b
0x607Cf70d75A17facA9807DC859F1e40B54836183,14037021223135300000000,1135,0xfec391411c560c89449a1549a2fa37699453275e
0x607Cf70d75A17facA9807DC859F1e40B54836183,13428390093830800000000,1136,0x8afe875d4c22254b7ac0343714b30a9bb5a3d1c9
0x607Cf70d75A17facA9807DC859F1e40B54836183,18609794293102800000000,1137,0xd5fa8c09d8535670ce1164d4f5102593f6bd1240
0x607Cf70d75A17facA9807DC859F1e40B54836183,24662317823896500000000,1138,0x409017a1c404e456ce93191929b06b1bab5c918f
0x607Cf70d75A17facA9807DC859F1e40B54836183,18538307803531300000000,1139,0x34b20e68f071bb5801714ec8486d4e2fbddd3184
0x607Cf70d75A17facA9807DC859F1e40B54836183,16777442705502200000000,1140,0x665b326f1e566ab223b30f30b05b2c3955890a44
0x607Cf70d75A17facA9807DC859F1e40B54836183,449217336583762000000,1141,0x4382964e09e1c402024bd504655904fd90a4e981
0x607Cf70d75A17facA9807DC859F1e40B54836183,635744823106828000000000,1142,0x21d939897f9998771b7ee3647bf81cd7d0aae044
0x607Cf70d75A17facA9807DC859F1e40B54836183,150984698119903000000000,1143,0xe775fa8b106f428a5c96f80a53b2ae01c8ac0577
0x607Cf70d75A17facA9807DC859F1e40B54836183,5145959724410820000000000,1144,0x10890742a1a20a936132072c20ae77b081486190
0x607Cf70d75A17facA9807DC859F1e40B54836183,206290030174891000000000,1145,0x8d4456e19f057e5914b0bfa26abadcfda5664313
0x607Cf70d75A17facA9807DC859F1e40B54836183,250345869360855000000000,1146,0xa0bbc65077467317674b4db02f33a6bd986c7d4e
0x607Cf70d75A17facA9807DC859F1e40B54836183,23429366979762900000000,1147,0x310b42cbf1937cf0817aa9fb023de7f08ee5e99a
0x607Cf70d75A17facA9807DC859F1e40B54836183,665219052511972000000000,1148,0xe9d2b3587f7ddb4891b1ad3e8a07d58d5a3a2c29
0x607Cf70d75A17facA9807DC859F1e40B54836183,1307371022923720000000000,1149,0x7da0355397aa56ec7121d8dadccc04550217a188
0x607Cf70d75A17facA9807DC859F1e40B54836183,85179075356618400000,1150,0x261e97c0445ca180fc096eab84a6d37726a2a34d
0x607Cf70d75A17facA9807DC859F1e40B54836183,10513809512366200000000,1151,0x7a0f06055713ba59c998e590b54c7bde07c5b359
0x607Cf70d75A17facA9807DC859F1e40B54836183,2292161774813500000000,1152,0x9d80ba83e105789eeb4125d00c571aaba08342c2
0x607Cf70d75A17facA9807DC859F1e40B54836183,287585000000000000000,1153,0x8184ec25479c7abafb62def5bc4ceaae070e4d78
0x607Cf70d75A17facA9807DC859F1e40B54836183,452000000000000000000,1154,0x89c4e28a11c782524f73433eee9964077c9283a5