1,0xB667191fd6EE93D7031cc84e1C1ccf7aBBDB4c6A,0xf357C9612f9C8671dfa42F5095E2Fcc40Ad42E28,QmeZ5zHPfhrUeYY4D1kzHTS3BPKFrcTxbRrmC3gXsYNVmi,4
2,0xDcC9618DFd6f9D850ceE346737e7e9Db92C823cF,0xfE3d7AB68884e6bF20Cb362f287192f3B9F9afD0,QmciTdDd8AhVKe6t7cG1ziJcvez93x7W1yiHgbvv7os2ob,4
3,0x91CCE66796Bd624149290eA2cBfD0d5De5E3d757,0x43D35a4cA1400a4615A6A9b7a3e7CBb3c223A475,QmVoN7dMWwLJACj3qKW9sD22MJPuK7SrjDUZP5PaRDSefy,4
4,0x9232284B87F72Ae022C2b4a7FC21DDDef6AE4A6F,0xEb7fc0e25fbE470586E388763Aab8b29D8fDCD14,QmWMw4mZ4PhPXxsY2Vs65L2QJ3FwaKFL4KibsUdDYSVMPi,4
5,0x4D5B86707064B406815C02c779E5514b60A50674,0xe57C1b6D85e910C41C8e1715C312b01478515f48,QmZjEDYBF7t5WbNcd51co4Ca6Bi3fwqqk2sLVYnt1u7KkA,4
6,0x0e304f13D94dd4c173CbCcf2FD577747822c57d9,0x866Ad1f2B28b13Ef9F481d80D00A73bE89124b81,Qmf4yGTMmXwDkqHZuAHeMYsoLQGXvQGrKA1vWAsHzEHKmD,4
7,0xE5319225187eF5C4ab354F069138aE2591bceac8,0x89abbC7E7B781dAb73c3086f30c4861E6DDb467b,QmUxYzZmNYsreTwSWp3sC6BBW3oSUQgC59fNTe9tstqnnq,4
8,0x698A25AA2Ce9294Cf89325eDdC92D4d77f89abCD,0x60bA6110cB0c027A87B3759F8AB985fbc98c2a12,QmeinCYuy7wQsiRVtSKrCMv39NZnowjyp2zDXiJTs8HZp7,4
9,0xf23EE54099aFF3902144f0aC794BfEa4562D88Eb,0xc3a8e0581935907E27AcC41c0B7Ee92ed68B22b8,QmVqHc1UZchFZ9gcgJFFsgPaLwUVPK1kphvEpNmk5V1ad6,4
10,0x38c7Df3f9f00F38667E54edEE7A1d2caec03cE31,0x39eC3737B415f99610c2BC8AC202D0eD0509BBC9,QmaaF4wuXTbc8v9M39YQQMnWoeT9dLXMF9xoCKJMdWjXGH,4
11,0x91Cd803f1c6f20555C58710bA5c555b0dcA0a25B,0xb8D8bdAa717bA881250390fB2576d136d1A61908,QmPYzd9D5cu7W4iJsBj3u3Pxd1fd8rMJMS5yow2efK33cB,2
14,0x50182fE7ac6775C0ebcd3C84F41eF4F6f0Fd6424,0x5AAaceDF5a180e084d5eBAc2E55Ea484cf0d2780,QmXjLextSNd4k8ySUxMafCTwbF7PpqJbnd2iNg6T3enMaf,3
15,0x2320165B5e46Ef2622619260ddDE317152405a3f,0xcabb007fA53Eb92bE679D2f2cfb4Ff0E0A556E01,QmNrAEvG5jMD4VyR5BQCGevDmGz5pf2BMj7pDzr1MdRjRM,1
16,0xBCa964a207f0b8515E824192edD401226261BAD5,0x20c285e69E1747564376022303988AEd8afe1A4e,QmU2MaU9ZDg5QRzZRAPrn9DXMrWusuLWNCZPx9adFiE7hP,1
17,0xbe25C2896e95dEc166B7dfC0ccdf91FBFfE73a4D,0x80fba1f1F11b7f4e2bbF0197DA045Fb82002C9DA,QmZ5XJ3dirPU3cdpH6wk5xPyLK5FptW674xcp1sFhTFKPP,2
18,0x814a78369dC900c080B9B07c3a9Fe77D4E57F239,0x84B81987f6CA3Cde2A50dAca42a58A132099C731,QmPNGhEFtRyZCU92Unf9r554tq9i6nen2YJoJTfsTvzeFS,1
19,0x48BDfe66421EEcb675D62268D8fBe651abB06E20,0xDd5c493f7CE31839598B60b3Abe5F5e587632d84,QmZjThmYXv1bVap78zhoDbTK9LrMZPtCbMBoQZsLviBMeH,1
20,0xa74e110864F053ca1525F31125E6B84927A152cE,0xf3b8869C906f5C185084aB379DE0c607F23f4747,QmZJpFyv7NhHz6isRYX6rvUsykfsvsqYCJyH1xmj5p8fmq,2
22,0x62391d0aCBcb9a36D96D166877E62e877F070a6f,0xd002f6c28CEa8297c1b8704Ef8949bc9e5135692,QmZCfMZT1PCZhre2RKou7HWLFCxGgFmA3Ww8WYcCM39ZtU,1
23,0xAD8002abCe8A7d99dD3F4fC38471f141209b7E02,0x41d2cbEB28Ef1a2469AF32C5AB71b09034E76828,QmfEfLomGdtSzv7gfzhwJDQKeFTkbMQ4kRoP6dz5ykr5Qn,1
25,0x484aF67f2d4e4d93AC8AC17B3648817412334f32,0x75Dad1F315c1bD5c4cD60328B949Ce75B593DeF8,QmekbDswV1duPSUsL8s2Ew7nPqTCsymqgmFj9BFhbzaofd,2
26,0x947975B502E0b61D2b0C92E7239EBD2dDb13b24c,0x9cAb916493D31D1114a1D4F9a497aA886c1506E9,Qmb9UwXbRcR9RWi7hSVTTZr6gkqpc44BAiGQeGfn9c1myS,2
27,0x311CAa836c96201B8b8f64613D70738D1124C2B5,0xfF4B1C13a4f4eb28dEB65D07b2a380849402A2A5,QmNtnxTazXyyrbsfzyRSrTRWffuYbRU8hXX2u4i9mKsCht,1
28,0x8b2fDf41B7635F99faFb5747536Cbf3Ac3F1bEc1,0xeB86036b580A0F76894Bd0A7Af5723349813011D,QmdXyPtPfxtHCpD4hcKEGH1SwNdG57GUXjQx1gMaKQsuHb,2
29,0x3170077e87639646221Cabe28626a4E29A64D922,0x5E2531895621571F75e87E7cc1611A89C34cBd25,QmZBFSABgqwtUsdStD3Z8a2UvBhWMfzAMj8Em3HW2LtRcn,1
31,0xa3c95ADcad1326A5770940bCC90837fB672B7644,0x6375FB9311E409fCd134E7db885C3c4f59B096B8,QmPT2xSvB37doVyBX22dKyKTVeDPDTrDe4V4tUF67TWVG6,1
32,0xc57816C828CB401c8C51C2dedb6EBAACa62A951C,0x63A2CBc6bCEda3CC12fc7def000C465c20bF3BEE,QmUjKh3qV53nxWDBuML55gaToFah88y4hHmdDr5AdD4mdh,2
33,0x71688eECe181091C7FfCeb202C81e4823d1707D1,0x6b6cA48DA27304eeEb1D15d355D948f68b852733,QmXPzRgJytkueRhrGfAkpCk27psXTr8nbWqGPaNrK4hNXF,2
34,0x3B1D81f9d5EB51212047aafB2a086AD4876729F3,0x72fDf34F142FDB6f40CC1220E1Ae959f6c84DDC4,QmNQNpaDBLfK69otvFmEHo1cnPDuLHNb2EdgJ1bH6NnJGE,1
35,0x8cEdbB7E2F7930CE350Ff3eca518C6D7f16b190c,0xB1C1fd557045662aa6bA5C3c5D35F897C8A98b0c,QmUgTYTQr5GLgW7G2WJfXAJnoxshguy8Lt6cqa2oKcJoVy,1
37,0xcf71dC2e0CAc9f7bdA56F7b78859D0FCb1eFf4aE,0xba9cf060C5bfB19bCef56e230aE8C21Fb2047F1d,QmQ75HiwCUEcVPvUnBzTgn38QNJoBzpkiUmq3qCcwTwS7F,1
38,0x3608A15364Ab71ce725be38783DfB7B3C3c9E8B9,0x068308C1e42cB29bF0a7114a400D530c0Eb59F7f,QmawvphVwoQkWXh6tEV3rNs86g3HTHKbSnUP7Q5rcgDaNs,3
39,0x2A855220d1CBeadb8EAA303808bF5b6EdFc73836,0x6572B4ea0865f71536dc34c12A6749A3993F8BA9,QmTQUUwwk79dQtsLr3jX3qg4FRF2cJYcs83xkPAQ6KsALa,1
40,0x5Bb28926C582d303c2EB24E1E990db9c0e37d6aC,0x203Dfaa7A2D1ff5185aF9f20d7C34bc85D621ACe,QmXRN9vsYaLfptJ8HCqaxSxXTLAqFpENc4eF2SHGpCo1Kw,2
41,0x91b5057760d97bA115BFab821Aff2d597FBF1f47,0x224377dF89271fb881FD53F1FB64C709f0B3086C,QmZNTGGv58mYZhirP8KcnhmZxYibsMKJ3UvsjpeaRRBDhW,1
42,0x50fc2cDeB99B1C652290984aFbEcb54Fd5c264b4,0x3fB0cDB134bdFe1d80Da4bf305D57019c18Ec8cb,QmdMiKXA62upghzZ3NY23UFvQFBybCPGu7RXNzVbqN9kLZ,1
43,0x4741d22325D47C4239aF7d6e28C9faA246ef7A4F,0x78192828bDdA122034DE3C83a087412F9a1c464a,QmVxKvZGLbry8R9wpCAQeq1NV8gHshAzd35STjCwtnjgox,1
44,0x07E682650B2dcC7aE94B516588fddc2921fdaB2a,0xb4464DAF78B280ae8f2eAd48a1531729FAc725b3,QmSPgPU8FknedNSWHxphFGMzfuwSDtjdN4VpiCuVex4iLF,1
45,0xCC1b465cB94C6262464e065147dF9F30c5A9364b,0x8eC7e756e13688b650F942Ccce8964dF8e5f12dd,QmNg1mFDx7ST1Wh3Pk11tpvQu7BQKBPvPHHVvbeWpZao4A,1
47,0x5d2f3A666AF0817bb8065EEDF5cFc0075923a9AD,0x8C1565B607994cF0Fd0643a4369eF58BbA3942BA,QmThXciZrKepf48tmuPtrq76E9Xp1i7LwccL3pje7VkXUQ,2
48,0x42be4638b477326EC6621Ece2675220d967e652C,0x61C00c2127b958df33e992185e476078E6C4bA8F,QmbrQGiJpz5G8hncfCskRVmKjFVNenf4Vc3uD9DMiadNcJ,2
49,0x11d24cf59e3ed3EF4eC663D5F24a4F50C06311F1,0x20E76b9E84E1F77E3b2280E7918D63CA2Eda646F,QmSP319AaiUEKKK1AHNyFatbuxNBDyMGuQBtbwhG5rHg4L,3
50,0x6c5c5D0bADA1D98e6151294b181449b2c156eEEC,0x8f4714060188f4b878739F72228F5d7451F18589,QmURGCWTjp2pkiJAryrxfqkEULLuc7j6KQTtRPo3UqXr23,1
51,0x6Af4242c7493cF89D3B023365BfedB9cef8f3d26,0x8FE27e4FAcf4aeF7b07e7c68E8cd4B5Ee54d5b8a,Qmevi9TZzfkcRWiY9FjajAjqhtqkwUfwtiwpwEXhaXASMG,1
52,0xE680b8336B04D4FD0C36EdBD106F0B8fa208e012,0x9Ebc0B1Bccb2C2412B661510F2b2e67828347F0C,QmS63EuYbV1FnR9dKeD8UoSRBbdKpdzfuSDiJbm5NRJUE6,2
54,0x9E0614174B3cf1606bFf21B4947ca8B1fDC31899,0xd6D5C94b4C6E27590D119C94a0ebc6595d02F11A,QmTQYX4vSy8c8h1QhH1uyx2ibEeKPVduHwGSHcm86Vattw,1
55,0xC358c891a69Bb56AA841B31A538673a7fd2EEae9,0x60fB4B046b07cE529fb93598286339873d26DD0C,QmSJyhHnp7TLeL89s62PiTj2LSpZiMf1tkhyZueASGfM2t,4
56,0x7b91748aD4796fc969f378E8d284846E2B97295c,0xA89883404318A533885ad69dccB4D65D8e79A78e,QmQ1uVmKmGLCVuUEx64S9CHJqfjjECbasuEZHbeQAXFb9h,2
57,0xc7e122E0B143C79C8530b6696abBFF52D064540c,0xC6003171b9c32426D743a6911E36207D14aD3c17,QmaNUBwmxa8evu7ZpEP49Vx11qZppHFX9qzxPCiEigprbU,1
58,0x2DE79730582C14CC85f6e7f2Fe26C753204aCEF6,0xb1492a0B778337369bFf74059E02450bFF381dF7,QmWbkaHjsKkH2RBRKNmS2gKNQAdneEmGvgbi61Y4s7AcEu,1
61,0x5fcC61A32D75C94CCDE42B9C25e64e5Bc06BD7ec,0x1AA1D9F3e3a45417EeB55994041fE13CDB26ceE2,QmVLVXHX6mXHJeiJZvp2FuqCCeD75wzHYGqdHAodAS2hpY,1
63,0xAB8A67285828E236a91ACa33C0776f9AeF97d252,0x69b9b1D16feD43Dc89188441030DcD6a70Cd8642,QmT1TFuZmpZ3zoLAe76RWDaeEpLKx9nmwtGcJCzMU5ntVQ,1
64,0x64e700Ef1544047EADb41f2cD0F41a965b93b33E,0x30044b7C080A6e456386d5b9c370Dc7c259AE2cd,QmZQ73a3u9mhrS9EXowyeyohxLBXJfDNeZjwN7CQg3F9wB,1
65,0xD9e0e2f82d359dc8f30B2d5f33Dd297524122766,0x66755D560e4447C7D2a50AcBB119d4896B6eAad3,QmWQujb1HsD5a7inYCCXtjvjzMmYTe8K67Wzv8fNiSk3vy,1
66,0x1CF9f5995EEC275F21F49E46939787aD18A00D45,0x4Ff751Eb0AB9568A058f89Cdb5EcA09Ed5f5e04d,QmPLUp1r1Kppp6xr8YQXcvSGAhLECkqEkJNhyrxWcAhQy2,2
67,0x635C8f4bb5b8EB5b0E11174E31e97f1B2B354c90,0x0d09b99FdFBe0E937e3daaB4f50EeD2D39CffF50,QmYLCQ95uC6uihVAVSACATRoD6rqH7FVYk4ira7UvcWWcn,1
68,0xCB2c06004A11Ae455aA9dB0dC9E0DE78a1d2C356,0x9F9692FfF5Ce2C81737f62bccA101a7a7bC31c46,QmactoRf5S1PCkeCuZkxkn6zTbQbcozQA1sgxFBVTXN6st,2
69,0x96A71fdf600eA5e8E0cc3786e5c781117a39E224,0xA6D9a105163fC67a61F0A4D1d5c4032A1E51501B,QmaKmuvMLEiSskdFLtNqZZnRmDKyvT9PDx5S1ZMtQpMsRk,3
70,0xb7E83d2442AC3EE8290b6371e5BA7a2E4e2fF5D5,0x7F0019aC3C11c90064940E7c80D32A8Ac0988293,QmZ9VoYpH7rbUPyPTcK3PDabdMRRuxXEyQHdzTmdHteMG7,3
71,0x253E6523F34F29B3F27bFd66116123E22BE805e6,0xa00d260f6c185f2FF5932e99C0F2af84C9EB06B5,Qmd3uGZtrhBbySoNK2eWp29kVDERnbfmHsR7xngczbd6Ud,1
72,0x24A896f5a3499018e2868aA1378Fcd5DCab4670E,0xac1DA0859E165ebEf8BcCd0A876905c3ff499DA4,QmSC4v4u9JYxhYJHZ4ein3g1HXNyg2vG6ez2jAzu2kdv41,2
73,0x2afB5CfF63EB98c67eA5b88de612Fd5014b495E3,0x79269C79E84AD6D9Ed1B913E1fb30b26c8384629,QmVYAUi1yRwViB3enhb8YkDh6u3kuwzmd4Huijoyf9M5qo,2
74,0x9eEb1934A003638FCB9B7D24D8d2800A6BAa3e2C,0x7f519a1051a8E091e3Bef874A1b6B50D9b8295f0,QmcT69iByy2etEjRAH5uoCM5vcZc8fyKEu12k2CSpC8tf3,3
75,0xF6ce4fDdaAa0839d405db2138465680E1FEF1c46,0x830988d16F3AeFa726B607d04328079813B38b2f,QmY6CkP4UDvRkGPkmCv9graNskmkZ95KR9AuYqwhxdu2RH,1
76,0xb89B5D7BF468a32128A32d6c95dDD8ca38bC68C9,0x1Efb0E4E27D3750E33C523142F0d083B2bac7A85,QmXDCKt5RpUGgpgy3rGhfnRKXwvrdXErGXYuk8BADsUUPN,1
77,0x18a6272cbb77C68612109bB5057D2Fc058136385,0xEbECc0a1eB0A05f3cE7100f20Ec6b97cb93F0965,QmdQcqMSCaaUQiduXWVPbaAaoWrGScn95LVU1Y4g4tLqjk,3
78,0x6E3eB6020f3bF2b4bf814c65b64763fEfdF954e0,0xe5Fae1A033AD8cb1355E8F19811380AfD15B8bBa,QmfLwGhHWfMxHnmyt2vfmXnJdj2hsfhGhaoJJQ7kQWie1J,3
79,0x8b107A26E34FffB16d250E729168b36C9F501EE4,0x4A9b562176Bd1da06B3Cc265f2710251d5E98290,Qmc6hbN6Vmonn1nCwL5pzSk7GYHKbdgr9Yosw8TudCxvk6,3
80,0x5FDffcDE9f3C40E108e4d8ea5e649726b17E76A3,0xc6cd72c56D94792fEC8aEFC492b185aB68DD9a21,QmPc72HyHHprn32GnmyswNgNkV6LV5RqBPoRRDzVBjAVBN,3
81,0xbF355f56c0FFA805E1e9F9f782dfcE3e01098550,0xA4A62f7127C644AAEf733029E0D052E411fdafb4,QmZxLTSHWG2k4eJF7pzkj7b6e8qSXyNaN9gMMs38n8ikVa,3
82,0xBAD5f42E621fDE7F12A64AeF26a406f449052714,0x825736E7336232CC595C345D049474226Fdd154e,QmaWgzzbFnJoE3jQzEpLguHdgxxRFS6dUEzhvnxN2rPdsL,3
84,0xF0372ac84F3Bf4788f0dA60dB0D454394666A72b,0x2D46C06F048a8a34b92dFE61Ce8Fe696EeE6d31b,QmYULYktT9RyTDety76Gm2SNkYqjQPP1DgAADdK9RwJGSH,3
85,0xdcf8Cc67b777f9eEBa268B9AF159493F3CBbCCBD,0x4b5D297614EC43385775570dACf12D1B238e046d,QmT4eC4gGKkWWxUyFeWBcvuTdS8Nz5rjReHRiWM4B71izi,2
89,0xD956bE5D416fB1dF5B6D0be2f71dFA393E68fcA1,0xdC3C8Cfeda33B34CdfC1EEA82c53Bc52Ef26f2A3,QmTyqXE88wsPd68AeEssMfLhr2n7dXUqcAubDAs19uuhS2,1
90,0x7db33DD78a76F3Ea11c119dDf6B80fa22d3175E7,0xF590382E9c1347a7E72Edb10d54769F63Fa18Cd3,QmeSjyJNgiixRTkoJENDKXSxRup4FsEBkHZDWvMSsmckym,1
91,0xF8F8F15E941dE4337Eca6be125EfE47e4695F9B9,0xeD898125d9A1fc937237196E33ee3C405c28DE90,QmbzdGWjWuCLxtbLwgPWqgd6ZjPWPLhtnvEfMnE7CkPGic,1
92,0x5F63BcA2B120B81a2DAc00E968785ff8Ae13aE2f,0x72C5cd18A51D53Db34072546A7A38a4f73600d92,QmQoE2Ew5YuyrjGfCXh3K6rETATARecP1cnanKLqKNGvWC,2
95,0x6B535F6b5137a0D7E0C061A0c97DfdDDD71a9E9A,0x68b6c1d3cDF519171402e09356FbF7b9a6Cc8752,QmXNQc1pGsm1v5Xsf5gaj6SSu6THd71iNv9TZk6PGycFLK,1
99,0x69BE10b06A12bf8eA2855B3cEdF5Ba97923AA618,0x797Cb7F07356AC6f77DCeff2e7E252b77627aE11,Qmbh2gPrtRptSyeQpPvc7oPPgBsfJLLkoX3oyXJNiewN9o,2
101,0x397B2AB88B773663206e5d7Eb9e2d7237383C14C,0x19F040E0901204fe5703a0D795FFc97E5aaC8778,QmQdQSwcJBoFcSF2zqsfFycTnXnh6P6ULLxDa9YSJSMdNJ,1
102,0x9DbeCEdBd4465ec00FBA91b954dA3d97aBe604BD,0xe7c2bC18AA6A289590487138dc96F9DA971B952D,Qme1VVmccW5Ep2uXsbGeWdMzsEL8GwCrPPmU7MpepMNA58,1
103,0x512Fd8138254C309A370A00fB4625cB3d72C415B,0xe7d473B0603E813f69f59E6fc595eAC08DF819dE,QmRNxvVVJM6cAEWefwdbcfCMLTxd7r5FcAngowbHS3JKNV,2
104,0x1E10a1cf466bE1fE1bed91433E7e9993f84ff36d,0xAEF4E5f64711839cEB1bE829De1975BE49d28192,QmRfummNNCyxrJwWkSJiH7BAoh33QGpC31Zq3x3XqUMdQ4,1
105,0xb31B91Ea47A46C453381960E48DD41F187aF8654,0x54B325783095132A996027a622a5B4Cadc8bE876,QmVuE6gdGmyY5WHy6sSiN8MetJSmV7Dnbz4KuFjbuTtCEx,4
106,0x1692BE93F9A65FfeD89B8319c8B7a07eD082E30f,0x933b2C2c2dF994a7405Eed74E662D3260fA785ce,QmWPvi6iBdUJL5vJHej6kv6dxs9uLz5V6PVUdhsLeGsHm2,1
108,0xb7E4263451A2AaDF0aDF047F4835C1d4ea3F20e6,0x47ffa510e72734118E77027AAABd1672Bedf9D4c,QmQwobxbBG3Wy2RyffRVuUMuVmCsJ9ns3rUKw16ctmxygq,1
109,0x190f2BF3D563dA669f495e80c75bC8cA59dC1B47,0xf6d0aC9629Ec7A86E1eaa739d558A5aB965D0F78,Qmcd4EfLsQTivtLonmZZj8uyuMpepya7c5NVbv92VAfpPT,1
110,0x5A81868d07E0451276270fE920584037E0661A9F,0xFb4CAC430725f5871B80239B162b0C9F10B687d3,QmYqaWbsJuzDqW1x2rUh6aNC8StWqrV3qHDnZH2XVghBGK,1
113,0x0b40E8d48E65f561837E0ECc3f419B4aE8209501,0x25D8A0D5708BCa2130ccB0338E3D564d9827b07A,QmecKWjLkFPcuWwibKGtw9umA3s5AeMdXZVNu7eA4AbjEZ,3
114,0xa464e3334b02918F89CfacC6e59091D4d6AC8dbD,0xe5C0442704C13aAcc4269Aa72a67D5Ea483Cc025,QmaXzwT3MNA48YScnrAkK4JWH7znxjL3zum25HSpmTLdqN,1
115,0x03ff2154738d04935eF8459a3FbE98Ba60642CfA,0x02aE7F5d8F615674eC39DB0beaB15768c35E6756,QmSTSKZn2nnq3tsa5PPztkCzPcgp9pFAAK7VJrrK3KrFjy,1
116,0x81Ca469D0E33ccC5E0114c5F3FdDC65eff94Ae4B,0x4BBa504587d11f490C56ea02E53f77eE7AF50783,QmWpJmNJzzVQqRGjWiXLQQMtigxzV3jG6U6bbhtwYxzFw7,1
117,0xb17eF5C6F226c0cE32F69eDb15d9DEc66692C787,0xcF24f9DB11D7cf69b1f6f438c1A5b576456F6df2,Qma8nnwaqM33nmNA3JFSZA5aMchdYDwsrG22AgxnUrgjMm,2
118,0x6adFd37Fb1CF24Fa1b581A3D8C4E2007f90b581F,0x0B473EA097339f4e4dC002A42B7a9430DB0BA1aa,Qme4jWanBDh4G4hJwCgzKKgSHExabqNhK5XbpMP1YL4vuD,1
121,0xe7259D8794e89aA4C12E6158B61a75d1e2dad383,0x8C232730623037C0E11c9F83884182BA17f27f21,QmTCSGqUfKEDfkUKoyEqhmux4QmU4USq8TUKd4hQdXVXYP,2
122,0x78E69467FE551986c67c3714F464F2adFD0dE4bf,0x78E69467FE551986c67c3714F464F2adFD0dE4bf,QmZtEic6uk13pMRV1xA6yj2m1e38X8iEvYEb2p8v6hM2WL,1
123,0x70A9c229f37aD5f33A2b071343Ff33bD2786A5Ad,0x19799F272574079A8DD591C13F7aeD0d2f7AA011,QmV73Ecvvbkbw8T1Bxh3S9DfAsoGQEgACHxJU3jt8jHB1y,2
124,0xc85ac54817b68673268423DCd3F124524D91E47B,0x5aAa71312455676861Cf8Ad1EaD215CBd274C50b,QmcX8pCnz63NNttjfuuMcbLpgeqjMyiFTveDTapc55XJ7B,1
125,0x276685Ab7680aa49dAe07bbF0afbaeA90Bf61f43,0xb69d7F30Ba4CDBcbd6656b4fe3E079e0954D59B3,Qmeg9crpJDGmhX2KTpd3fevQ7dFJGv9rtXkbMjomygnJfS,2
126,0x8170E650Ac216BaE64db1a3128b01AEfb5B22569,0xd4be1bAA6cE343431A37Aa77d3D960030d989A71,QmYntP8VPXMjLX9aFeCSwhPh3Hk2n1JEsUm675L1YpAer8,1
127,0xBcCda4C22075Af4375BCFa6dAB565033DCFB5CB9,0x675DD43f6Edc0e0B1E1102588E83585a924F754E,QmaCnMMGmTLq3YWgR2Cc3zRtdNZhsDTQZApSco4qJiTWED,1
129,0x191e38900ce0856bbBC56f68161eEDF06E28a8DF,0x8b3160E519299C387b5624E457E9E02c73F62EbD,QmeXYrEoku1qb3a6CCSJ4pWbLGWea2QkNvd1kuBF77W2fV,1
130,0x2d3bDA8B9946FFB169c2497F7ecfaB718CbCD986,0xB160309a1e8F5f43493F86feCa656bd80802399e,QmevRt6qcZ9xnpiJzb7M6wf5yvdodysC5KyqENzMYBAoyK,1
132,0x8B91F15A193EC2b2E8450146B4a94B28bdF07C7E,0xd855D148017A4FaF2d69fBC3D0803b090E7377dD,QmcD3QdSE6UQ5JcMyUum5Qnk1t77q4jnWUPVHtT5N6oE6e,1
133,0xde6412E5F3845926948CAf890CA8192680cdFf96,0x72534B92C950b9D4739919bFD5FAcd81397178eb,QmahJvgUYAKJdhYiDMEcENQvFNoqYCA6gvJsTynv49GUMh,1
134,0x3d9D690e86e339fdc4883c354658534E6c84FC76,0x4610ECb3e80CC038609A2f6D87F3C5DF4Ce23831,QmebRpG1Rv2pbqw6AU7DLe2T8CTABVEBgr1Neyxch2Lo2T,1
136,0x3dc6d213c133ea872141fD8726b02B30af8E53fE,0xf5dD4d8016a5B99e85259b328521714Db5409D45,QmcCG7MTtEe5icN6M9akGShsjxkeZ7LasZ2PJ9oySbSopm,1
138,0x0f200DD9A0D124AA520D73AC69d7c5B2041Fa978,0xeD50c2f2B42b9888b0aD80A4B7750159b61F4A5F,QmNkVB21EEoB1pXxaRua6hBBPRzPAs8W6oi2fiNVs8gSiN,2
139,0xdf80b7543eEEbc2d93b70f76F61384Ba75B66bA5,0xD0a4f1BE6EA0AeDde2d7BEA62925CBa7eA10648e,QmVgpjrtyAidq9PrhCWavXNu1jQUFrqUCT94q6HLttv6UL,2
142,0x1B5C922CEEEc48a423A81A6673EF0EAcF10459a2,0xeb94a192b76b359789FfDF7800B32b7D88382465,QmPYmN5Xx8rdc3VKpbvdGzwoSVsWfozsJa5pPdsEF4gMKr,1
143,0xaA061277E7311C91BE77a92Faf1cD0d581680b41,0x06D8be31F38cE91d041c3cd115CE76649fF89665,QmNtZWHrtg5ueupJ3NLCidRF9epRSJP5tZs9FsqaTvntV6,1
145,0xf692bF931A38f6fe303891B51f355510E777ccEd,0xfDe8d0168e1f9b0Eae204000e29E40118281C7Be,QmXya9AUgX54GwUnWfoxvLNj7uuKFnDzZwcKUXQ72iHu1h,1
146,0x6Bb335F5a02ad99A25D8a441e6E84319c06939BB,0xE36f3C32d9791cb67e21a6af651432c875967Ab6,QmaRCLjjA7epbEkixtydjXUpsXmA9geKDdPaJSjMWg4G1U,2
147,0x61D725B9CA91B79E732acce0f366D3c874e7F0c9,0x29DFA3B040A65ee3fC0DA515343c18cdD49c635f,QmYnm32VvN9ojt5Y4Xy6xXxTe3Kb7XuWQXCPUnGGgvnvL6,2
150,0xD010C4CCE8C7F6142C8909d57FA34451ca50cbB6,0x3838c954D0629918578847378Ee22e6778473239,QmZucHKZZebm6BUNSh1ti1m4UhLzvpYCYyD2ZpBLVHnHQ4,2
151,0x8CC31B7A8271FB64A60E1A6D0d54A0BAe604C0A9,0x2404D0170536A843D7FD024c10A4059EE4293915,QmXcRStzBuPwp39KxVrUYGPo22Q8c8Zegpdg5DPtttTgLH,2
152,0x8e5cd39E0733a273AB0A6c2045c1ce85E7271543,0xaEC4935A8C8c7691D406F176a470E3c10AEE83ee,QmSPTdMJA4rmWD6uQryibhvvgcv45no35YinyfDWikjhdx,2
153,0x8A09Fb4f80fc26B08320FA52Eb383475a8a51C24,0x668808043B073d8e42CE450063756Af594824Bf3,QmWgvUQsCQLdp6wDxqnR6g1NTTQAr4AnzHc64DLbEEfqYj,1
154,0x3A22759d010945cb2F9f880bA4743448e5D30F48,0x90682AB7DE70165Dc4d4347F20278417461DB1C4,Qma1Ww6jKr6zVJjqtw6wvH12D51Yj7BgQVQAvLy5GChBLw,1
155,0xB11a21949Bd92214Ba7400d535F43A9f13c4080D,0xc09Bb0a29b9A8965E17b00f85E63F353543ac572,Qmet5C9EjntJyW2aaK9obMM1Kqdm577z9c1jUmncFvM5EF,2
156,0xeDa16F742F7168ced602986bF7B99a6af205691F,0x0085d44Ca01551495585fea5F92845121eb7337c,QmPVwY9H61ztGp3pvpvGE7GCXpFyE1H9w1gSssQPYTkK6s,1
157,0x57f72057a534ea2677fcaaBFEBB7C49eEDDBCD38,0xDD6b62A1A893edd191609D18F35046017ca9d528,QmRH896Bg65fEGnK6D75yUmtZPitDLmdd9LXJN8PpqCPt6,2
158,0xf4b9D7532F01fC44f842449F9610c47361cbCFde,0x67D3A0942eccB380F2277a5b6158309E7A6963c0,QmQ1dALFcN6QotGbPfaHDx6LtoWTWe5AZyoj5fQP6fBmEW,1
160,0xA9a017B299c123065302644DD481a2E3C2C5Cc51,0x6EC7b4FEc23015ed9daA8dBf0E3573DA69e5d36E,QmYLEggdCx9V6wiht854sVVXpAjQufBJiP6rR62fwHQuuE,2
161,0x651271863363e9eaAc9EbfAD48fae2b09322B1eb,0x5c541E78E4B4b0860a4187816b17B7BDC505cF6f,QmQ6jwKs5nvnQJdMuk6bquQqktcdicxFup81g4sZRf4Ddv,2
165,0xB4B5A00E5df4749B2Ca563906Ce66Fd8d48d5987,0xAfe24A8f46b78b09B46834d513BB8da715cB8E56,QmaibJxqATY1oLwjFxrde2HYJiiEqEKCKj1U7jLvfS5H7N,2
166,0x470732959304ec0cbEeb3489E70C6FFA3742e206,0xa0539C2D8588697335eA929763dFA2CF90F6526b,QmTAS1asNVQVuLrnEGn9V2qK8yhNbSpbHN5vU2rw3ELDD8,1
167,0xDB9804fE9a58A6330D4f0a84f871A39592d84f32,0x883f2017D51E1563F7eB751a2adf3750E2c7edaD,QmRPVpGUekxnhWtTkWZLCthj81R9rxo8C613UJBkadvWiB,1
170,0x5f100571a61F842CCA48ecc2F6b5220F4E46232c,0xa12EeC92d8C155C8ea9159Cb87da4e062BF9992d,QmcRyGy8tJ7vkU7LNKn6q2BkGPvcLRqFcGD6ezCwig8ig4,2
171,0xe2cfEBF6427951846D99Ff5A71fe8c5E9741D1A1,0xb529c47864C513Fb3060f0FB0821bCB11f78eD99,Qmc6QxvFZ3vJaUH41yQ2Aq4xcTWUrWTAhdc6iwXTQJvKkM,3
172,0xcEB959779b450cAbbd6BB8551Ae0DD595cF8C710,0xB94A75f5e0b0efC5610D9E8Df863A9893434B7b4,QmbMgGAst5oni1q7pNQj6dB1tPawqjEwPaYBKhDmjC9L3k,3
173,0x13Fc8f710ADe62edb89780504Cf5A43Eabe0A2Dc,0xf90fD9F470C961A70fE8E100cA76060e96762E3a,QmRizEHi8uv8PSQRVX85ko7AUDHDSGga3JZMe7XeNAKEyQ,1
174,0x596C7D87c7A1230C54b8B4B792169F08Aa779831,0xc45DedC6B8582Bd16443Cc859E9DBefADfDa83a2,Qme5Y5LWFrHhuhA8TmJi1VCwHReziudQpAEVzmQYQ5E576,1
176,0xA368AC00a873C573feAbD353df89Eb220d44F1E3,0x31A18C9C7019bd925d26Baa0f12bC84d8F736403,QmTbRsBui9FgR59AVcgkJ6EeN1HtxundGKRY45ouS1Lz3H,1
177,0xCbD93b8C32E9A478A9B0144f6778f3AE48665d4F,0x44f735D776AAfE97820Ac7796D547336D1563335,QmRvjscE1GMc7Gj8trosWd4jTYagrP8jjENLnnH1B4HF7p,2
178,0x532dc5429c3d957D5E887e65129a4Fb2676d083A,0x9abEebbe3B9eAa8b2156E9989C86aC923bA10175,QmRrcSKsomM1KTrFQM4ocfbDK2G97ZE8TWAXXKzgno5KA8,3
179,0x72cB01e2FD4F9AFfeC0B10AA1255272C359aB285,0x7b44e63635f86D6Eaf961C554bc4552E8E9d7888,QmWcSzo7PkHPH3VsoUezCyUCFTRc5hyW4cHfTXkWKAyW8L,1
180,0xc5bAB2E8e6FF187D20efEff747ad836c585fD507,0x234784032dB05F1964430623be7ECE26FA6889Ce,QmZmpqddCbvxQdKoJvMQUDNFh31WS3KmK7jwSgwFjpyZ5Q,2
181,0x075F8EB4a590dc8c649411f61b24DaC2D57eEFb4,0xA1Be19349c296C4c7125894672EbC1756493617a,QmYxPgBAYtcQurNSpqDSN8EsgwDwNZ8YodAeTMH1JqXYZL,1
184,0xf1c05DD73e643e40cDedD439E1770432ED6eCA6B,0xf1c05DD73e643e40cDedD439E1770432ED6eCA6B,QmSk6wD8Pnu7rmfuyFJ2sjLucuMBAGh89MK2i6EP4Ht3LR,1
185,0x2964AD193ac1D8A59D18fd53fA11cED777fe1fA5,0xf72B782cB874Ac045b3205984052c1A8bF451157,QmZhVguuWLJQED1LT1whUaAAMtC2CDnjdDyQwU4Dm1qc1b,1
186,0x4b0E6b4DcdcFf0DB19cd13025E248Ac794790240,0x916e316e270F0CcfE1f5c73F96B77838A2C890c9,Qmc1LhK8TEmDP3M5swBwUEUFiWETDQgmDnJnDsa8RUvm7K,1
187,0x353FcC068B288CcD5360Bea949DA94D7326eF34F,0x75Fe3943a6C8866e1C41e1F35c74A9fB7a77b835,QmWVu9JPBmqydf1pBBS49y3CKE3KVrdsc6Gi2iBEFdQTSF,2
188,0x2B37e3818F89B767E71bD4dd64C6953177c157cD,0xbE782eC98CE7135A056E31300a9831fA35D52865,QmbzfQ7NKt2bqDMKU77gyWz6SrjSBUY5i6LpByrYA5pJGq,3
189,0x7bE48B6379fE5bfa92048fadF71b59bE5bc071e1,0x383f554CAdc3Cf7a7a2C1f649DC947e86d995ef1,QmaF6EhFRTG6UffVENNFBpRP7zv3wN7pwigNRaTUKab1xr,4
191,0x0cE2d0c6aCac8e9663748b1E5EE5401ec96cACC6,0x54f20208D5C44337E46fF23411C1ED6025be284E,Qmc4PAqGsr2Ma6xYTKLxC8JT9jJV9nmRuPhELDs9AxQ6m3,1
193,0x051f29ac739c4bd89DeF643f9428bE8bCb0EA058,0x9216Ee2D2767b0BcCf79940a76CD3eCF07097eC6,QmcWsyyJ8SUcWkn8F48nkkE9Ba18ohpBjMrNYJ6bQ41U6F,2
194,0x2c605c0d5ad2160F25820A7737434a53de7ac44c,0x0Ef27F6ee5290b4D38868bC3EFD9aA09662c6d25,Qmb6373hwwKi59qixyRRivYvrPYmftc6PvzY6kNjJUas7Y,1
195,0x9dE84a90C4dfABc411EB099d3bA565b900CAd3cf,0x9a303FB0E62627059105A354db5736576A8A29E7,QmNmCwRkaxw6ZcDKAvQFAqLxmLaPUv9n2gK73xaV5zpDou,1
196,0x613C29acc6C7A50dC79503f7cDdB7fEB196CE628,0x1Bd80e642c259A38fd062Ede004ee8E2E9835b91,QmSsz5msXbzV1VJpNT8a2uPoHesE7xFMEo3QsZn4JiyGHD,1
198,0xF98A4b9B39Cb889404b4CA8374060aC94C1e8fff,0x66730039cb232aC1E6C39606C56C1b87EEFb3D1F,QmaPEJbzGCRB28M2CsLzagZhKBRLeVmrxBtpdM2qYSku8U,1
203,0x60b15b1ABa5F920a988697f1f8eB6e71FD0A2a1E,0x81E63427b2336bca62555e655a66655E0dad4C67,QmP6RT6Eq18xEhM3L2xiac2Jq3hzEps9RHoGymS8u39g4y,2
205,0x7DAF9D49602E4a5236a573cDc6936ed5decF7455,0x8Fa33056D9067Ba93BC89a3366AAD64952743028,QmavYtPesHq5J9EJXbuDKNzBkNvq5yMgknSGZnQmbZccWh,2
207,0x89c5B8Ef7bc27C552757f8E82C0E590992711DA3,0xBC3d0b08028bB6a510F214f331DeafB6d830Ab00,QmXUskqLBszsceg5xyFaZqJeN9bm4zvyQAYKBq7vCaUceU,2
208,0x477Df60ce34CfE6494C1f772099246285d56B234,0x818854b363b90791a9eBc29e2f9c7f1055ee5A4D,QmVSEtZ3HwsnpQMwPUCKfWrPC4uxnCby4TvCFkL6gDF1Yz,3
209,0xc84eA5173227164581bdE02bfe812bB571b15639,0xDCff443d0B70884680549e35C6D2Ed75789D90f4,QmdWAAU7Zhvm3VLgPZUPw5nLoZAsUFFaq4q7V4yHtwHUHX,2
210,0xb9EF90389AA55Cf84850db31dae900495d813ECe,0xEB057C509CF30cc45b0f52c8e507Ac3Cf8E78777,QmTByhksKELqHVG2rdQZjUBTW4Td3VUWGmMvLtEsrp8C78,2
211,0x6A572017B57453425E04d0E5f6c081cB09657872,0x18fC15d6a2cF92f523e5D6cf878e39f354b88093,QmUMC99rrfe5ki5s4BK34D7zeMJhZYpD7Uwxd9a4PxDWy8,2
212,0x38b8461aD3F8C5e0fd510Ad924eD659bCAB5FE86,0x52BD084ed2258BBA6500Da2A0A40a2812D0ac7a2,QmRBYctmiy9xJXTUYZUM4Cn6fSwfVLb1nV6jcggBxemqff,1
213,0x28b2ED622895f0809838A1F972Bf95f2320eFF71,0xC70BC2C0bf6574E86B07A4488ae01B87Ab7E8458,QmTYUcWtLYnh7HKs8q3PDGSXUwyZncrSiYFnpvinJeeuG6,1
214,0x4b394C74c26f7B4c29F2473cf7661b0F57F98597,0x230C2EC2914CCCa9bc654d9824AA9D144247b27A,QmVWc6rzP2JAyC5CEcbhXCm1SyAqg5RAm7rtcyXFHvx2qE,1
215,0xA547200Bd7d53Dc5e3bE24327f69Beb0f8503F2b,0x22ec97503f9Aa4bA17B4aa2A8ED36af96A943518,QmYmaANjmBUhnDR2Yu2rEypeimwULcpuaDN26YaLNrueh9,2
216,0x4007Ca177023A23a71b976b326778CefC117f374,0xA87F4b442494327969fD6DF9a0ec98F08493e2dA,QmQmADcGSWgG3PnwqYxeyxEUccWPTy1SKZQrteREfSunwx,1
217,0x79b6ED896F7dc7692eFa2B856FbbFdd4e9344C96,0x765E9AF7210c2d120096cE5b5709e8060B710474,QmRVJ6dm8BaA96NHzYAzVUSr3z1ShcwghrQXTKjeWx7E7g,2
218,0x73d89FB10C3b724c1a0136f9f48090dc764F982a,0x6e285b145CF9d985af483Ee552292Eb44111e933,QmYEfczfgPGfvd3DmsEVund4qDkN8v5pwpjkHpaq1NeAng,1
219,0x45D82Be2DeF32547dA6dF8f50132FB531289d2c9,0x577ad5B2db189FE5cfBaE334c3FD09094645BE20,QmaX4X1MryQ9UDxcHM3biPtqRN4kRwAnLEUcbRspBANtvM,1
221,0x05573fA3418b74a09b777f330C6AEF7Cc03AaFB2,0x4cc7Ea3889364099F0462A4Bb2ef8Fa5F9d1ffD0,QmPRDBkk2Czh41XuvRW3TzFe6YxFfHZd29RcjM9Kc92Fyc,1
222,0x1477c1290710526174e4F65e121ebC457d3B9De1,0xA38e40797fAA6EcbCFa4A64F14c7622d090e8a31,QmPdUbbuwKPXUoTgfSnGLh5cPaix8yh2bZ2M7ntPmiDWWB,3
223,0xAe5fb61521208F7F88475a5A1DC3e1D8c3713662,0xe13f6Ee087C7f63833aC4c6A36B5D87031A59229,QmUTKVgwSAS5cjzUaF7X6B3dbmc1vXaVForX73G9WPUKac,1
225,0x41fC8261f50DC16667fd66C84e6074A3810bE454,0x6544c3EdE0F63381492b68AC3f790AbF6D01E42c,QmTND737HCeizKxxy6GdaT4Eq1G91t3FRMydcLoP7qcU8T,4
226,0xFfa89cd3b90754241cdf2a037dACB09e6deb9A77,0xe1452baeA1eFb49489CF642021C86480965C9e03,QmbhbWWLtraLxQxvKeBhCBYb21KhMrLQArKagqShZe3rK1,2
229,0xb551f3c2f9dEE586931Ace3b704200fF5F9A13F9,0x08C3e8473235b40deEDe4Bd2004cb388CfE63955,QmTxMjNUF1MBgid7FhqJyduE7tvsArgyqoP8QqK4PckTHQ,2
230,0x94849FD07741207D48Ca8f2e26fe3EcFB1eDc133,0x4Da39BBBD489b36F9A0aae72374F2440Ddb39404,QmZ4j4pVFCQePsefSumJ5b17NR5o8xFMyhBWmRr7HjShuR,2
231,0x25CD0188Ac163da5F31Eef86aaA2864288C0997d,0x1A176b4882E75900ee5BE97aE1c6f1DEc685B0D2,Qmb8pYqYntM4i1w7y33RxtpAth8wnA9EKAvnG3jUw63qp3,1
232,0xEeF6C51DA6dDd4a3693ab33B92d707a3056436C5,0xa166D209E139E4C3885c1C8a84Cb1e228b4e4274,QmaR9UNCho57HUmWqRU3eTiyjiU9k4mxubCfsyzRc9my84,2
233,0x1304657a129b59daA2aE5C8656b452964a7260ba,0xD39ec0556B27beA894718C981470A15724278585,QmRpkGggaSwacg4WVNburDFgHQhcagKqAopjG71USbguKt,2
234,0x4B3b7121b3C1D31320075FF8d4f04C66B3479abD,0x6BA55bFd21895746F86ce2bA2b977F920447D82E,QmdRzdo4Ngdwu3qwbDSbGusf9gwEUok5FXZUtNG796fYDH,2
238,0x9d731186EF7b3c2f6565eca09A8b59A18C7181D7,0xb1193069BC6deBd64e7d3A51026BA7dC91be2d25,Qmc8desRDA4mckEVfXyCMuf59xY6iaAmgp2fq35rWbzzNz,1
239,0xA8b8157C0528f89f38d9CE513a867A61dbB9974A,0x8aE930c3dB4CA2eA1eCF4D541150Ce3dAEF2E16f,QmdD1SgEJjAgFMF8ykqTukCo9iydMj6BibW4YBdxYEMgHL,1
241,0x6065d1051f5A6f8B57e0134eb2B45254E95702e8,0x5F151c016c0CC5197B62449F732512cdC2C63A3f,QmZk9TKgoLvS8TixwCZnrpBqkoGdE59M4BKv8qj9EptZwP,3
242,0xb674B223403af2260d6dd257F6A17ed1143F6949,0xf42E16a262C41D5a39107B5958ed6377F2C1FeFC,QmaCQPk6Z4SamZ8A3dPeJsjB88cFNG95XULKXJ52ssgz6X,1
244,0xbE97D0614fb7F65Fb2258eD9CF9B2447Ef8c583F,0x575F45CAA093a6Cee1aFD2E034732CBA5aFF1925,QmWL8dtcm9DoaqjuE9YQ3TpXUWMQb1Y5X7Wd65oGTyZY3G,1
245,0x92bEE6A54CcCeA4735e90F876Ce24cAdc23E0E14,0xEcce7F93F1970E98Ba81C535321A1Ee15d900c56,QmXv1t83cSzgAW1C5h32fKvrtjWu12SwVENzmqDHLoPZEH,1
246,0x19a77AF4A90d699Fc4aF2FfB7591F43df0f6Ec1d,0xF7F9aB8850078475632B76ded9917b3BfcD08818,QmaYxW1bzcNyXtp6geePEBN8eRWEUihPAPhJWvu2CqKnVL,2
248,0xb4A82439709edE497D20dE4A7Ca941B55D861e50,0x5D2cA9c220F66A5f181E53bAC510Fe1e1a0bA268,QmXGGVprUKmkEtPFG5TSnjwJhsVN7gTafTrB9qN4vy2KdH,1
249,0x33B6CC7269eb775a82F3353C533fe9B3D0Dea537,0xACCb019890BF879d19f5aAB1db068057e4CEA0F4,QmUatpx6N5GaYMmK8J3NACGWqrHJdeHF55kFrUyjcSknki,4
251,0x969D3Fbc3F25F6463909323DC960A666a2e7fd39,0x0eF696B2Da7e7c6A3113681ce57344B66BBCF559,QmZi6QtfeuGqoDBeN4RTV1BacYdRWY7Kzwb38cj5e7G1V7,1
252,0x1DB048FD63C864BB25C2E03aF79DE8171cd60A86,0x01b86AEEbCD1Ff94aC1195cFc8FD9e39dB24db45,QmajgJ2sdVyiBtxpv3ropv1By3FtLyiLmos3GTrwxsRVJx,1
254,0xB3cAbA6Db59Cba7DE4af0cAbbA61Ae1cbF598fFB,0xbA777A22B482e51d65fadaf9A8A4473d588Cf43B,QmTUcKzj4rGvE9gPQjov8DU5wEePB8PP47urPDnGyfr7Sf,1
256,0x225E946aB1C12C6EeA65d7a1D87324f057F91c69,0x9ABcC0a4E71C0F415c97cE0269fd858950F3278a,QmReFBkPdk9ZNAvoPoUmzr564DyVn5VLENvzMaBkF913GH,1
257,0xb8264A036C17f82A1C7F1B6A56C5473e62dA0023,0xAbd263D64781A01fe3D9b17F12FC95f6FcCB2943,QmRCL4T3g5uZCtUgtxfwgX8b9WYaWGX7jWLCe4ceiZG3G9,1
259,0x7469F87e0dC95A1E439265160BFa5CA2b8F12A33,0x04CD9cC35601bb748cBC98B549545F44068cDDeB,QmWYAXh2aiDaKtbrRzzBPXL1Ar5JLNhSAv2ecmNYx1eVmu,1
260,0xcB74f38E0d1D827C8680501E859AA6E5C8D47A00,0xda0e07866F6AB48572d1E17FB0608810F0B1B48b,QmNQrizxmaKLAuDJgWoKVVB3e3ktGDvLvGBhb4SHQFazJi,1
261,0x8ba565caE22305E990cc26742f2682b1e11C9f1d,0x2c8CF6CC11082fdfC988a85Ab0A93Ad2F371E9e7,QmY3omN9iE1Hk8xwqnr1pPaRDFpqtNSGvVm9vS2VN2vgrS,1
263,0x0ca9c1031d4b7fe0BCaF8aE39B0ccd912ce30C18,0xC0a3Af1D9643E240a474cCDBfA53b02Fcd397AcC,QmZ51qrZib7Bg3eda71xFjiMFgndt5Vb8b9EFFy6Pnun1L,2
264,0x4e591c27737345854A2379A79EE0Cd6fb98432Ef,0x8ABB2b1ebc7779a95E2d493e5E1fCff1a3CA5A51,QmP9MY8Tfc2Z3rzuLgqgoKgTpBagDENDboTE17TQ2zPtTG,1
265,0xDa4271e12a636Dcd569A4ee6678834D63ec05152,0x9118711E7F33D7B12A82B0E1104730F93e551c80,QmWNa9rNgX6SYMLJBhrZpkGoo9sgpUjhwykqipEVm9BzQM,1
266,0x2aBcfe11aC722BeC3D6a724F3D53356DFD2a55A5,0x9aAE12dd452f78ae8919C2168717e7348392aD11,QmU9Fdd6UtPRMQkc4AmqLDauSsPoBMCTqyWumrs9wsJ4b9,3
267,0x93D441cDD33f466033063849770C6193411D9811,0x607Eb88801E6A89eCEd139278d5ef0EA3Ad75a6C,QmabtjYaPavBsgc6LDLV9dFAqBXt9uvs2SpYeb7Ka1BrBb,1
268,0x3f98506C763bC7522F6507622055e395862fC5bA,0xd0D1B2dEF7204152088982494A0B6461d7c27A8A,Qmbiu3axVTcTqSdLWJ13Q5xsavw7o5p2CNLXoNzkqukTLQ,1
269,0xC8D7Ad60b9a55e389CC7a22fAA469Bf82aEdEcc7,0x9C09926927201527812364cF97aa9bB962a638B5,QmWSVBwazScrYzvBdCELWiqzuqoTH7hZuQK8ksvYS5xs7H,2
270,0x20D1E91C72B26619c4cBda914160E1fa730365d9,0x8b5aa954Fa83Dc0db57D25cbBfd484e6D753aC40,QmVk5qSGJw2TBmgaUQLhdYvffexesrQKrNzHv7q52eepn5,1
271,0x510Be921658a1abC9CFA060914aF01ee76f288A0,0x60134aFa482e525e1749D8c4c71A5008E0a27934,QmRh1nQZLn7oxY2FQrxZiPiiZ6EG34zNAaKkon1G7k67mJ,1
272,0xEA4Fe64a1A1ea14D32918aca91083670716aA6eb,0x887Fa37Fc0b96Df80be314eA59b7b02b63E8Be32,QmXNFd82mxmsQnnN4zEZ7fw5MNg3puKmggdrT6eAWznUbf,2
273,0x0d42234d47EBB8Df0d93b6D3D818376ea739e535,0x4B1F140a82cF40A955D1e8cA2aA52E128b593722,QmZfCT655Gqzn28Wa13X51mGA5eWtrsCJjZMUP3nWYQQ3r,1
274,0x05bE7B7fb5373d0F6C3c0Dd96DeaB045325674e0,0x9e45AaCDc8eEd007D0d2b259c0bC543872acF90D,Qmbh92QMvPERhHBjntdLdZeTrEEBWQgEYC7A9o4FqTgXsC,1
275,0xFe05da7e3E1E1de3EBe006462366Aba9dAc6201D,0x3a482198387CF7c86895EAb0875bFE0E64D95Fc6,QmS5BgqU7i8b9Vu4PZ7VfAE9eJK5evosnyGJwpmayAZtrr,1
276,0x0D226a896b9c40f2a31265E2A23CD1C2Ab747f4B,0x756955DE3FA532cFD5a87C1211c641399c682bFf,QmT2KRRB17rtozBWUXvQwH2th1xKLZizVp3towNrPm6jNu,1
277,0x0574Fcc0b6768c220d6702874233dA25d2Ca97eD,0x0f638C2CC65D72c1aecD056D1fDa2918126fBDFE,QmcKmp5xgA13sM6Tp2Q57i7LmVf3FMSSuJFy6wjCAqc4St,2
278,0x22459839B7F939675E898DFdbE1F5DFA78247c07,0xfC772fFED41c769b939Aa4c97a131F034Aa85A92,QmPN91nQ7iR6mcFyuLNRBD6sGQwmfzzPcyRL9qA1tujTZS,1
279,0x7064543bC3054E9455677801E241FBed4932Fbe5,0x48C9e64AC10db2A1092EFd8cf89A101FF0bf83D5,QmeSUnZqTF9M6hqJJjBR4huPspukjXbdSiwaywb3XJtvtH,1
280,0xeA164dCD53f2d473AbDDC6C493DDD71ff02190fe,0x8A876018a35065B67F06eD126B20ED3E81e4F4fb,QmQtoVZGxcPzn3iHhkvhhoU4VSZTzf2yyKpAyD2cqLnyNm,2
282,0x2b9b7Bf77B0fB37A14d8F874f332B6431C620431,0x771e326008A72af5aED672d21139F41563FCfd79,QmbmB5UMYhYrLZBVQEdaKFodyA2kx9NLnDCXEtYZQm55Pi,3
284,0x474fEf707e904489Bdb20AB2bd8f881cAF419184,0x81b2eF8e9627e50928f34A84CC28Ad607d93De27,Qme9HFSExzQw6WFEURHjKF6WsEjYZNamcKweLtANPR8tJs,1
285,0x47CBAF83cb8378372272de900D760dC8C93f5c94,0xFf9Fb8a3e4E736acF36171da7cdAa8794C9cE9D1,QmZr8NwbTrixyzqnrS5xvj1U4ypKorZnatb4JpkxknHHyJ,1
286,0xd90f4e4EB1A2fdB9aAB73F2B9E6d9266FC6dFC76,0xF8896B3A560D2255d1DbbBee1cEc10B032c756A4,QmfD3CqJwzgPjK1h5GmhhZ7DZjtxMHx6qBSiNhmg5STDNf,1
287,0x4a97f88728f25c7F8A40398C8F1f1F6C08Cb448c,0x7CA355f576fDDFDC73DfE3379410636579685B4d,QmQBSHjQRdnYKYih7WUzebcyvMwhFKCMGAWQDhkPmfL48S,1
289,0xEdDecaD8e3f44B362D57F9190D5977D2E9B37707,0xfd5F1397e32506AaDAE56514bCF6cE4246EcdA0c,QmRoTDEfc6s94W8CP4uVpFEvVzK8cCB83o2zaV9YjRRjoc,2
292,0x5641B40aA14FAae244670fB0F5413fF85c055171,0xCAa1cC1e79dB7F19f72D7Ed4977f51b975aDAb85,QmQpPo7TprCqjDD228B3qXHc2BA3xfBugpiNshpoiPeDnW,1
293,0xFd476dd4D6a6045987d8207e83Dd7BB9C55F3231,0xe2E34F0F70b716547e7B7FA1F58a59ad132cE5a7,QmWwSXnHFB2r9g8sX44yuhSjucoB9RcZbB95RUhisFQ7vc,1
294,0x485f7e2608019c14F4b8869bB1dAD83fC9811538,0xbe836BF050418a7F3CBf54284D49DaCa491fe3A3,QmR17jGZPtihfRM28ZcBGL4BPux3frd2xPTGR5iMQPe5Pn,1
295,0x165EEcF21ea1c57dCA81ff6cA7750b355a9fA1e4,0x493409704eC5e2eD28FDAd4F48638532228aC693,Qma9C1tymtFuVqUWZNPB2KZy6bg5WDmw6m8ShxLWA2d9vA,3
296,0x6572a5d03ed09873A7CBa4765Cc4c4A31707e8Dd,0x4E75E1B8d9A0acf272B2539C6E36fF9B08D20F7A,QmYmUtwXWS1C3r67HcxmHEE6poPsL8jKFdTdCymuYHrzqu,2
297,0x1748d42D2fa92CeB3022B9D35CB4C2f249Cf1fe4,0x4c4EB7CDd35f0d6129AdEbB78D17360Ab2200941,QmU67jC5dJhwcLiDZPXLDUMkcLErdfz1kPyjK1tXt47SdF,1
298,0x2526d09e8e8ae642D8999a77338cA187dB4ac1D1,0xe4F63f33E9b762246e7aBAC576F56c9F77FEe147,QmXFg9vBCEPmASGZWn8Kic5xqnT7yMbonDnhm51pf5YBC4,1
300,0x443Ea88f8FC437a0d6A9e798EE8a8577d927A48a,0xf7E9d94e771b8Eb1997ffc018ee33c2Ddf2119BC,QmSoS98Er6WAn8EwcUAFk7A2Zp8P5DCyceWKtknwvvcSTN,1
301,0xdA5b825ef175341dF37b465fA93C53931567Bc92,0xe49ed6C54c34Ba69E84bb9C71691E21F69DF63db,QmXXYNkPpzspFnKFnCH1KKDqZm5ph8iUvL8dm79iNdT2s7,1
302,0x059147370E117daE3E4f8638F5C43EA64d53e985,0x190cB8AC64C5FF16419AE7101b49803B4F16F239,QmeoRq1XeQgREPwGa5MH7BCsJa8PoEhVr7sjzXU5vSam6g,1
303,0x1940A6B29F3751380eCA8f6F0c0C9C0EFAe490C4,0x2eED1de354D1853EBD5ad40f6eBF7D95a81Daa20,QmewqBMGY5JRj9QERx1coich52xcsmWhEuHaRAnrgdUobo,1
304,0xc106857c3D894A275189Ae1C8C841Bd46Cd2ECb0,0xD19389e34Df0C070F34030B18129ec83b5aadeCb,QmPJuA1NTpcRvb5dLCW8N29QMTgLXHyFkx5YQc6WPTGdtA,1
305,0xD69645273442c5dea3fd6cEFAF8aA991A5faD44F,0x8EfEA4475dED9A1B41f862cBfC9956a428507315,Qmc4HAWq8c1PduicZUwDD5xFURnJ1HNappsoJSBctKDKcs,3
306,0xCcEa34333D175da6C878f0A43Ac1eb204F9F633B,0x314b2b276eaf8fECc2DB6c604920060CccaD2436,QmX7TpVZoDZg8jcZgbw3cxrmGtYb6snTc4c1DFWMd8cjiE,1
307,0x990233E104cb4BC478b54c3C2820d78A447d2A92,0xd60bb1dAd4ED8dF7e34Ca61D3a9c37768DA070Ba,QmevfUgkxJKXw2WoS9EZtV71g8p6qKuXLGfzG2CgiTFcTy,1
308,0xfCe2DA23fFFaa8B37cfa9Fa5f9cC2D9C94eEEF24,0x0Fb4240D6B852350Bb5Cb808E3B24E446F2A01d3,QmbLREZBFCU5C8BvBE14VxpipLd4mXg1YoQp8ubpt51RDS,1
309,0x834134398075288F2E87CC8BD2A6687564631d0F,0x05D1CdfE9678682B880040aD846fcda747CfAe42,QmTt1meMyZeZboFf32aG8Qn1yAJj9QMV777YG1V3adfXUo,1
310,0xd4c342D20C1836AD091dFF8A85CEcb3B6fd10a47,0x5050d3b8a16553a2797aa46C8b658205532D7a9b,QmSFG8kF7fSZFMKmwZMLs7QoDs31E7FGmq9MZusCPxo4HM,1
311,0x5cdcf476ad4842cB1dF4F45C9721f01a076E8139,0x5E160708a5ABe101049A1f5F1E85b2f9AC16C05E,QmWWCwkN68ZYD5bopVyEHrFf3vcWHLG9iZRQqCPHsPmbPQ,2
312,0x40DAb157d92AD52BdFa3DdFC4C3fdb8131BAc05D,0x86BA8a649cdc9a0E6E911385EbDBbf5600B3C367,QmWBESmeNTAyUxDiL6r8LPD96drrFAyXvRDR3Lahj9ZRWG,1
315,0x5F765B697FB8C10320d94f24776f05f29546C5F9,0x25bF2711Bcb147b31bf3753f32C6a89A688B3518,QmPmFhafSAsJoe68a9RbTeWg3yUtFFjPHqBzY3TA7rWHU4,2
316,0x27b116378ECC1A8C1D1739b6B6125B70C1643a1c,0x844Eb853614bDCeC4c9B9e9257252206c1FDa64B,QmaMRqDryvVhNPM7hxeJTn9YUqLFPVdhvgRptBJ6BS7KUy,1
317,0xDd1397F0e5e38279DA01464972fc320cBa770EbE,0x2aA6b66cE9432a67953D1F37533CF0B05A5F6e08,QmWuzSDE8P5ei9Ebah3bzWdbBayVu9UhCFqbApvYxhMnUQ,2
318,0x1108C11C37FfDD33Eb2Aec9FC32C6E87ee9Ae89e,0xfc103758d1a9dbDb8da57468995b5C3240A8b0f3,Qma8yh8eY5uXFUcW71TnwAeMGoG35NbyKMYr5kU1ubwe6r,1
319,0xd15fcfc7D43C2d5b237f9723654FAcf91Ab521dc,0xF12A25FdFc7DAa4AAcaF8a3263443FF59E4C2067,QmcUvV2VH61ZYNvx451iUdjFhwAjNeMTGZsRYBV82PcLZf,1
320,0x74206d5F65cFD081630160B84a6c9fAf82fe59c5,0x0029D8DBaEeF9F218A578eB4D685159Bc9d30115,QmZhe4symvSSE77TmxAL9UBwzJRx6nWcdzc5sM5q58iYGz,2
321,0x650b3a685A922f7d8b9CE729361D5d9750537938,0x3D84CbB9a498CFA03b6a012fF5ee30239a5689e2,Qmd6vsxR6sbkNhsphdwkst3F7RoqmppKipQh4pdMiSSmAh,3
322,0x78E6D97dd72BCca2565506D1B632c50C6d54c1e2,0xfB0C1380B2917f8C1072b49d69873445abE2E34A,QmcztUVraysLZunuNHXL8ZMcs1weZWtJwwmm94sXZy6pjZ,2
324,0x1B6EfeCEF1FDC8Abb56417a17cA3fa9007768022,0xdE1D5bd2c0520fbAA844Be002a646C657A39f66a,QmTxm2hZhYUYkBfXLe5FrthnH7SPo9cX3DneDkk6U2EFr7,2
325,0x429DeF23d527598d620bb85bCBa11Aa4BC018f6E,0xE6B1147f43D14d355B2697382fc58a43C3FF9a06,QmV7fktzp5BCTouFNdgKa3nsdeygHvAHN8gP7xbUQokxFV,4
326,0xd17dA4Eb0Ac54383de3188c11274f1Bd2530522E,0x9BD48e08E3444B30113812acd52458b35C33803A,QmR9gvciGxYJ1ohRDD1Kbc3jFNj6aSc5mYvHhXaqeNykWk,1
327,0x0baDE173a680C59355Fa906f9e477f9456B1cEc8,0x23bA19D94Fd1f9BAb95823CDA2169D3D6E3c2086,QmVfyfs9G9zFgdJNcGY1MTWfXinESgemYE2dL3qykxsD9y,2
329,0x93088AaAFB659d0D2899Fcbb249a820F5A83794A,0xFA4937670686c09F180C71a9b93e2FfCC3A79F47,QmZZDB6He4UZvujHcJHBL9p2uSJbi7BbJXTiTeSp1Tgbw2,3
330,0xD5FD00C2c3E126B9791faBBfFE3292e7545b447f,0x75F2D6790159a878045462D01DE7115425CC2898,QmbiwTvRuZkSnzMdm8BoQxVtqkzismL5Cxv6XpvmVxy9B2,2
332,0x4AC004451B24Ca1abb32eF572527cF658E391810,0x5f6388f02804D8B6c0cFd376Bd7Fb68224666D41,QmW9xiTxpq6w4C97tCguk8FSYcGxy7asaZ5RVyxij1ZRYp,1
333,0x0c450b6BA29A97b63c371e7200f0C4F34EEB4474,0x1319D571Fa92bCf6Ed9b6954DFc485A3505EAE36,QmZUMfNpSohLpMHw1wN7QJJHMq7a7VzxhNHXEgKNKbLb9p,2
336,0x03DAbB5a2A3385A63c28d4EfD2f1aec736220b11,0x6ed4086bdEF8a73D177E453a9D06B07bDa98a8E4,QmVioStzgaBXkr1caFJDt9MyypgrWbSqKJN2CzWWp54Cu8,1
338,0x000bdD144F088c40728ff96e982241CEEE5f6600,0xc43Ffa24919CC00D1c3789f405668f19D580963F,QmXzVBriXq2wpZAATgWHiMJ1C1xwvcnGB4EP5pVjE9zMCq,1
343,0xB4f49c91795CF4b6236077372c45F8Cf7Caa5fFE,0x76F3FEDf7B5b250D23CC97765286eDA2978ac732,QmXi644jLSjoZDMsqXFQUSML27ZJhMDyMRwPYna1RCJTBS,1
347,0x5FBCab83506A198F8DD57a31521672d05e57e2D3,0x8D913539a777b13d82ECf6B97f25e1564355B9f6,QmNreGpZPR1ZEPDAWAFa3uxQAex1HBpb8tkorUzAyou9Hg,1
348,0x30B6349bB2E3Bd90E244b2D26e984df08B4f90C2,0x1bFb00d16514560bb95d4312FDD39553395077aF,QmR6YLGr8qGARbJt9HrwT1yPtFFo5szk1LvrYVUk9Xrf2H,2
349,0x0FCc0Fc1B92337c3E1817C41813faCC5b7828E8F,0xFaf9121c9Ccd31aA519d2c5d39665d5D406121B0,Qmcc19Jdu5UVLF42DSRpQ1qtmrsDVYCkvES6gBBUsP7M2q,1
350,0xF78BE840f73C136641d070C96bbe760fCb081855,0x708b02D0Ec25f7cfA0827904F4f06133a5967fb1,Qmbbvj5nHuf8eNiwkDti8SHWSagAdx13PVdgLX5fxbESof,1
351,0x8FE7a4cc5139fE6d61aF2f0208bf6915987fC8A6,0x9234A405B420A746eAA6631F80C8Df3c86629505,Qmebdt5QLfJReu2U6VEwQzS2fG7e863E8Z6RpRa1ZdryoQ,1
352,0xf6E762F27902Fb1f36B9a621f1Cb1957010CfC3D,0x4A395B0eFC9907A195c81564c10A985c7E9F6A15,QmPB7Xx4QfxXvaVSppeFTeE6eeeKHjqvmUwZup66Vop6fc,2
353,0x6308d4Aeef602C098fc13949d89Abe25850B3918,0x5a77b4e1008e96A68f1C514e5a2C9b0e728b772F,QmYFJyv4szuXhzk8UsNLBMb1EjmUo56n4Pv27tC4YuCUig,1
354,0x4AA69F39F30d3147550Da263F62c23e90998637A,0xEB211F9FeF14424C28a40BA90D4716383bd3497F,QmQ49S541nzM27fmsvqVwsZak8pPyjc5FEu8i5ZykD4TGH,1
355,0x574f6bd074D5Cda529dBD8a6b1d3d6a40c1d71b1,0x298523fAA843CA40e83b7934170ca874a4FA1b04,QmQ1hRWDgaLj9QvbpagCwe82VTX8avqEFbtggvBA4PdDQg,1
358,0xe0f1601EbC8FEBb642669bd50778e9870d09EF5F,0x31234719E4E33EC7A08192760024A6A3DD2d997b,QmX3E2jaND3seJDHTpb6JAgvcuxQYzSPSLdJ4MuAmBXAZV,1
362,0xA3A824f7431d7b1D26e9732b30827D45b2cFC9f9,0xb3D01D33Cd613a24C2890C9Cb138224f0F7727e6,QmQbrpnfYtERs97PCiYvDD58xZVuhZAqg5fWArrATweSY8,1
363,0x525c85bc5c82D262504437D3dD049c9c7d3bc47d,0x60AC636DE5Ad22eD29e016019349FA6E7A382333,QmNj6TG7bjbuWceuDFQd8PdSw6dz9QGGdY3NB4ktYmKPYm,1
367,0xBA92E86B423E175fDf0B98F02a04F616d1815e19,0x5403A811D2Af48b16C781005B57D0f3debDB38E0,QmZ5cKwZE3x6gF7kLTS78aTjyVcqzKunFCWG1QceXQ9KCr,1
369,0xEc5768aCBa8D76E0a0FA0fe2E7275464d5726409,0x42d8b35f9eAA5D21cBaa498c342757205cDd72B7,QmQwX8LZrKMcHFQrK7op11npnpQUxoQB6xx1QPhpHkAfsL,1
374,0x0ecb6345010e8706c3a8bE092408c75d85630bce,0x7EbA274D01c609959afd6EA8005cd695b3a62B18,QmeVvun2wKE1ArpnAk58e2JKPuBbwAEhsPC1UHbgzUUAmF,1
379,0x21c64B19E5819F84EE32004526Dc8B7DBCdcc7E4,0xEe7e4cd9272a71a893713B0A56c143b5d8C034A3,QmSpdbFYEzVeZr6epe9V5yAvAwCCbVLPau2XPH5D2atuQX,2
382,0x35C0AD98a399662245A5Aa790c56Ae5e13BBD1A5,0x8046188bE32240f04c2a8F457D40fa9F29B33E6a,QmaiNCJomigYpWwY29vdZk3U71iC7ov1yquG5yZREwx4qA,1
385,0xB374aCC6B184fee5E88deB3e91E17a76e94d3C46,0x5a3BC55FD22BAC7ae8603d83BAbA5E91c3fFA462,QmRfGuKTj9dLaYaYk7WA7zVHRTdRwqw7Do6syztFqLrgP9,1
386,0x9c755Fd0e5134797D03F0b9A225534dB99b195E9,0xC8E3ea98a439f57851d04240C96683c3eec7deEf,QmQd1bQ8UTKJuBDzSSSHvctBSagAR8rj87A9FbNSYr5AT3,2
387,0x938C7867A14E8fEB2ceD18F0072C948f5Ce4698A,0xecC7bf36690534fE89a317Ecf71b0BF8F323Ab0b,QmcmjergubRpyHaRS43mGvNd2UNAiiyAPdhxYx3s2GZvDv,1
388,0x29e2897Bf83da2bf8150964eb871bF4e625720A1,0xB04eC8614D0c1fe88717C96Ac7c64963Ccc1DAb1,QmT1UvoP3916jVxq37dEyzEruFWs7AC2CNFERZpAhECXSE,1
389,0x7e703DCFeAfA68D74Da9b53B95b5EfcF0F508DF7,0xBA89AEd599Eb25a5B14bd263C41B645409B46e07,QmPGkX5BAioE7tKWb52RhHBTfsYgXTgAxT5ak85kJ1xPtx,1
390,0xBe024A43782209a5025DC951503ab1c24a9FBaC3,0xe9851b0d4A88865ca6AF971a42Eec2f55F1A9691,QmbAZMbSR2GaYbXf1vzPrdPS17z4PSNDKKFPC4TAAYxzEt,1
392,0xd675cf6Ef502dBBDdBCA8BBD5B89DdfaeDFF6214,0x3275a74CeEdfcb8CfAA86Ad3E202574B76BC865d,QmdHZ8QYaMHiJzq7YXB1AU3VFp27cTAKMHQ1KUqaUXJBAR,1
394,0x38B0057e0b758DFEF7b8cd1c022622e9dC9Bf6C7,0xc6571c2FB66825F13b7751b1c334810D397618Eb,QmP5eg4s3FQ9dzxDHETiTXuk3VjUWY7esbHt4RYKTX6oD5,1
396,0xDE992FDA1a30B5675dc93d28a949f21e55cdA539,0xAe598e92709fC7fBf745BF3958bA6CFd0B59DF4D,QmctbgqUtXLuYkNQujadk5DSb7ekBgM9SUJHU8zw4deLa7,1
397,0xAAEd91eF04412b07E55EbB341F61E38355a9989d,0xA5Ce6f85df07269625d6d0fad3E98Bfc6cc40E4B,QmaSk1TxUafefGsawpZuidzYfNDNLNp4NkeLonEdRN1TPH,2
398,0xBe543e9f49a5C8d76FDb015C263F0Bfb5E94d9d3,0xfB79Ddf353d10a6D91aaFEeBdE78B6553f4b0E0D,QmZoTnWDD8E9r2rf6qgZEsBvdGjZGBYpJRqq1ogTMPDnmf,1
400,0x170f538EB74C086CC952f5ECe10F7fAB7F5b3eF2,0x933C423c0659435b7eCebC5A0BF11eBf0f1C8C06,Qma2NvrMxKKzcXgM4Qhzm6jPu9S6xqn4qKk4yy9KuYfBm3,1
401,0x9e0B780595848C338A038F91cA2811f57aC8CbcA,0xCbFB60F6a39e9E5E79F48555De777b9Aab19c99a,QmeVT3MxHQVAWKsnXZvsQK5ixow4sF8q1atvp3DMdMzBwE,1
403,0x796663865Dd02Ab217efBe47D60458B1217908F5,0x12afC6451F21FedDEb1F732D6baa02684c258d9c,QmPJdbTkzePzwvMhqX4SbMcur8wSGx6Skx6DDYWu8H26EU,1
404,0x0ec13719C0d74E3F6C3659dF42d6cC7DA9040B3d,0x452EC2EDB15fb5401f84626b7f0825956190A7b4,QmaomMVpztLneFfV5aBf7R7DqDUXRhvauep49PxNDiLSwm,1
405,0x84f59C3B1f80FaCAD052458190B7a8BEE239a7f6,0x46F617253122a988cB62ba12f83561f14FA8bd65,QmNy2p4mXqGtgZEGtmuoKhCP8oRr5aq79pTKK9HSQspjBh,1
406,0x4F3895a9E2A30439D08E658De00df8dF19323C05,0x91080E15609740e5166C283009e1401570810ab0,QmUjL1DfEX7uy8CfANGYdTdUBYjjV4KNATdKmk6PzK2KfQ,1
407,0xe99DB855b8C555Abe39Eb123c19a42d16400b83a,0xAA34c2C73048EEde963CC8089F733d37649E3560,QmYz4iu8Uqt5MycCaTToUA2o1nBDw2mFsX8A4EAiMCTDkb,1
408,0xC1dE4B0C06c52088ed022A8E9727d436c066F978,0x296f502dA7A3656a2bfBC34f72D286a7ce6f9C8d,QmaUYNbptitioUjJva8fP212Fh4WfcKyuyrFCgnLw5yoEf,1
409,0xD755Cc48Ee41f617d7F55dd7436E7DfA480E7f9D,0x315b47fCa0545A4F57801bA3DD4a1e74a236359E,QmWyRP6EmGJ33pEvGcA7oR7px2XNyaRueoy5EFX8rVyJ39,1
410,0x0A14F0aC4268bA13E7B5582Cc1850b789ff3EA4E,0x104d3aC57712A780666370A122152Ec6265e8c59,QmPx9zX6S4aJtxmPDWDbDnjwkAD5LBGbwATbqC3PyFKKfH,1
411,0x833eEd7F1138a3d111aeFFf011299F4775B076E4,0x1E2D6F7995700D679122aF822eb66c687Dd589B9,QmewXvsKpZ1erw8ufKdVaLQosSQBks9mHRvjfufRcjPKpF,1
412,0xD6609d68b64a15527FeaA7774Dd26Be0a2F942Ee,0x8b59947bcfd847F623a90A58E89E45bD814C87BA,QmTVdaLpmM9n2rbuz4sSk2YwPBB3JaER8iLcbyH3hbDyje,1
413,0xf9DBcba152a62d6A5e2F3342E8B5e4fDD92614BF,0x15aeF876f022053F28EB0551378934c798a4fa82,QmcL8VHqmpUMeGi6p8bHQx3HSZBSGAcNHSFRBv6bS9DZEL,3
414,0x3b608Af3eF252F4466DbEDe3cABEE9913d26A10F,0x35C3e5acBe3f91eA607BCCe22F73ed5DB25F9dCF,Qme6nbp6jcRSe4KGSXRjNhuS7puwrq9ijS6Ed9xf9YSkxD,1
415,0x4541986Cbd69871910adC7266eb4E590a9b3987d,0xdb1F202D688E7eFc426328cd4eFA0D4f34A9191a,QmUGJJTSkksMfyFb5bSCbB2VwUzc2YsJh7GcobjN9gPQ42,1
416,0x03CA8500d98B89b8c12F28b200e044E0ab3257Fb,0xc4B52Cc72D5785E418b6F24A56DF1b3f67674474,QmaJKuBcue6auzfGqunzSGvo6PfnFbb9uBjsLyiH3AArzd,2
417,0x212852a28450d16fd6060eBFa87e4822fEe49a7c,0x6FD8E8858866effBe0CC710bFBce753901dFD50b,Qmb8ZfKzKbu6zDfJpyQbwSa71vuxAJwf2an4S7vbVBq58H,1
418,0x4125F8EEd9f2fcA465072381B8F76055f81d7c0e,0xcd56f58a5d46530F2067Ee67d1E9A4dCD9b65E7F,QmaWk8ogYPk3CKp9Q4cGHoigoWDiMSJ3G8STBzzdCN5Tj7,1
419,0xbb7DbaC93645257a4A71b9535f1A07F4BF315295,0xAC58731c27Ca93481D0be5C1323ABB0Ef8EaeC84,QmNXfkDAfFdqLpeug2i9BfmFxhtf6uY4vGt1RdRfd2ysSz,1
421,0x10FA59e4D88622e7f56CcF3Eb777e1696Ecf4ed7,0xf8926A177273202755F9Fa930c96285e612375AC,QmaBAb2XpcZFhGCnmqSkaQqHNhVrSEqMxD5sNwxpvMZ2DF,1
422,0xAe3178299910E121AA1026fF76470Cb7631C3Dc7,0xF06c79C4fa207dF457295d81914BA74A7caC6bbb,QmRDzuhosb4q8H69ib6JJrDUv9x8VDMeoucRYA61qnfiZA,2
423,0x21ca188667Ab8b6577f930C407Bf9675958480c8,0x8e441287171988C211996bcAF20b26dc40218B0d,QmSqRFxyVcSMxDQadY9EYAgh6WXsuFsEK7ngMY2hq8VxBN,1
425,0x9ae88Fe32D6Af0Cb9193575EDf1D06F0D79d54Eb,0xEEc0D4e7745059e465ac8bC70C9F934476Cb9F4B,QmQ761rqqVa7yUx1Z7deLJsh5gXX54znnKMo5i2SJ2i6eP,2
427,0xb22297FFBa147c6bB81B332C4Ce99dB427F918a9,0x74fcB5c0EC04F12B79D7F76cE164fA49FfFC739B,QmfNsemBX8Zmvcmt67eXKnd64q7UTqMUV2dydjkBETpsVi,1
429,0x41c18818299ccb2d55Bc954ba6b98CB74AbBf850,0x543A986585d42b10aa4c76C930C68eF8B61807F2,QmSsP4NjGTwzy36nZrND5SrSHmVYE75ojk2cp9UxjLPPQL,1
431,0xE316C259e899cd45830CCb0145236F7efd05baC5,0x588BA26579a52eE81844Ce7F46583e06314B58A9,QmWpjE8JALMWCNEKa7xqu92iDua9KwDJmTJUTYgnQcezxf,1
432,0x49fFd9C54F51487E4349B6234639E63A54c58624,0x4428c03D3Bb54F4c7d74BAa4C4252f69625A8CBc,QmZUXbAvBesg9pty6aQCDGXdSCVoTUG9NTh7zSTDST9QDX,1
433,0xd62398d0D6639d5F5887751342e76e69Bf7Eaf26,0xF58a3Ad4919DEd8fBf58F48F61B3FeD8aa0F6E76,QmfW2AcW2wqWFZHFFpicMHtibdeAh9pyiUBKCFREm7Zrd2,1
434,0xcab644a85355b9c5d210B4878966b495643a0a8d,0x5631ae503b452175157c7161d3c078FDD0C6215d,QmbC2aLJQGMTBbYAqD8Dvs3ffZSpJqv7n1kZ2exW4xgX8w,1
435,0x59E9Aab5A272d8537484F5A7a2f5A9C104685D9c,0x2A35eA45F23d8BEa3F8737E161fcD730a4C5910B,QmU6v6kQh5qHpQFbuxazVgKwanRu4Wpmrmzyah4pPNPhDt,2
436,0x50FABc55FA15eD1CabE95294476fDe01b0B6ecEb,0x50b5D4768efB012150ab4C24C39924b14aCBB9ce,QmPWpZgVHoT2PmhxRA77tySKbfUoPV5MBSy8gFLYwtpmPz,2
438,0x8832f26f8Fab942Db396e64B8C480b7A95aa7de3,0x7680460D2332caDb284c88a36ab4f8Dc239Ec055,QmYswCw9EuyQnUhtryjL49HDAHL2Fux4h5QmprEi9AVWLj,1
439,0x860AaDC6be8eD71fB84A3759f991830C14AAB618,0xB351369223058DeFF43EC30d32086947e54A30e7,Qme244L6BNUWDMFDr15oxzeyMZ4WXLcee3RtwgifC3oFcZ,1
442,0x82c9d94c430Ef209066B8aA8E9Dc5Ed0FfDC2D1f,0x5999498C4EEDBa03a6D9DD8b52DA5470d807d921,QmehV1zmNBf1aCrfVUfg81LcCrzv4SWA81uhpN394oYNRm,3
443,0xc0Bc16ADE07AA959cc2A81fDaE3b15c63DF8eFda,0xd240048889CF1435D6299C0D1Dd9D2a0533a4397,QmNkQxQmcxiRSHhkFr3STMCq2JPSvEiRxJf8dHSGZA7v4o,1
444,0xf1626A47Ac3C8213BA31CDbd71f5D033C0dD5350,0x33340B0d083b0DAA7d91B915Bc9e4148B25EE96f,QmRgYTwPSPYSgnHQh1VaS75baPaWyjMi8SG1k1DtoAeVHs,1
445,0x14Bb5a91Ff5bd43eb4c955C5b69Af132bB397a4C,0x971740Ed368934875f1890898D5FFC10EA99FA43,QmbMYXpRBbLCV9ow1FDy9MEpfV4Fp7V2fCRkVPJmn2Evz4,1
446,0xe7b084E09F7D697AA3258aA99eE6075e3E9b881E,0x69b8A24edc9053b3D007710E7B986dF40a0BC7eb,QmRrBefCKrbyioRmgg57enBVctgwifrPvVgpfJboeJPTqs,4
447,0x471162436AaAfeAcdcF87Ac8bCf5080E93c2c020,0xCFD0264cC81291678363202E5f2B2d323016E8A3,QmQDRNCUCua1LJqSAAweuASS6AZfR8dFnPC3YxZVsv4e1p,1
449,0xDef612eeE2c85eb21FeF86DFCfFCbBAd94b74659,0x3D8d9E4732009e38f9893a691F206Dabf2eA2617,QmU2457bK6PY6UG5xnH3sPbuTHpceZGxAodLnTD6F3JJP2,1
452,0xcbBa0f5493873Da09Ff3D5Fef52b108f46f43Bfd,0x3585ce928dE55c1F74e81cC94495f44B6e410128,QmQKGLxN8dn2mZVuQNetWyPj6NzMhchJkMrirXrpj54vsV,1
455,0xD8612C28749C6d89F9039EdE4E9717137B6C774D,0xc0b961945c5832253c70bc346683F3be3F566376,QmQdcyxktYV4WaVZutMkZfXUZzgMoZgudZAt3vqpRqvTDp,1
458,0x05Bc50550bBb3c8e5dB0ef2a62E32e3f9f8F4454,0xe1882249519126A144083aBb13B33Ca3cdcC0bE6,QmeLQRfCUtPDpc5indYfVcn9SP5hd6g9uKBnRPE79yfY7U,1
459,0xceff22Ac6dbe673DdA21A8BDEC5F4De1d9324B58,0x785611aB8c331786702643e2eB780486f5F5eA6e,QmXLqKJtrmvhqwu4cYEkFVJkhzkEmUP32zJJSzNs5Y6sMu,1
460,0xdad3ce478983AeDdc92EFaf0Ec643b9d47Bbf1F0,0xC69801CdBA5e5ad2b91084B78856578B33E469dB,QmPtTEsB6XQKmthXhHM7xG8XhsEXq3QPwPZer58dixxLek,2
461,0x5313a35Af938bECf71870283245D8e03Ea714422,0x71adD64adBB965Bafd01437295968502eB61145e,QmZVSjbpqKjztb3hrRr2hiEbwxMDrNwGkvnGCQABToeJUj,2
462,0x65784A84d10CF495b9678D2981E1E52B8cbF016B,0x974d10847b7BFD3a20048dEe6fFF926CD133c1eB,QmPfVhCwPDrCBLdNVFgNjktwf4GENGdZRuN4spf2XBfBbA,2
463,0x85af32b73d643EED613BA9473955235D84275154,0xbd3bD63e46192Ff935dCedf420d026e107127659,QmXHyRQcddynQXZzYze17zm4mrgowbaPEJgkoW6vc2xHkx,1
464,0x780c801627A9ae8F7B5C36Ac9C1E5Ed4A208272C,0x6A165d814e92989B6D3a1368A51D8A9B303d204D,QmQpE1GjF3xVsJH6QocDyKTrJchrQ7JyXxmNKuRtaxDpZJ,2
468,0xF87d840852F5388861A879E30045A7Ce3F4DDa4A,0x385c1Cd65F9d681B60642cf8c1c1ed201F064718,QmbTzEbC247ajfrERANfijkshnTsPsRUA6j8fVUkb9pTft,2
470,0xc00Fe15b7ac03BAE24CE3Ce3C4434efFF37f8f2F,0xBaEc208F30CA57053806E228cc7e1FB402aD6846,QmWisxuxwXCPU3qniEhguCJQx9pfYCADBn4xbUiqboKsDR,1
474,0x2658534e0d9B4B447769F7E5F9867761f100476A,0x8653Dee340096c801aA43cD763998bC7CE38d63f,QmU3X4UBJPudsM4wdVip9ofwN7tHhuhiY2cAFZ89SXtPAd,1
475,0x336Ea6e52cc4aE80d9e72B493f5493c416825B49,0x07023c87471184Ea2E837037ed6778999173276a,QmbdM2TuV3RTMoDraD41LErK1XeLtSEKiL8ddyfCus2B5x,1
477,0xB321c695975D53bDaE26b743186765016B831789,0xe2942d62C2D00Ac4CbDB29aF64f6EC06eF156aca,QmXzX2zeQg61XJF25Ab9546y8DZ4S5RcLHGv4LaQLZ7AdG,2
478,0x3763927Cc0803f4870cA721F50B8a077f4132954,0x44bD6FD314dd5AaE5100f7A9932575207fbc3bd2,QmUe8jsouARBytCZ8PmdZRN9r9SeX43kPJnCkupZ4TELvS,3
479,0xcfbCA02f536308dE3dDa67D9a1e226611473c5A8,0x9C1dCb699e6aF3AE59b7219e5EA7fEf6D9FcF9C3,QmVJaU12foDYseW2uwt3Fou8yan4mktRjysQ1dKX2ADtkT,4
481,0x54AE73369A7Ac0cbb0D4fA51017693aAE3C89585,0x273fdfc4C0B2251C4758b54E1aE9B5B5ee6C4455,QmX5xo3QMeKD5FwMvQpbpYSnYDxACLCNF5Wy2W9apcRHn2,2
482,0xa17A46cA6cD30C632CAD2F5575C3E30e17047A48,0xEa063d6fb1E88D466eA7E36B498e64Db90e45116,QmYbVgWKrNV3JXQroCi5EuGFpzgYBtwM5WJnK1wZWfpxzX,2
484,0xEe6d6ec0988C899b345961cD6578BBA19663b21e,0x9655c7C10A955FF91B8aA88c91f289fB0025462F,QmNVuexFAgeNRLA6JCG31QbWCu7DwfqZ5g4k8XkCFjEvYs,1
487,0xF028626530cFcA2ddF116e33c58DFa7fC1782e7b,0x2c59900B9442b7A865F93219c04f553a0D7BD003,Qmbimi3kBsQpL6siRwSub3E5oEQKQhKLEgitR4MV2iGRYk,1
488,0xA2a6a983E0223CcaFfea1d1aFBd8744a99aa0331,0x6D9B7220961eA59Ff1B020aDaFd338f51c802427,QmYUzsBzrvNLuPazAFneh1kiyZB9MMLxTtPf4vkUDPp76y,1
489,0xD716bC3cFD1B2e428B568c727d317033E59A985c,0x044a6b35c1ceBf99205753F7B0F13806b701BF8f,QmT2HsSsJPW2LvGxaaT892nqPvPYFKa9GASY3gjwvXk5PH,2
490,0x86b9Ff5C6b15F883Ba37BDFD069C23a8Bc25470d,0x6107460513ded8eC4C2fbCd29036853Ea90FC51a,QmPWtCiEC8aCXLwSnuu4xXA5s1waByR1q2FZNAY8yvMyCh,1
491,0xD7Efa101DED1CB89E193c0F898516f80fdF36065,0x5cdE1aCBBf58A94bE9112C955eFfFCf91a7976Df,Qmf8ZQ3wDrddHACFPrkg654Gcr9dp5SiNLzXWT6J69u3Pb,1
492,0x827B0FAd1a7Bd8C3db435723b29717438768C7a1,0xc6179d33238B7Af15a98Cc90670842cdcb37e50a,QmY49hLa3xSsFm5AiE6dTLFoudTt1vyGrvSaPbovF7kTZr,1
493,0xb91Bdf5317DB2fB235d4D3695d011d4A39bdA9Ba,0x978d5a5e2F908a7475B230C3266bA61CcbD9AEd8,QmR4SUa1hxsqXbJJhVyzY2VghMTdDm9cyd7GgMKe5JETXj,1
494,0xed7242a8b17b929288F68A70dA03260E4d013A7f,0xAb9c304d0be3588e20ED794d01390501CdF35434,QmQutbPBFUCVHZ7d2YRYFWZobQpfeJ5S3YEZYcWPUKKDQc,1
495,0x8C8Fe94f6C51382b301476f39Eae6987B5a9e528,0xB6EA1d497Ce6A0308113ff9dac6ba4C7eBC931e4,QmP2KZrq8C5A1feajrxvwTwpsCtRqy3eHRpNFWoFuuxyhC,2
496,0x9eE7a3Ea40eDD343d2DFdef76eF05Af42dbA87ac,0xD24F97006C8104a830023145CE26a242D537c97D,QmdgXEXG9qXZ8sQuT8XBAJ71fRmZWrsXuxXk83gPSKNvfV,1
498,0x2DfDE96ca07Db326E4F721efC96071FbFB9E8FE7,0xdf0d1567e52A3f68AE63a1e436cF6a870bcbbe39,QmX5NmeZjeVzDFxhCWKY5miLZBupTkLL1g6aYSJCkSNW8R,1
499,0xe1Ab793595cE0C80CAB9985b345DeA09dbA50759,0xfB5c2BD48E34Fc530eb857aCd71905e2b17b1F9D,Qmccpwr6ohpujpaR3bz658onkbbtrkkgQqnvjmRYbe1NvV,0
503,0x764abf48BfbB7266DF0F18E1e459329F2b791C27,0x755CE5F31617deD6e41D15Cc51D8FF642CE10e9d,QmZA41wN2yRKrBSnow9Ldsdmr8zuDuKWHmpBcHgZRQh9aK,2
505,0xE4C01558674A4aFf242F3cea7C4538909ADAB736,0x09D33dF52A5eC96a1a84B0e845F4adeB081D9B71,QmZTr5PqDnHws3vUkNANRcyiUo1wcngfFM5DFZBEyniHod,1
507,0xEeb4DF6369926Bf2cFa73eC1baaF9918a86Fa15C,0x3d60B65857017703C2dd8a4B3F0485c68dE7f7AB,QmehKCymnLBGV2m2Kx5Rsk7ZyMxjEXt2xWb8wT3ETfsW25,1
509,0xB6ec72c3Adb97fd9dd1C8CcBE3BDd404aEEB0700,0xDC4a9fd8F506631940a23724bEcedb562584ddae,QmXkSnLTkTWsLpW8ixATdJptHGy68YEXncupRwf6takNbc,1
510,0x84587F467E4D07bCda75b0525C41AfA28E1d3b93,0x5628A3adC8d8110Ea531592aAA23F516F36c18f6,QmYk9EsjcMtSrrpYzwDSUEdf6qgDkk4mPyz7D3jMW5UzF8,2
511,0x6d37063d4449A790f56EC0a6E886e4f503D238AD,0x827C4243634e99B146c9FC73Cf703af5e5D183CC,QmVrA5LoufJdVZ9hMwQkE9Rq1gYp3UrNyZg53KRCUccBZ5,2
512,0x0004c77F40243D7dBD53368b4374e65dA5fDc9eE,0x0BDF5920f4A61d32Eb5b85997ad68bE04a6582C8,QmRb6dznY4tH8QwPeoEkqLUkyjhb9AXmy9ra6tsspK3kNC,2
513,0x93F0E733e499077F67CF2Df3FC48537B35932D6F,0x94440B86B05458F07E58cDa1dB6891e099F109f3,QmWtm2hZtq2Brc1iJUBeA8whzC4dV2V6dGzTtanc2FCp9R,3
515,0xeeF0c93FEcBAf3f4bAe47D60742F1F0c571817Ea,0xAA2Db9FEa60bB48A74a4F417Bc627016667e6a85,QmbocdhB691njkUwmKAaVBFgMkBwpyzWKeapYRWcc5ZBQa,1
516,0x909469928f471d7256118c068a9b942B9c268Dd8,0x8A6aDC76cD3b93f54E3c33021C86b2a0B1EEc14c,QmcqFy9vuZyncyoHZRfu4iQZZwAuvFtoeqPZsCpTkqV78V,1
520,0xCa5EB4AB293196B79D2df24CA3fb4005A47E2c55,0xb3A81311c3A178928cf96F5092d627a259dc5aD5,QmeKKewHC6xnKsB6SckNgLhamdG2vd9RQjpDQiCVcWaayK,2
521,0x2E284aB266eC8bFc411bd1feFE51f2C7D7F9cc76,0x15fD027A2488EF14dA9ec9F8cBBFF2Cf2491620a,QmWXHzcSLpFJQR2KzPziizqDPS4K1L6QYAQJSPEDB5bbVf,3
522,0x83Fdacba1d5D8f7E7098f25b9B4E16eACC9AD474,0x8bF74Af8016af9EFE88AF4528a4ad003E6c2Dba6,0x83Fdacba1d5D8f7E7098f25b9B4E16eACC9AD474,1
523,0xF81aAa902d6a7F7a7c2bE1ED1d3CE7ac7718b0Bb,0x52C92864ef84DD488Ce82DFfC23c5727635fE8F1,QmSX5RcWA8VDVUB1LpnY4BGHDFaoBXmsoZLwPwsznMio2K,1
525,0x16a0AAe0Dd932Fbe5047D381F842db567c249BD4,0xc2164FB26eCC6ce4855401a8C9Ef2b7A653B7c7E,QmfGstBhRJ3AQJWW5Uhjge9M8AZLK18BT7WPdV3Xq6JbE5,2
526,0x1D0993Fd1843B2469F4ad5d5bA20EFee62b4dCf6,0x325409632bccFfAc706d378A2Eca57Cafa21ab11,QmRhrmWLzvxx52CSvqgCgxNsU4uyE6TG2S5fHv5WgW3WbY,2
527,0xB5A3e78D3D7aa86E4b2F6B8FC3Aa442e8bcc52b2,0xB3a74e92CE30e5229885994e582C03BF948A0f7C,QmS9WMJQjyu5ijYKCaHmRYnCXSZd3DPWRmgMUYqfA5oZL4,1
528,0x7719Bbf409Bc5228466F9A8fCF66564d03f567b5,0x54532813Cd5D224BbED1c011394dAa138E3DCc47,QmQg48FYUWhH9UCJF3NkakoLGAXBcDyMMDeD84nskodUeb,2
530,0x0135Fe0fBBbc4A9b20D044A738f753C9DEa06A84,0x3dC09DBf99B2Fdcb75F3E36F95E2fC4deb140732,QmYcXvcYX1Sip4sRLxJgkTuqfqRX3ZWxhQ8Ws8wBdpekR8,1
531,0x81bC837eFb7E3aB404890139D7A4A806C08280AB,0xeaC63C27eF2eFa3d9046E0ce99135c9D1b086cfc,QmSJ4QNAuqv48pRhAuUomNoaDGDWNRhHQvWYaC1RNdzvSy,1
532,0xcd49B95e7e1D20c97564B9BBE84F1841b90153a6,0x1961034E4F5F1b8C495D17480163E0179BEd845A,QmUxz1LwZ4tEUThAP3fsRwWx5Zq8rm2bJenKAjdqwJaC3Z,1
533,0x8a6A7d21238D912a64CA6027B3CBc2ba247007E6,0x87cdF3eC602bEC30D2e2442a0C10ed6a485f60CB,QmaMnwte6ye13NmTZzdeDY9H3yALtqUWQC3ZZp6mp4GaiY,1
535,0x58Ed97843e7e130f4254A41FE55016E6daAc11D3,0xf86981839c942020F907D40a5b9EEa7279f9b7C3,QmWEn6GtWHmPXnnsWKnBoSAa2gf2s9Yo7qPMZq91L89eiX,1
536,0x212A1321996CEBC57dF25aA6b6f42562fbbAb64A,0xC09F053080303a48CE0f00Ca8F106Ca37e3F85FA,QmS4tiLbFFpxfuVUczQQKw2LFbgjyDDtNa8rWVUysq8YCL,1
538,0x626D5a0315501C8454eFE831b11aD25BEB8BB653,0x5431F59e673F7a910cB99C87B7e6E6a347FBc635,QmXC98NaEMBKWMpeoiDrwQbHpivmoE7srzUPvPexAo8w4W,3
539,0x03Be4B12D1c2871356D060b847D83A4E94Db0326,0x15A6F227c26FaE64880bc2c994556127FCF97852,Qmb39FjfJm3f2svDsuHD2HbmiuzsKed25MikiqJ3CyirSK,1
540,0xF2a9F3860DC29c4cAB8EBD5470bb7026fE4F04DC,0x0028f13af6005bEB678a14e9825Cc5DE784756A7,QmZCkDmxaGiCs4SHJrk7A2wekvm92MpBquT3XUQy23CDEF,4
541,0x2069a8a995050F20ca0753a66340b0259418B889,0x8E4d8467867D4Bbf4cA111504b308a418f81345F,QmddcF3ZFk79WmK5FFp9KKqjXuHhanMYJX53NWjQAkUQhD,1
542,0x771Ffb4b8Ce73457a4f85F5922a5D779F59859aD,0x70aD81d18F2838b8650D88740d8E337032c9BaAC,QmVnBA4Ct5fuCuqvir3KfRcY3UqJTzdNqkwmdkmSR2YKrB,1
543,0x68d9bdED73a6CFf4743925a58887036F6e82021F,0x0865AC88224f30ca44237D9A3d79fbb1119Db9b9,QmYWiWBu3QynesPtcjoRWJcrAMARAAJpz7YTeUFXvFqpnt,2
544,0x758d0aC2fCf3b04FC6368f194e26a89176F90ddE,0x1A57ee63F38aF9F1420d9A556F01736630976f20,QmcQHx51uVgBaGmj9kBGEFfCZpH23QGUt2WEqxomqsxZMJ,1
545,0xc7f2594F5C8F328682a3eE5b73A185849BFb54cc,0xAE821Dd30D5e02d0E14fA443dD84f90A51b05030,QmcdT9MhT5Csbs1qaPoZRPNM16M4dadxeTa5ZSk6fBq4Ve,2
546,0xb73cBc6ed42a7dcc31788b609992819354C89439,0xCB3833A6a1dab47376c94Ee9Ca15BDeD513cA883,QmT8k6NbKrsKMenjBT8PdRVRNrcEbEVxc92YtCei1fwc76,4
547,0x530C3Dfec831e90256411c4a101c8A39d7faC268,0x9b037F9694cD83AC61d146673fC079316d190367,QmYns7FojnGGbbEpwaR3QgryYq8uDqqKj2ATNYTnkrtUZP,1
548,0xcce42E023F9d4253746Df90784c23a4FA902f260,0x41477AA998E49025c5098aEE2e6950C0d7a9da6c,QmZsx4HfxoMFLvJbR3kv1DEqDHqCJN7xQh7vk5ks5MpBiM,1
549,0x0Bf1Cc559F595b88fA50248804a31Cc5029f47D3,0xb35896f842243EE8AFCd90065b2D09fa0C68e2d7,QmanH9tsBS8kX3fqEdTKbXXRCj6b4HABRC56eEAv9HNFuo,1
550,0x4574A1e13704DEe4C0b2a2Cd03102d298CCA43B6,0xe175c44341736349fcB4c1498eB27d77b96d7Bb3,QmbzC2BBkdXF8TbbBgSVFc4N4bLsvuHAGFB6WKq4rB6Cnc,3
551,0x0B42f160f761708f6635c9451878e5914094BFbF,0x45C4224F1ADBb8779478cD2f8c420C7f62698220,QmRGfCtmtXWybwBAyHCNVqcNfFr5tezmJU8qMYuPMUcdxx,1
552,0xabC4B51701b73d6f3dD910Bc21fafd9a46589166,0x95e0aE2F9581fdC1F4FC7fc111c13D62eeF3b888,QmadDobiydhFdtaMxefbNhPrZqutAvMYC28nNigkKcTn73,1
553,0xCC1aDA2105233b00363623A84b3034F98c1c1d8A,0x0e8D670D40F8784c7EBb1F1A67902A6086f5f87C,QmZpnCgxxDrbDLnx6jq554AMqXEGmAbRVc38ec41FxmDCM,3
554,0x39A947153aD9A639E5Ec63B48CBd2b2a0A640da8,0x4C17137E659aE2B9715dbC7F9EF4B3dDCB6028D1,QmYRbNX1zLUwZ3DHYzDcicMVPWcET7xRhLRQV3DQjjTfp2,1
556,0xB6F4653C7CF413693148223e7fC53eEf18fD6ef2,0xe8ACF255835FA7391d9bdCE48792BBE073EAc902,QmRrbMFY1RqnHQ5R1ex89xH8aNiwA69Eec5qdJqj6G8yvq,1
557,0xA495a3dE278Eec54e494ca4F90c31C1e60aa2B06,0x7722dfF931768Ec6Aa191407E54Eb66dd64D55ee,QmR2kh6xwiMcbQooG1FTo7N1V1dcQLv6cBi9UWbx8bqHMa,1
558,0x9677558fBa3f7da89349a68CA09e36379803b70A,0x51256EF00c2485F3A40fE1b6E4E779147BCDbb58,QmRGpiVtr9dUFaSe9WMThi73Z6PmEsLMh459jYLdE6TyK6,2
559,0x392ADd568C8c910d480D549E69CD86630942C0E1,0x392ADd568C8c910d480D549E69CD86630942C0E1,835,1
560,0x6Dc63fB9CD7ee78486144718078E963991731D73,0xefd31047daf914702b77d456f50bbAf6303B76E5,QmdPae9a3NjTD5KoyEQMdcRK2J1odtish5DD54rmwYPuiM,1
562,0x1Bab7e35D4cb396213f107d1A7BFf7193439e9A7,0xa42B37b50Fe7f1a4850E66881C22E80a80A08240,QmYFKJb8TDY3T1nmkdRMDkJJboy2P89WUSuYSKhNBp6CUr,1
563,0x8D8Acbc7B1B753Ee501709378c72b2b9651B57f9,0x1D08568e9e044b384d1e1662eF55E4dd2e16C39F,QmV7FsredBdmTb1yD4Q7GxmoWGTEJsCitkaNhAjEHTHv5P,2
564,0xEc96D109e77002fC1Ad45F9FE00Dc307Fe9B4291,0x982dd304cF5d140B5C1673999ccB4e69Dc1E7E53,QmaWuM1Bm7YFhD9r8MGwbrftzKHBXiH1msut2e2SUWLBGF,3
565,0x2faC9CC0e8997c1d9093daC6628cc05b8a1aEC34,0x2ca6e764b6395C5E69Aa6EddC5F6454BFF5d8Cc3,QmXfXDBVquDnTQiX8me3i7cMncN31jNMzdUs4Aqzw23kKD,2
566,0x5e00D3e0ED31a214BEbF9333F1fDDcAb6a4Ac096,0x40aE1F6D9F44Ea53f29EbB8C95B21185B3e0F39E,Qme2JAcofKgHyqURVCYRafjMRHnZCD9a9jBZpj1p2ddLER,1
567,0x5D09D37A8757EdE94DF20eA381a4eA31Eaca9B26,0x5EdAB16aE9F6aeCeba0A016000bcaf9f650fF486,QmPhHsEF68657vQU1dy8DvGRBniSgDJUv84exdyDXBodJX,2
568,0x4C1b0A50eA5687E1f32BA05d17030Fa71e162eEd,0xaA49C9fd47259De3a69DD5124c3A04B60F90C128,QmPdDRqz2uyFbUE9AcUpno1Gvmq7KNco6YFhSiqVKxEVdc,1
569,0x189CAAD72753436Ed9dcBacD62e7b8975486c781,0x523bE2D66fF21069840118d18E2a3Aa55A866CF6,QmQzorTaMpdgbxtLGfkLsGRNWsWQR6srQCQnTJn5HMGZDu,2
571,0x861dB9754891E8BCF763d302553accA36bA2052a,0x18a031539A43860f83Cb5fd9ed6c5F4368d0fb5d,QmWV5qUfveNwsR6voTeEpmjADpE7RCg7gxSGrkatCbQqK6,1
572,0x2769f494A63e9A2e1700c93538EC07B67cBeCfB7,0xB2089ae37a98DB2314E5616F1246a69eFd56f711,QmRBNtdsMAFG1XV8am36dHu5YUoFvYcYKfqQqE9AZtDQUk,2
573,0xbe2A24ecb68d8602fdade693EAE03448b9831b4A,0x0cC45d5520fF41BfCA3d4596518c33Ebb6876C7E,Qmd9UuGtmjzm3mks2dmbyB62LN6T3bkhw5XBiKSHKvbHpf,1
574,0x2DD9DbAb25285294dF4BeA0295bBa9279F974Aa5,0x43824C33A585946ea739c38Bc83feE3155deD297,QmQAqQzYc6k7BMf5x5eTSMK4BvzuuQvZV4hLPp7PNkLeBm,2
575,0xa14fa455Fb70188b5a1dFF57a4f762978B6d3d79,0x7D4a090fed6aC99348fA95ABc228CD28F2949feA,QmeCvHRbHeBXyLrTUsfisT3wKbxfov7P7STFJ69FiMWHMb,1
576,0x276C7bE672E217C4136fd4af612341f1a884340c,0x1b378d1c5EB9DB696e10b413F506ABD4AE19c8C3,QmfFDNQj3n5c5pdmC3ageF9VCMwh1QfFiTcCVfyzGUYQx2,1
577,0x1a0223eB8531fe4cEC7c1D53fBeC785FBeB76f1d,0xA56f72354Af02153426a19F9f2b64f0eb336546c,QmeFwjNnEBtEuYa1Js59vyy5RDELST7YHpb2rd7jzi7H9r,2
578,0x2EA3de29428Cc7Eb90eaa7D07dFeD0C9be1Cbeee,0x3eeA986f694a6C5c3E1468f34f1f83E1FD3B868D,QmS2bFe7eTktUaRpHR93W4X14hKT4cGnt9eTQ9yGnb6npt,3
579,0xBe89878E9a952c30bd65Caf62548074059D01352,0x2f38Bb3278cb24085B3af0A7d1f806689c19AC88,QmaG2VnyDcfnjs1BxTuUpFdpMCCg8fBnH7WGBqt6iXuDzL,1
580,0x92Cb40637FE2B55ADF20496Dc8AAdE8c94BE3a11,0xc9FF9Bb3eCD8C9dd09f72096dB38BBEa03D86624,QmXmBxq7L4xMF7K139YQnSAEcthzNZ3U8jBgaDnpiZRRYR,2
581,0xe5bF4B44a7F06b5060407f48C14f739d266E3D52,0x776268F7a98D7c04e67b797135AE129f8Ed866ae,Qma9JbnkFHUajzmhukw5iHt4zBgUyZd4feqadYmh8oHvw9,1
582,0xae8B8b760a4DFC0b3bb80Df9892c7D1a07b666f7,0xE8f3e8C0eDA05700FE425dBE3A3a1A9367cECb86,QmbvxdR4LDADN6VjV6zpTnNG6g78yLLe4aCCkrfTR71Jcx,2
583,0xA2d7149324ba97fC809ED248B62EF6C64fe4c3b7,0x1b0Ad0554A151c350481852e02e9a76A171743B6,QmPj54CmsMGAfG5CXzmkMGgnWJDE9cGidJsXvHQZATx4Aq,2
586,0x5C6Afe8Ea4d82ABf7DD829030239eA5ceD5C9de8,0x2d8fC37354796EF2500fe87b0593060251B8bA86,QmeGin6H1et4R1MXnKn27DuxpYR5vBqMu6hyFzNqNBAKfY,2
587,0x7B4443556eAcA0cf07458Cc2f81Db4b4248D2315,0x3e13dBf9608A43D0aB4fdA8d6c8052A39E9C35e3,QmdZgwiZE25RkYHrQLM3dGRWPvQpWPQPRoPcF8yDEBKwSD,4
589,0xba597f89eC0846936F3fce722B744865fA479Fa7,0xDb2B1Dce4FfF3AD180627020d7ebeAe17977D7C1,QmbAZihdqE9vAEZMXLJvEuUEyNCxQGRQdAsUa3iS9ReG53,1
590,0x3CCFd76d96b83E7daa08e64444b190cc8bD975Dd,0xF5B905852e9C9cD5F6857F6f314871760EcA7bCa,Qmck3Hwb2rj6XdKqP8c95mK3qvYtX6oppaagCTTZ9WyYLi,2
592,0x16Ec30DCa9Ca9C4ba543739aaDbA9b93aaC69ad5,0xb6a70AF84726E7754CA6acBb215500A6e6171697,Qma5394n36Yijh7btVzHExx546uKNRww99ct5NN79itd5S,1
593,0x7a04a6B9fF490CC9E0eC032d7e7c727d848a55A2,0x4cB75146e98562C9d79b31649C6C739e4DCB7CD5,QmPwXsjTRGNHKLRQqtcen3a3vLWPPFXrh7ARktc7iQBtRJ,1
594,0xA2c2F55222b37133611C5d56779C3acAC7cf9E2f,0xAE53dAf17C7525f3B34086Dc0a9443f5d81d1907,QmSiSS8CEYeWMLG8kx8Xy566cQoQLUPBK7F29RMFtZvKD1,2
596,0x782A29F01d7130cA41BE10664D1D4c6dc90B0361,0x59d66B384A75433aDD7FD55B04586254F79Af94A,QmeoAiFECo3Jco418jE9PrpJhTHYoeGma6pLgEkQbsAcFD,3
598,0x587D7DB5851c2Ef9470faeb7039BB556bbf988b7,0x2bb64F1bE16511278ab06Fd6FF4C27388256858e,QmeNCxXZJ743shyHL3zgRTeTvJbg9AQKoAqQnNsC3jVGCR,1
600,0x70FDD4AcD08Eb0448190521E7d299DC3e2249ca4,0x2D674857986b5c052ca1CB07B1D2ebF304e2ac5c,QmeNXB78ZFHhUdnaFG2V5NzEs2VwcvgjxdSgM4S42wfu6W,2
601,0x0d05825735D76f4542AEab0A18b8Da714C9Be8E2,0xEE14F431eA96224239Cb429ecA3982D6492b9EB3,QmT7Tg5oTv163G2SdBGWBufcMZbV5aVZ3erZRzAMmUjqfk,2
602,0x49eAb5eE31d993eD6Dd26b950ec617EA9e0613f5,0xEf034E6523f1Fa5A7cC0feC2569101aeABd249C0,Qme5NgVCYLha8hMhF6iMn3Whhj3BS36ge6ZTF6xUVcbSj7,1
603,0x243efCe8B5CfB5e6799e551b9185329a7Be5E94a,0x0C3A4Fa7075aEF89A5970E9c2607e04e7A074c32,QmPhL7ApzBcNTmweAq1wKHp5wwQAPWcH7KbDJjSy8mNrX1,2
604,0x9147CE3e725d0aaFd78CB618A381bC81bB9d44f3,0x8e0ab3889492C3D94444b55A21f34f66D9779C64,QmbqEcZfMJAeRo9bLMSVZRQstU8AzBC2XaJxH1a4HxaSE1,2
605,0x3bEA35082fA9813670d978e982581C4F99104F8E,0xF29b6BE9bee1De7434Bfc727f8a2a3590995354C,QmZJFC14iUmFqwBjwbJ7RDcNuA6wueFU4FUPKicmCUAexP,2
606,0xEd56581B2a9a7a9179b0DAC82B4149Ad4B629B25,0x4f1aAC726B8322fAb05971F5732f8658ce4B1f75,QmNoN2awT6bVGi63qdx6tFexiDrEYxykx3poAZERgLzkTS,3
607,0x1a6868bbDEFf8eBbc402019717F7552a2eDf483A,0x6AF28afE58c873579e80D2bd0C6E883401edcECf,QmTaDLxToHCdCnJG5szJEf46Ebfz4r5eZjC8p4q5mQskPV,2
608,0x4f27b4106803D3B7230980F27Be6E4FCc37e8E46,0x7b6489cAEF647206F4029102Df919CF17De0283F,0x4f27b4106803D3B7230980F27Be6E4FCc37e8E46,1
609,0x7Bf5C8fe5B421F4A2112282f78b319FA9D7a4f04,0x819949c31DafBe357Aa2fe7392D7f2656d0c5C89,QmU3UUusnXYYTG7aRZpdrzAms2MZPgr16PrtTMb82Sjy84,1
610,0x7E9B893765C43FD9018131DE4C3ca87cde88e828,0xD93eC7e214C50FE64050d0A88002942f0E242659,QmUbgZH9Lh1Npaifc9eES6gc2u9AkBRxSzDrtYfgBNzE3F,2
611,0x6a08fdB0Bfc91accdB188e9D851D544B25d42A24,0xaE597ec5D2367350A04757eed26cf604457685d6,QmUdXFyHemcjTDiJ2wbpXGfrp61kHDsUeJQa6C2tqjJpoW,1
612,0x0E7DDd7C0a3C3DfDE9f15aE1a20ae5f9d3ea567c,0x3f13FCF31D1ed321E91ebdbD74b4E815f7130b73,QmP5pDBdAtR7ysRhf44AJnxS9YZQmusufoA4tJa9gdEYCy,1
613,0xC269ccc2F17664530F1A08418c458756e23ccA80,0xFF1882511a5673194b252c35f2530562f74F47e4,QmP8Si4KVjAdCG1Vnuo2scS3iZtmjjxYuw6LvWLw7YY9kM,1
614,0xdB2e4d1d96165c10E57230c46dE90d282056ebf9,0xEEdA7f71Df5A589a9B8c5794AA3D28D66a4ee672,QmZk3uNdZgiqBRzkpnf8LN1iVzfNjNP95VQnZKb4tjJVSX,1
616,0x77E9A4C907a29E127984491eD3d508209F529B75,0x1995B9085D6356c5B9afb87f01A79F009C3c292B,QmYv3sgmC1jPF2mVxV23kk85HiNAHSd9HDzyDKwBsTBJTc,2
618,0x352b6aA911389B58DAD57faE610653A52dACda85,0x33E60aFF189db40cB187E679C25dFD1BFA58cfeb,QmXnkg1PrQEiKKrtjrTdBHXNxULpXzwFLCtJeyK4nwg7Sx,1
619,0x8901E5f0184a73804a8A10453A8C9f075Cd896a1,0xb94330b6C6Bfda6346018474018934D9C514c862,QmezjKa89NtWhVgkXJE6NetRnwP29AumREW5xkbutL5prY,1
620,0x7Ee57d8691cd003DB41cF104Ee86E4EfC18586E9,0x662D18647c9970510e734611349EBd928bb331c7,QmcwecMjRSvDYdciDAUDjHK9hL8G62FSYa3YTc4NacHJUc,1
621,0x4F9EE3D0EEB3B6255E0F4bD7ec13667A7eB3e1Ec,0xE624BA6d7E7E1cE6D11c8A47A4915c1636ad0e47,QmU9JnUXTX3YL9pu2vCShxsWB76USLacPhSXVsNmh9YeHQ,1
622,0x131f574208D58d84D09660a3c5410e52E0804b25,0xC45Ae31E112605Ecc9d083ed4EB27779A46B1117,QmXz4iG5uh3BJfYyqo6M2FrKw2xcaTd83fVHVvxnVFsosW,1
623,0x8567a09F26DB7c7DC2148BcF163691DBb0D3808b,0x481B2FE0972F8e9ce15E58753d07d77eA6Ad5fB8,QmPdq72QNH3TRw7pWahaBEXFe9jvSEATZaWApXgmgk4Wbf,3
625,0x86299DEbE5D039CCED06F51339c5bD5608A2dE9B,0x5ded205809E6579f44c67314E6F7932a8c32e4ED,Qmb1fgz9ZGYrZ9mqRRNSbwyp3HM5mork2oMnkr6cN8X1Fy,1
626,0xa47Efbd886253Ed1992a0F15c6b4D635ADdE286A,0xAAa082b4f1C46D8A5ac3FAD0516AB5C1A5aE8790,QmTajHebGNZJyioxJw8CBPfRcHx9ohStsGc7eSvmKG7Koh,1
628,0x5e2B964FB2cFddc9D8817e11fa745CA67678C034,0x0E997fB7e026e478EB1EB702Ac68bADDF1A4d0b2,QmZa8xFAb28AE9LYYqXdtDQqzsmktokCCUTasCyRPyEABc,1
629,0xc3ad389BD2A5d381d9E729AEA21f1ec8e6b3764F,0x54f1BFf27dF84504b94e24C24718af535E839300,QmNaYLGDYygbixQHj8Ksxo5XDNygtRe3K799vbnLoSGtc3,1
631,0x6662cd85bff2b19EF8B0B0DcbF6f9b099ECCC097,0xEc8EDfAe340278B79a9a7Ba58C8f97b36f3739Ef,QmbVe79jDVdrkdhg2f5uJNVedgsnip9cbHJow8vbnqZqNj,1
632,0x0442Ee0cb444f8bd2B65E8bf20eBFfd2Dfdc8317,0xB2E2E08Fda9281B41318781e77F6573520ee6948,QmPQeswHVssgqCgCvSbMLwamyhnM5q3BZXr27Zeu7Yoros,2
634,0x18D12CE68FAf2dd88E6B3d7bbC67EfD26D997c98,0xBAe2b0cF575cF2ac9d030f4dB93377Ae8E656057,QmRJJhhoo2K1nqDVyNrfDbTvRy7R3TPEXdLR6tzHEqvsFU,1
635,0x84A3e4aAdcc4D81eE2AF6eBf0fB48D3A71C2Bd46,0xFCb09Bf2635e216b18fDA08dADF1F011aA2a287c,QmV5fBFUbxkV2z5dwC9b77m4aaEY3rmose8pamqjJRuzT7,2
637,0xb3C3741d2a3dd16C458b29EC8fb91F9b343E5f60,0x7B362ab92c2EaFb0B7fa28818f5ee65AF7711720,QmZ7FJzDGmtgdVE1BmK5meFdQWu8e3ZegQeA3HS39V5U4u,2
639,0x7b896aF34f3Ca9aec8DE0cD771b3ed58e87d23Cc,0x7aC159f266bE93E67c24f91cAf18a42bE711ED12,QmNUGuv9SXa84zYQ2fL6pYncUs8Fni3TEHFbaKp7tH6Ghb,2
640,0x6CB4b766F09a564612238B8d23FF599b60Aa17d1,0x4F725e7CD53D76Af3DDE36Bd05DD06292A6F3c56,QmUhuZs6sB83SejRXoXa7Pmt6KXhr9XBSa6XWJpxqTZ4NH,1
642,0x52A0CbFd0f12768f0D904Deb2Dec04049F3Ab165,0x72b72029A38F6A954177313BF5ff01987e5b8Fb5,QmRi9WxschKEjSoCi3vhEHSCxHagdeXM5Z8UqBSGX4RHS9,2
643,0x0F3952e441D28E9bEeA70FD37692071b5AabA0E0,0x51A73bed55259FE871A08390DEAfE68b75373B4f,QmSUnBWreJwGobdNP2X81tZqYvy8Daf7nWJeHfMBxhdZXy,1
644,0xE73535b1535A6af76765A20506E1fe8409e03b61,0x2B01501C2E2e3200E68F1FdC557a10C82Bf05626,QmS9wb1kUtV8K4mveq5EHNwNpkXuMi8ShxQQcBEquZiSTv,2
645,0xAd2fD572b290A85711e9e670510B9fcB870816eF,0x8a806Bc475331F20022D897E4f9DC066Bf0324c8,QmRDGiFEJY2otQeWjwt97P3Z2N8DqmSijzgHNjidd42TJD,2
646,0x3cA43A0165D4486664D465437C1123DaD8837124,0xb26d6e78C2a2d9EcF9cB70a88B2e571278904A08,QmVnzQnT2JiGh5Phoro6SRT9BVdydRM1U8YqPxCVZUt2tW,1
647,0xa74a912Eb04Bd8C50C8d43717941270De25E1721,0x009fA7aef8E5a3230Ac5028cEA68998e2DA57F9C,QmXMgp2HaV9k1cNjPT8bq4cYNBK5sG6sNZAaF9fnJgQYyP,1
648,0x77f6b038B4A7a7a8bfb8557038ba7C4741Ecd697,0xd1412bb5BAD2Ae01eDCf79E737F35c2C96feDe64,QmXhUo1ieuYkBJ1oNpY3okzbkZeTEUg8MvHFobgmuDq6aW,1
649,0x574866Dac7275952b0E30Ef256B4cb49b42A31AD,0x0c361A7aC581E29472689c6354B1c5907d8932dA,QmcnsVjHHpAtGMtSi2hTJpnAgpjR4zq5kEZH5Vz3jYszzE,1
650,0x4c00a5ca1a0730D169ba76387DB8b0a9C9b71756,0x6852708D6b8CB3De8eaa5900DB53538F621A30e8,Qme5CRZExzdTVTgFvDKCWKowmL2GBbcn3J8UWrtB7j8pcm,1
651,0x97A7fcb9983154847D72874Bd5d41ECcd388B6dA,0xFC961534a0A55b925dB2c5ee546c8A019c0D78d5,QmQT45kdHrbYaFmw77YRdph2NoQHJk6p4qeCDgm6hcQ2yS,1
652,0x297F2B46DAE200D96b5De88a1eAb48CaD5f974c6,0xaE1A60a7387E550b1161d94A98E53bCd59FBC982,QmNu86oKLg4BoFm3XygQFnwGaosEpjtJfwNvAs7VTj2E86,1
653,0x3f867F2EF42d8034136aed4F1e582186AeC16695,0x737392baCCc9b73FA382D609AE33688654C83146,QmejXdeP7yTqniFvCopDUdM5TAuDB2MbWze9cnXGv1y5dA,1
654,0x0a2EE2aD49d77c1b00eb7b3AD86396FB3D15043f,0x442602F98719Ee71Bc4bdA3B8A3183682642D56c,QmQmdXgB7avZWN7RoUuGk6uonCVeoXcrZ6UHTCsxioE48u,1
655,0x4B5fe809F22687A0ae2a053F7E4F1D82599e1303,0x528f5A5FDE656f6f83B85413082866D638fe9720,QmWAL8d4qwhmadWtJXVwJQqpP2WJgx2qQRBvKjsRgBG7qK,1
656,0xC1B3D966fb562F0A5De659DE72f0cca8bAdcc6F7,0xdE698282E354705D609c0BC9067174160b3dd5E2,QmPqnzk1X1qntzrZKZCrQXAKCf7JMsVTBhPD9w4nhsk4Do,3
657,0x2E6FA2496322ae2845AEF5AaCb7aC82dAe91772D,0xC2901e8aebB4BDe5b792c5d6c64f461Cc6F50Fb9,QmU2X23pPZTFz27U6JXAuRfHbSUdYFkzeWSqS4tScYro1t,1
658,0x70753F44898d13F2E52dF8504a92e5e828cB17DB,0xEA8F92f4c61b80ddcE90c14A45344C712e56128f,QmVKXyvdX3nJYAQaJ8uez4y7dggGeptLDEzqzAm8xDCYra,1
659,0xF0de4903a3c1ef3fDa47803a92fd4cF4259049AB,0x2e3af34Bf4bfa8Baa82238A45F96eaC267A64175,QmZSd1eRrALCZrr71K8QiKNTsWWKSi2THH1s8VbufyKuZi,1
660,0x084C4154373C2867eE8fB4737e6a8445ECD853fa,0x8c0e9e448C15ae95d05015E796c1a1356E62A522,QmNhN8refvZcakgbGj4f9x28GzZPR4WfJmXBncVKpQr3XD,1
662,0xe966bF08e6332cE93ce7038E3849485e00F2353a,0x5F43f65f6322A018C867e14c2345518D0E0D5CF9,QmdKfHiwHsWvtuzZS6QhiwQ5SgxPfHDHu1D6eMQiLthR6z,1
664,0x01c1596047557fC5011629B8a85d9a92087ff769,0x52255aDf53A3Be2c9576dBA3AfDb46c582Ee52b7,QmdbxRzyHLAzftqA7e74tCUG9BhDnqpSCqRXwSxHWy9tLF,1
666,0x4b1bc62E9016b6D651cc1933080DB471a631a2c4,0xcFc55dA075180410Ae20A754E151065B4287b92D,QmYpnkNLtBj2jvJTfhJYaefUvwK8LC1wMgk8HVcMkfcmBk,2
669,0x53DD68cf07353fe243917972Fd76FcE5D95B2622,0xe033d3777bdfB14a8948FF69352cfdF3F98Ba127,QmTDvqE3XWnFYQqq1BKmJFB9dkYGB6CMfM1MHMTZSQV5Kk,1
670,0x2A6a2309CE4a4079cE60828802Fa2d5B9796DFb5,0x2910cAdafdF122f22692E8a68a6CA8879813c221,QmUKpgPrcJ7YMgsqaVP7RpWBJoKhxXyMFzuqxbezCPkP14,1
671,0xB116f659668AC73ADf759e03055aB48deBAf42B9,0xfF037CB5F1c99c1c653c5786F8bc89aF232c77FB,QmezQzroJ8YqQRmMJ8agk7q2dwLwpPJSWtdsyHJVfi2MHG,2
672,0xC04a03069481e5d5C625B21383B8F7188701d34F,0xCa2964c50BAbCa62AFae92386ABA942C78FE90bc,QmPKdMBMDKMoSU5Mciox5P3P6N5B1PDn6xMisUxekEx5VN,1
673,0x557D797724172A87CbFA686333324592a1575766,0xD58d70560ab1ef6F25046bF59831EFA5Ba43B3A2,QmcTFEy67CKEPsAqZ5x1jd8YuDkZBxPT64abLy2FFvZyKd,1
674,0x49988Cb9E8f5558257581758e79736068152b058,0x3fb7A7aAf5bcA21E51c5E0895703243d8ED63104,Qma8cA7fAwcF3GFVz7fVEs3kE8mNnw2zjd9mAYAk4zPF6H,1
675,0x0692f395c0Fec251032feb6b470E8e11EC9352c4,0x2b9f8654B2b4c56cf8b07249E89fA7C38A76036C,QmYJRiX5VSq8YzBo9HPzT42Kcee1a9nP72rUbt6UxDG519,1
676,0xC44aE20E191A165dF54D802947712b804a2bC954,0xf1Ae6201F681D8539AE07B74210b81187374b0bE,QmRDBQExK51ygs4HsJuhAuHbmptAN95RC37NzCvS4TW7Qj,2
678,0x383B9631b68c1D3168032B82090B0CF84164f061,0x78643CcE0863a587e91941779C42d200caD4A587,QmQAS5ixcrw248s9UUUmLdAVrhq7QKTgTiNPuPaV2GRQt5,1
683,0xe4A2BeccAFf56E0137eB3394C561376363665944,0x7e40dC3babAd6Dbb81B92D3107F37E21877759F5,QmahtCpQcC6mWMEY5h1gxg9UpPBMLQKU8TfnK4Gtez8nfV,1
684,0x09C679e60b6a440c1f4ACFd4042EE199988eCB92,0x52Cb83C0D2CEd087FaE2287aD1F0d47A04f945Ca,QmZZ2Kch15CiNSywL5HiMQFxYAqyZzoJKksob3F5QrPKgm,1
685,0x2D7e39931e4E994BAA62C20459418Ff1AB3F2e52,0x106BF19D7f44dFd1e4D41b0890E568Ad7Fb5e511,QmSQcCVkV4bmsojGuSPVh7QdjM72s2aPrbyjnWsWo2JrZa,2
687,0x91cda0cbC5875E61aF466caA89BC2F3168DCc4cc,0x57A2a5e6288F074ef12bfbC4E0c9E9133587C5a2,Qme3S2zHQatvVhM9sn2MKiKdwp8CoUQXhgyo4Bv8jnrki2,1
689,0xc6bA6E98F493189089791Ad488aF1FB70D0e102d,0x5951BBBcd6fFE9F599A83929f37d80A03B4d6260,QmPQJM65sbjDKxWxTTM9yfAixNkWcjx9wN9eaP1CwqNfMP,1
690,0x4eC08510acD6250889CAEFC8B39e132DEB25941b,0xb5f292147793fcB045bD977C97c941cB3fbe28ba,QmPwY4i8yoRcuMFrkHGVJ6st3w9iGsBSnUB1rAf4zAieCu,2
691,0xD0d79e0b6C93932Bf617da6C2aCF8E6F8C578D55,0x3092aDF3DA46Df094013282f73fBf638fC83b071,QmQvYeYQgDnJvCrZQvN1T4y2iEZcGukHDkgjacXGDuFAAh,1
692,0x0d4e7C55C34420b39f6baEB6024F03747E999EcE,0x20D35Fa020aB42D3a28dCe864Fab609e59A45823,QmWnnRTtDbo7nMV3XrpYzKQzk6QidykYHuxvqwtbJXQbbC,1
693,0x87C74d4943EA91d58b63f40f6bE61d13347a8207,0xbb1110454ACd8d188bAE6b2d05fB468Dad2953F6,QmTkfNduF7xkRSHGtQD4kCALrgyMerC2DTJzYXVHoDwWL5,1
694,0xD2c99b5cb892A6792E901775a719DF26519e2f51,0x486d1eC9c9C8C5648d7402F20ab43535F76E4a5c,Qmcwe3MtE2Zva4dHtSGM9vDF8oWMaYZe5sAhQb87j3EMgq,1
695,0x80a9286d776125a38E0837502930932353f4a322,0xF779FAA6808172B5CCd0C417eD68467f991f6D31,QmbrEDH8nyCHDyWeiaS5g6uFvqBXM2va6rCmGgvCkKt51n,1
696,0x22141653e44B78DC23764A4be2792776c4ff1BE4,0xd3AEcF9e0856822bd320873E905Ae9F78a2977e7,QmPZMuxGAEexCxQuE3UFAFoXrqbq3j2EmcVyiVv7NsL7aU,1
697,0xE29cea38D0199F719F57068CDB288c535C43242a,0x99AFc0F1D580f5BaCCfE9d4F864a1f34aAf192Ed,QmU4LnT6Akvvr5ob7LFw5usqSFrYdWp2gewQeL1W3FYbRq,2
698,0x56D0e2e9644f63d38fa50149d2Ca9D805a867E2c,0x53E695f742B4445314D68A3bf54803DB7E7e3e01,QmQC3vAcGjo4aDutnCWYfFiBsaiddGLjyJ9po2oGPBhGYZ,1
699,0xEAbf47C679470555Cc15b046522B11FB2b0305E0,0x65a7C3Cb6d1C3cEf361063C57936d9d4c9D7bCAB,QmdM9upJNuJMooRALLsGr24MHjBEX7SCr7L2wjUxHVNqLK,2
700,0x7817c4a468Ec5c5B123dc5Ef77be4c55687d1acF,0xc4Fd382aAd2187497004ae6E0abE6d84f2834544,QmfNgvEe1pbcNm8SCusqsY2TNavyDMxu5X4bqEXQ9j5MjX,1
702,0xe1811D586A5B0AA5A600DF65bBf3526a9046c353,0xF1F957595dc117128BF7d3AC5f71042a889b826a,QmYXJPyVqysZHkZ1XQEJwszmGD8SSTZgZyV6nXRovT4ies,1
704,0xdacf97e43f5120A19A4C2A93dD0Ce8B3848f5f54,0x767fEDb67baE8805d67B5786555693bb88Cb1bB5,QmQGv9ZqYxHdpPyoBABaX6tW2L2d18R1ENFst8kvkmgoG3,2
705,0xdE000fb573ff036C762f9AfF31193b0513Eb1294,0x3c734bc75F663304d71Da217c216fd9D67912E16,QmWH45p2GBW354zjFxdbBK6Y7fEMpZsKmpaDWiwkPzaKxe,1
706,0xc9f5fd07ABe7b8eA84BA6f4A8Eb867Ee1BC3476f,0x10444014BA4831fa355bC57B2d30A383BAA11285,QmU7ryWwaFhbP9BbAvgVPtbfJ1pFXDNUNd5Rg5xXpCqBmf,2
707,0x6e794886D86B302B7a9A81033A7f3F4C4637041D,0xF7D08e03D668092100107B5580AD907C81f19d9e,QmVWdk7iwTrb6aUeWp8H4SsTTwNWHpdpUSvfvafpSj4kMC,1
708,0x6cBf855403896EB231a6075eAc8BD9d08534D537,0x42280E048125eEDd8aDC22384017Dfb88Df896bf,QmSsbHiLsYM2iFt6dPrxoCwAzfb4TWPFPVrHQB4xbhK9o8,1
709,0x7b55Fb8b2b375B8C543761d1b1C550c58b9a5A17,0x09bAc567D73E8BC701a900D14C90c06644eA0156,QmYnCtbXXJEMUQ2KjrMFhMBdzuecd2q7ZYeETESQ4eg7Lu,2
710,0x202Bd243e5328C08e1B499321142308aeA0C58bD,0x56f2C4CB8518d0a4Ec749593dF574f7597A36140,QmRmLvibMAQvPXguamgD1S7SBPJewj1jKRo1TjTMGZ5Hup,2
712,0x5EF9219245463619C9Afe1A847044579fc81fe1A,0x81c516261AB29Dd24D9aCC0A1D8CCb822Ad7c982,Qmei1zSpozwboPvx5u9asJJZ8kLBPGtyjRjdMd8SuaBfSU,1
713,0xeF179B7db7925CC6c9674d6B07d518A184f2DdB0,0x1FD38aDb7d1A21806D0907C1436A4E84229b9419,"""QmRG4cbLJMsC7fUthfj82kZvUy9tuvotcL7FZfFyFDxVBp",1
715,0x21e45dd709F07b6B30f7Fc321676A99725c4bA5a,0xf43a1739838c99CB3FC801536d3D3B62BCA0DA0D,QmTbqwQ3v2X9xTd6JMdgugrNPeKzeZyQiizTYvQJosde8r,2
716,0xf91d6A5462a868A6CB411cf2B47e7f0c5f691208,0xff1453D6877c3dCB6Febd30A7BC706fb23a7dC19,QmeKcB3YopZxSQKD7kep7SNBzPckmc8Wq9QNMpME8F9b5G,1
717,0x6A389Ec362Ec5736A923A53C7e413DCdEaB560a6,0xA62064b45e4701b191bF2f9afa6d9EA77B5E8204,QmTPV2Ns3jz7AmvewmJBzLDkqAdEPBMPxdyDSwyuZEdy5X,2
718,0x615fE607023d61f1B897b631F20783078Fe4c08B,0x25aeA2a746b2d9b4f3F11a2CF98B83410adfFD67,Qme7cZWxx32EejgwCAS85HwBandpWA46MykQxZgBpZaBm4,4
719,0x2216C6e4BA46f2Dd03F1cfFC2D9Aa64fDE03F190,0xd57b37b1B4E94d7f37349cE8336e89F40691cd43,QmeqhMrCSp4zrbbo3xgAJSiP8T6dcUcQYNHGuKXRNz3SV1,1
720,0xB1703541C91a09f2e768c95581c2be2D9134f99C,0x7562901cB12E98C7D0a50F3ce756134329fd90FA,QmNandMPEzVoNtwZUWNKZHMH1vs5SVKXbttXFuHXtMAkmX,1
721,0xf6039b6aaCf360D3eeEe1F6381971E70ed333B66,0xdA6235274E7ba8cbDB3367C1A0A5d9a303997789,QmW6sausmues2ndxmp2CMBoFXsdw6WogC4MnKxGfkrtSfX,1
723,0x8cc19d9a70bEcB80AAa9f9fEA1b061D687a2A608,0xeF16dC031a8dBb6c851C0F0b064A4cF122e8285D,QmVwSGiTt19wJyGejpZMqkXNNjwXHrpVV1ZFqRpJGzdpuD,1
724,0x49d573A684Ff5F12d443eB8159ff4c679067db39,0xaae31EFb56aF2d4DA4f8B98aEE5F269e03D1fce8,QmUcqDHRMUmZjjX5nXAyaYiZwC1cb8kZraAYLzKWTbKaLB,2
725,0x92ED1C0A835DDfC5654dC0e23868343ee038cfc2,0xa85Bd394C93A689b37c76aBb444D65039bda3bF8,QmaadinAVSPH4WawA1sWjbeH1UUroUdRspLjksknUXSxsh,2
726,0x334E5C9F766f3075b98bDad8E2253870dD2b128B,0xA9eb95cf5d2f1c5Bf0c68bd5cBe863B1fa3ca6cF,QmPLqpqYEkLEzvRQ5EbFY69Rg5azUiSFmaNAwM97yeqMWz,3
727,0xF2407Da9B9841d15Acef14BF25b0b776eb8d41D8,0xF4605A6A0fC095099B9AAf7ffA37C0F5e5c41434,Qmf311j9AfMRmD56wphu7XVq4ZGaQSifncLikaVygW6ZeY,1
729,0x49c9863bCfB1F0DDD21aFdc7EB9F70D52BdE6332,0xA20828d3B102ACa429961cf37136919e3eFF457d,QmcWpjggpbSVJxSDWaNjzaVg5Ybgxf69GhxWwPPYGF9bTL,2
731,0xA68de03B73bC50E0B57b8C895448807159F989AA,0x330C17CCD25839DC9Aff158A30Ce42959D249EA6,QmPEoGAbu56C3QHANQmx4qYePU8XoPSCYq8d7RyEsjz2BU,3
732,0xd916CdfB411Fd4256805439a07aADAfFab911575,0x1F507bE0F25fdED2b4ACf27C5b3467E61477C39b,QmVFzWH11JTzX6fxRP1xCidrqyQRjKX498CEnVkKqJBMTS,2
734,0x434839F4E9764eDdafA54ad9583E6c22BC41E618,0x93C1FDF5b0d5bE85099A80beabADE1328783F2C0,QmNui2uYhfieVVtrJADJRKrd1w68peeWHw1XRQ5sJUG7ac,2
736,0x4459Aad0205fD51817491A23810CAD51cd7235E5,0xc9F0Dbe892CA0b11A06E16115A466fbCa6B1B76b,QmP6oD5ZcSRsTobY68vgCs7mPoyfkWsWoRLJ35P5k2tkRa,1
737,0x03a0E93D517F8985a11256b03C5bcad9016f0Bf4,0x4513D1a68b966a6479BC0dE4CE9c263cF41Eb2a4,QmRok4M8BpQbtLEYfqZ8LZQMv65vJdB9a968RfDNJz7uDq,1
739,0x3d512801326c3894f0a859D6f8CefdF0786ea9fE,0xc2FA9583C46F1BF7d09e1c479E2Ce1C3861732d7,QmfEEh6v5JKm45gGNfwNkVc2fjssZBHTKjTUegZavPvwnd,1
740,0x8B08B3fF9dDFe5e33f5F1d9325EbE2F7b57CF499,0xbF519e32aC9A9C06881e26E98b8099e978CF0A8E,Qmb6XNwG272fRsRUx38VAKRikCQKYQAjWy9BiNP4AcMd4Y,1
741,0x419ba720C9305C1B6d950362ee410fDB39f6B251,0x78DC87DD50D82AD55C39EbaBaDaCB10696BeF96b,QmZ6YXmnxt5y16eVLV9fTB64dQp7SSjZfUWbjTJAWmjyga,1
742,0xf8A269c07Acde1509622955D0a599e405A24Ff54,0x9F8dF9a4F490Aa987fDA9D7C549C97E9D6095Ab4,QmaTKN4w9CgrMJhAFrXuwssdTkE15PV2u44H2p8YmbnsZF,2
744,0x7cc534c1498ABecDC2a394992d0bF13C3B80e307,0xd20E2Fc8888070E2d6801ecCFc8aF82c7873c75B,QmXESUCKv9BNiPsmiKegqp2JpsFFfHsC9bB9dMdhCseoLJ,1
745,0xEAa9d4FD3537e86100BC9e44Ed63915866b5f56e,0x89231f349F6C4910174Baf1FD8155485EB817365,Qmb8A4Hu6RkvVhXb5gabnRTLT9Fdaa3tZ4zUxn8HwcVW6x,1
746,0xfBb18AE471C7d0B96f9043C4D4C4DaaC6f729361,0x2Cd91356c9b976357fF8EF128e5c236E1d748186,QmWGZE5bmEV7LcJGGuSRuc1Pr5K3F9SWQGUeroV2AhLEaq,1
747,0x75Cb9E3626339f9DF38dc3823b9ABECad64dcB16,0xAE28a7a47c5398d15F8684526d68579a837B4E84,QmanJRjrAfLvYuEP4dNX1goyYtZWHBukskrK7gFNqNXCJS,1
748,0xDDB581D8C083FC5426A823Df9A0BEad7E6f0D649,0x8a183976686C15797B86Aee156e6b6c451DA3ACe,QmPjhvqVMLN2uvQWf1yUBKeBe1jnSwqkaUFWnQozMS8CyW,2
749,0xF96E5772998d368E712288e22A63cA36A21c6e4D,0x7320b08b56953B9795fA7D50aECAB533e7EC33cd,QmT72kMW6nkMXuK1RvjTTjUk1GDP8mMJL8vVE4izV1wh28,2
750,0x176493210A9A9FDc9243B5a97204546738ef5591,0x2B8CE4810aa71be025a9cFAd97dCbF02322f1bf2,Qmcji1UNoVF4kE7jfucuoiYakuvjjUnf3hhkoXLSHQXCkV,1
751,0xD5BC53F560204b537047A3dF1c5Dbef4B4B35E49,0x4e6903a8636A902a31E97121664d4ba55D66490e,QmU9puVbnE23d65EoTXYstT8H5KcubACcRw9iHCgSRH9cc,2
752,0x13a2F7fe49E6f2AB8375dDb1ff33C31eb2355f54,0x05747f0b9472F2F347a5e8E60C174D31bc233680,QmPWZA8zwKd66tFBv1AkoA7NPdVhbNb4tnZqxWrU5mrVNr,1
753,0x20F88a07e0468FF6dB21f613312ec80406705E04,0x941Cc12d91A5246895c13d9D9d621096E80276a5,QmdcnTZdEY7XxPAs4AkRrr2guQ4jWdE495dVK1cFA2yaC9,2
754,0xD6118947eCeC44531B643C3808081AfaB9FAe680,0x98A529e3488c2d44566881FEAB335B17B1c3b430,QmZymoSFFgigwEDsG8NtMFTgSka26M2n6rdaqtbNUVSH1p,3
755,0x82EB163504ABa841e57114dFBFe7CFBf8cE42263,0x84d0F74d21a89F86b67e9a38d8559d0b4e10F12d,QmbnrJCgr2rgJNrsgqrdagx2bGRHbBKNCY7cTKKmtLYzVN,2
756,0xacc12E75A439D34fBe4471710CD3Fb103Da1E65f,0xA28514338CEC5488E388c36cd1EA254f6AD45a35,Qma6gNGWZ2e2RziR5R53KcGL7Ukh55gA9ShwzZX14VxNCa,1
757,0xA6abe94e598451081AFF5FB99A06EabB91aD9F33,0xa745FB542476c053fb12b92A432494bbae685Ec0,QmPaekG8MsbosdNSFgdHwfeeASWzQdFxT3XaQEJ54RrLeS,1
758,0x76C7Da3860f1B0F78959512b4AfCe313Cd3b4992,0x9CBEb2040Dc433A34D00b288d54a3693ab8F0c25,Qmc7Au8crTHX1TqDbRSimfGuEU8ThCN9kJRzXuiAiPdxB5,2
759,0xf317f46Be7F206497C18de38E2483b7027EEbAe0,0x5F9C7447129fA10Af4cB51e24Be323AbFf1759e5,Qmc8jGGiDvHEPz4vNSYSCmqzg3Kt5Q8MKUdTmJCSJAkdw1,1
760,0xA84e0D1d8ed75385238fdD78E3dAeE69c5bE0AaC,0xA7Eef766B1f3F3d31A0c7C6Ebd0B3f31e9a87634,QmTSMzE8QdfHsXQbv5pojHNzpthCUE7d9o3GYaKVGz4wvX,2
761,0x17E1348C946035FD3B5208C100a0F0C3223fa665,0xea88E793a854D58da3Aa96E1a35062B97cE93925,QmfC25crDF4yxX2xzwFgW8pVMc8McWwsp3Q1fbPRTRY9Kp,2
762,0xC279B924Dbf1e041d4C833B5841452750A2AD4e7,0x54841dAf4B65308f9931e68e537BE53DE36ddA59,QmSdyMkQ17wuzjXSQtXVmN2PRL9rYE4SRNyatDNQRoW5yP,1
763,0x353D0Ea565a84501E7364a35623b65238A67A374,0xF7d136C88B93eff4b88768932c7888C97DA88dfB,QmaKfUDz1BAZCFqu2weLqnMy2tYm5zWvLHjzW2PvKqUtrB,2
764,0x118F58F227503fB9DC9E7B09266a54a2F32B799F,0xECb8e55cD5d1a011D443abB223Ea46F64cb3abDC,QmeAcQW6oYVVMXK6jzBVTYLzosD89RWX3eZ8UgwbYHxwDr,1
765,0xC2eFEc582eA29e370bF7BA7396e1cf7Be7d4eF39,0xba71Eb0726f943f1c877f6D6C3B920921eA87d2b,QmdrVyzCKhAPrqATG1JqGrFZsxTPFxkDqSf1cxBxkxk8u3,1
766,0x837ded57940899Bd2C995E4fa4D479D4B080Fba6,0x5dDc115223B000e1C3830Fd6481178F185a69E03,QmSn4GBhwMjzPyDjA9cgKT47xk2RMXGTgTq64r3nXR8PPV,2
767,0x8fa1AcFE8F72a4D834eE17460Ab94Cc7EE5fB91a,0xdB0eB9D762B9a81A3b4e0cF124BE93557FBf19E0,QmbtaPTUzX2opaphhEHy6aukb7UcgAdxfxAoBckfqa6SUN,1
768,0xA5399eD52C0eF0B9ad04006611cc3c694CfdC90E,0x7c9002921381CEA5E36996683fc4E8d4468f3491,QmaxRy9YnQfWktC2JLJaLGJxAdkxZdJ3ohnGmjxARrJRhp,1
769,0xf0282E97dca5333C6973e9d4F07f32DF50F6e02A,0x2b4E19f8D24b33937dDF3210A81D6AeA54402e2d,QmYWCrbjjoycpzh4grksEPMgnA4wvJiyCSb5q2vv6mMyxz,3
772,0x9c938Ac4F7D66D9A078E7294CbD11BBf659faC6b,0x401616a019029f01976741b853Ba66DD47d8736A,QmbP4io1u4Jwi7Cu94GFN6UNHo9B7u7tqYCwp4E4QiL7ye,1
773,0x05ec575fbee2F026e8Cfe35a071f8bC568C86d86,0xdFEdC27aEc3122628787e65972D04D4C151273f9,QmSNs2e5TdjiyWjwVKbhUM488PAKk7hgx3LfjECb5tk7XE,2
774,0x2438b9B0656A3dAA7bEC9B6B9D1EbB7B6337be5E,0xea9abA09189cBCb9545824ac6650f8F075b693f6,QmcUunm7W4Ekzr8uhCdGT8hy5ws93TAmegRcYjTvK6JG9m,1
776,0x0EA772aCf098e8e18F7B3EBE84A0eE8BB5390699,0xBEbe4edAd8FD9E7c3d7c14cEd49f5383E1975943,Qmd85XWvZRkHvpgW5DMic2Fjo3daZvE1pLtek6PjW7fDSo,2
777,0x15f5168FF6b71dEFF288b93e96921715492d2aED,0x02d6379C1106Cd0dF0D577235fb07a60b8B67dbc,QmQEtBvvaxSvqCEsD5NTQBghxqTB8aUZy92HSzx5xU1aK2,2
778,0xf0952Db3fd879315649094C17e0e703375ec7eCC,0x143284b7b0ab086518ddA5B24cA48D477Df5c0B9,Qmdj8WgNBgNmcKtJ2BBkvGrWcoeZsBSbZyuNmcYAfmyNhh,1
780,0xadf8Bc8d562e8f408797fb82C15975373d446D80,0xf0A067EAAE33F91F4ebb25e123334a1Ca8970f3F,Qmbb54r2S9EC3hNrpnmav8FBUCXyYsRJ2jM3gosRaKucxC,2
781,0x49932d744ad0F5131943BB46Ed9244099fC9127E,0xE03A9056B6e8f0A61A7010e87abdB85bA0EedC42,QmfVEMe42kBpnfKnwiw1eSTyyi12KHqiTxqLkYCJNou8hP,1
782,0x1D3EA9F2e9Eabc63743575f10a790dc7c242b08D,0x3A66C18ff5EEcACb31feab6b75428AD27e49De6e,Qma6QUfZpBK52brFjCu2YVq8zYe3uHfyJP4QqjDmtJqP8C,1
783,0x2963CC4a4a374e477858EF62c6c3D22364554379,0x480a76b367Fc60bcdA046768BeA629438CF33A9C,QmTnGJAaxaNFh9SfBWfTPjVJKZhjLp1KcaJcJ1bpq3grjg,1
784,0x94680F386c94bc7Bbe6ed6e31aAce3115E9317C2,0x93B7DE84Ba91AF7edB77B80Fa352b34F976b5342,QmT2QWE2wYGa7MV6pPMsvPBLuQYesNHH7vg6ourNYH8wcB,1
785,0xA50cd02bb599ebA9DE84ea18fD8da0dC4F856cc4,0xC39BE3e63cBBAAb9d2EBcF7bE8aCbD1E40bc29a5,QmdTY2eQDA77JKZ4YhuJGgt4D1gqRmNDFJYBWFGWW9eGfF,1
786,0xf720cBA44a9aB7C0Bf648883bDceFcD667B418d0,0x8F03c99473224382bF6762BF971863E2d41b8D0e,QmUr98Aj247nc2f1oe2pycMF5htbWdHAVQbUUB62zyR88T,1
787,0x640d3426a0A8097Ec097085935ceda96BAe6e556,0x45a3262d276f55950c3A5C48B61738598c920A03,QmeHCN5pfzdXkuiNJ3W7UfR7okcfpiCNDqdYeqEvVSRsw6,1
788,0xf84ef61B544A880F3A2aCB2Fe812B32ad79bffEa,0xA294aE96D616D7921B0e7c9cf5DEDA7bd051234c,QmavfoT3yhquTCNNRnGqLBrg4txEPUjsar6izB6jZTqBWv,1
789,0x2ED5355ebC0759D9C5D7D90C5c37C1392824B69c,0x4D4025858175850aa10FC228d06c4C3ac765D25F,QmWfRBAf8bqNRpo8fx4JbqeehJ92u55vg6h5r5FatVyTHK,1
790,0xB14341c97bC9E516D3b29AD6da18A0A8267eaE12,0xd690B7E99aC77658784Fe48B755A73a863625cAF,QmVi9skdVa3Y2oTaGhLy6KtY3AkTbNBXDtTSde4o76EiLu,2
791,0xe475Dd0Cae51666F370daE5a66D14B68bc25bE7a,0x037215C683Cdf72b93F327c60245B0cabcf59Acf,QmTg5jyCUw66nRte51RfH8eJSSWfPTjqPF6xxQ36Xf9KbQ,1
792,0xe1b7cB68D7696fe7E2d37dEF0a898cfa951aa264,0x62f84f58091C6a0484807A1B7450dA324d583E09,QmPACTVUCrEiJKBJQ8Wa7Q3Eae7dW4fDZpJ3Q5HcYECjQT,1
793,0xCf3eE8bCFFcB3FAeCBb3f355Ebb970C96c6DE21b,0x18BcfECA6349D8Df5B560a756a2997eb66AA4Dd6,QmQauWehHQgPN8D9eP1XpMikMxp99cJRhiAeFDxMVEwXAi,1
794,0x6EA97A89eD9C822ee09c96Ff41C286d08C930910,0x8851623D6712b2dAecd8a48D84f1b5C2ec9dBbb7,QmVRqhg1Js5VYDBSC77Xq18jo17FLE2bBDQMQh8824nXmJ,1
795,0x9638d0A44c0a554E0C33b2c88fe203ac760400D1,0x1A34141D0850ccf313d4efb0B7586C1770E38c93,QmUkkoxBDQiE7PBDBG2BJwTTNn9shagzfLqkn8LYxgCjSS,2
798,0x8fd1FfEdA1161BaC9F70905AFac69F4e0dC80063,0xaeB088876149865e660Dbdb7440F6263A4AcfB92,QmXTda1ELhj743tNk9HTWu3WEhfRGeFGDhq6zxZhCPdKwL,1
799,0x4c33260c691E6238578685A8Ae89B8ad3a20e36C,0x6D07fA7b60CCe5B70Cd01842310462783B00b770,QmVpnud8RPmYLu7QxYBJsceXVGvZ5MaMuVXuNkcYVTvP12,1
800,0x3845f6BED455AcfF36faa135EdD0758e652EFBF3,0xe76183D03Fcad988F74a2645c122B06b467f6649,QmTcBfc61X43t4VUNLpkeEXQ5rMuQ5DoEmFGLyGCUJCvU9,1
801,0x7073aC400afD78F241474165B3b32D17DD476297,0x8be9E4cDA9Ad24A6370b3f12b2959325246fc82a,QmX61JLYGdBteiVmEXc1atSHzxRKwj13BkQZLXy8Wgdi6d,2
802,0x9a91f82f4123E46b831Be5D7D08Baa6B8f825c23,0xc6D17a64193AC172B8Cd0D6Dd0e66331669Af894,QmdqFoY8t61Lg4jLAafZMGjA418x5dPmAJc3Vb4R47Sc3Y,2
803,0xEDB7C9C3a671491dAf943893Ed05bC520478378B,0xC9c06E8218eFab67730DC4c3A1876563A36991c2,QmZdn28Kf54SRaVLuAq18geaQAtpbRf5H5McKe8J61fSFP,2
804,0xDAb6F7BCB8525D077023F1803A622506DbBFd33e,0xbA1384D2b8985180dcA2B40bB1C547Fe7Eb65BFF,QmW19bQFDQrtrmA7ea1NuWzBuSJGrejStKhPKdQ63TWXPw,1
805,0x5D10045256408Cc0672D9F7A70a3584881C98623,0x9B872C93FA98B0cdEB43C594256c4565a425D8E7,QmbG3uJFXmWsz7 zq6fFLScnJjhZARhSWL8BX5yU8iCzL9s,1
806,0xF3Ea5Cc685A47dF7A4C775a6721B1394Ff9E199c,0x131759470cA68A3d88bD14b5A68f35178349048F,QmbkmzrNMiYMaaz6iFMojB1xxiaBnAUfUZ8wjGH4NERwTr,3
807,0x3e7D1e773Befd77Bb4D8C7B02CDA820D9A3A9B2b,0xA1b0B899F843eC4caEe771eD7c15FAc333f28D7C,QmeW4FddiHzbSmcXHyY1qSkLrfpQWowXdbrsNvEcRxYog7,1
809,0xc62A62C140E93Fa0372938Cdb5cd0F82447e39Dc,0x7911Fa8d5bfCe62ef68B714D5b51A65A5732B101,QmeoyVMBm8JUbT4uF7QipbPuKiXf2shVQAPHUEVX1hbmd3,2
810,0xeB9f54dFDF1742D77E191E5b96FA9685E0a64040,0xA17D339A13F0D7F5E4960c0726B3Cb56f26C2790,QmNfj4uz72M9EZSmnBAe5CBJKZLKLpaPkamPeC8DsXATm2,1
811,0xf07C11d3CfeCDd29920523DC22AfD01E2121Ca96,0x386D1AB0D50764e135b10247574264Bec20F3E03,QmYBwTPnU7VW8EZuxTxRmAwLQyLJNpKzoE8GUW8ZqzCQyT,1
812,0x8df7aE56b166a3b3448a86F8a38a34432D3209C9,0x7A4De1c1AEFCdf9b58eDF91cA490b383929344Fa,QmcBW22VGGqHgju1mqJTy45NSjgzcHD5HuTfXiY6mEj6Px,1
813,0x67e9d1d7Fa9b2680bC483DD08C1720226ED81d0a,0x4E888B09e0Db94d2308b06A1f9486E2EC9BcbB41,QmSzmijqkw6bkQKXKKDUH4dYLX3EDd5LZvaS3L4Cs39NmX,1
815,0xA7471e8bE752AB995E6A45ab9a149A5bC03414c2,0x95f611845223099aec4DE4A89532aF2ff28E899D,QmfJjyeQ8FdtWM97psKAioe7Usbqn14jxbW9VJpa1dyTG7,1
816,0x55Bb7CF0e6Df4AC8AbD37F99272Ca00cFeE04bb1,0x35F6c833c3E51328dF66b23e8911b8750dC1c8ec,QmUPtRCTaF3jSY2cgahiRRGtXZygEXFkMgzeiwJ8QGemq7,1
817,0x55dC0E4aeE2913a1eb219bA653EA469aaAE7bD30,0x0FCfe3C0d30b88B9b06F85DB087439c524369E51,QmenrwumasxaTeDQQQa6jaCWHGodbesZv489KnSR9H2GEH,3
818,0x4FeEb3c386b3193E5422Ba38CbDd02C7FA94F3DB,0xFdeD2DF82E49661F57E788F0689Fcc0Bd31C3464,QmUxwngdQfjuhxAuKasKYyD2ZAjKJXJc58dS8vZg7ctQtG,1
819,0xCe1915FCd00dd162a3A958875313c6497d304D66,0xeb7846Ad58FBDaC651830d5370a94488c06F282d,QmZ3BSjeUmFQkbzRfV8hiu9uGLn1uY7gexbwbYBBLE1Brn,1
820,0x6aA5eC7C0B506ef23180B952d3A0C1450538b2fB,0x9d0442c647d42C09F18A46AC0f4337889A16F749,QmfT1DiuevWoarZsrYPgsHFvhU8eyf3H9JjUnutcAzEf1n,1
821,0x0A270A3F0065CE3E33B9E8ae7069Db1151467880,0x04aCcB2c2835F0feDB1cd67A644D3ebBA49c7399,QmaJ7E9KRBdM2BuVZHPyRwnUKRdhqZp3qm13PMo9v137eT,2
822,0x58898fe3850C895859935b14dA952cbA586f05ef,0x4Ba1BaA896b240486FA8986E036C67Da8058670a,QmawzR872EX7PatFoAgi2RXC9GLu7JqHKc12pGSdXnUWxc,1
823,0x0c61a9d0F4D2dC6360240c529315510AEc272e4B,0x0e48e4411bA537A3FdA2D3c439d14Cb121A2C80d,QmZAndHtPvTCmihV4pZS783oT8xoyFze5zaBecuVGvZJbV,2
824,0x5A40C37224746333691F9cCd7f8D48bD7EbEd000,0x85312D6a50928F3ffC7a192444601E6E04A428a2,QmU1CAmmK3kFKe62cDGhbgfBLJWSB1EAEQ56rqWEE5ehHw,3
825,0xA7D75F740793512CcB49D37A5f2C09270BE15FE8,0x40266767654758FD94C71c5cc799b100a2247066,QmPD8aiDL7uF558SzGSumXyVQLPdYxWFMdRAHLzfkFQJ63,1
826,0x627C6fD36F3fC70B059c03ddC04bc20A1Dcab98B,0x11090DA47E872dd65F6d50fFe17e8b54Ab4cE92C,QmUzHRfiKH9jFXShouBB3d1J6emzo5T1Q4RPTXdCxL3kfs,1
827,0x5c9Da054A63A4B08f47b3E97c2C6FaB322Ce1493,0x104040c2A567E425a81A883832cB3D05383a6c3c,QmeByiRoXCQ71vozGN436kjBwCruj4tVi3gWMgtbER9o4n,1
828,0x1361e35D241996995F7B5CD7A1044669ab697cBa,0x7883f39C6c0f7A349C7e54f1a20c015dCeCe2056,QmQxfgmSnYHmm4mUsUcPa3pDGGym7vL7qVtpjgk44wYWtW,2
829,0xD7c8209d9731780e66c60AF20D54C7f08e432Cd1,0x43F4158b448ddB9FA74424BD8f026dE92Dae9F9c,QmTZzy9sZWBPMceTf9AWSNmYiT4tiMx7ifj7KVrxCso9fj,1
830,0xF3aC9e52936889B5E0a357650EB2E55FedAEf8e8,0xFd2A87116f29b3BD71ad85450881ff4351271284,Qmc2pVodwEpf19A8H6npAkuE7XSa3fMDJ49S3nofAba8YP,2
831,0x145928C092c34E56bd9cD9746eF1Ba5F30986D1b,0xAadf6679401647581Ce52cfDF1277567B868b522,QmYCuSjtm7v6XefgdK9qREeDKyvc5txS1wcQWghCsEuDgM,1
833,0xbcB946BF7ce317a8F66fE0982B039d1481f700f3,0xaF7a56cfbDeb059aA23327fCCF90d74A239Bd9d2,QmPuqn5aLLDMFNVdh8voZzn5cLUzNJPcYjcn3nVpihARLP,1
834,0x3986B9F2A676F4a2b3BF068c9FeEd5d3FBc80989,0xC16958cC973b527D50B784c8AcA29C0f20c78377,QmTLQtE2zMfi5eqKzD5XJ6RTEtohm86tyDtDmWEDPcLP7V,1
837,0x0c138CbDE4B10040f98fe1E1Aa98f95E6ef1B41D,0x40067d0736ff54789ab846b9A23aE7573A5d0cc9,QmcxuDXPQmXTBy5gWVKzQS7dLjARXCG6br5ZFJgASTqQRW,1
839,0x69eF8bF58aF9385fb0910AA3269132C4e63319AC,0x9e716dcbA3165044D1717c8cA26eBeE94e8fBfC0,QmPK5icKzZNn1v5QpQY4wzC74zGV1VbpZFZT9ZHw4KyDjM,2
840,0x9F9A35b67973DAAeE5055f2ca2b58F7377274Da4,0xc19eD1FA9FA3968FE12e97Aa4d511aB6bCE1320F,QmVxdd2rRtcpi78yiAhND74oFVRUC6HuXYHLxyXCBLef58,2
842,0xfeA4A56af1eaB3AC5A934a66Be542caC2044bEDD,0xAeC7b2720DF0332B0bf4355cdF09b799a2E650A8,QmaRG3uBQ9R2BCRtBHiMzQe6Ldmexzgf3ZZBpYUxTh8qqs,3
843,0xd5388C26Ef67cE99d952C0995B7fFE40e3bdc15f,0x8271Ede9e5defF03d6853EB82f3A148316d09aAf,QmSEJguKFzXUJeWGzuhSdMkVou3Yc4FKdeLfe9uTX6jdNf,2
845,0x09E8879e053643177a5F2D37A048A03fc383032b,0x6C15313ED774cD815Ec15d25582F893F18328666,QmdiS2ahNHn6DKrCzNJX3mYFWbyom8YpRsCR9VwsDNyjyP,1
847,0x3Cdf142340A46fBBAB256c7edBDdd306F207a304,0xAFe12624f2d8De70b46534D8e4508f0870DdE386,Qmao792RvFSAGgzk1mLomDbiDksxWrHSaY1jKdDjwwHfQM,2
848,0xCA6418196A0e0E618C59a0d86765DFD7c1af8275,0xE83D91eC67024D46707a98141242E73C77e9f936,Qme4KcbpffLN17CXbWNrqWGXaXCrV2TMSopfmpoiEbZD24,1
849,0x1563f1858C9a81A9927421ab01c731C524A0EC19,0xBA3d570535360bc9383B28691C872959d4A34061,QmbqUm1KW5syAzqYCuMFdAzGgceZdqfrKBDoHmkKwTzLpD,2
850,0x2da179986cc259ff15ff4Fbb6Ef4A686e330EBCa,0xd2ed7B6cEa895f03661c950Fe9dE0504bd8482C8,QmYdVsYj1XuWE8ZVh6yo8hrsv6Eqa4r1XD4zumYuEuk8ot,1
852,0x789BdA516e3F483C2B21D29370d708245F8D3bB7,0x45447766553D2d33b78f4B568fB862ecc4657a0A,QmQa2EuqMp4fkxsQsjC7Dfg2YN6YkXSkcCcmAAV4kDrzew,1
853,0x444b0c77B1809d650a53661434c1BfA2B62F472D,0x6523E9aD3dd4Cb6982f8D72D9220670Ab51882aC,QmXgsoaHDQUQtA5QvEuuG3J3k8rowwEQkauzCDT3mFwPKD,2
857,0xbbC7BD8Eb916A5550A7d7d821D833D05B55584F8,0xa1D5E9CB4f6a09fcF8b938435b0DE63270C67537,QmXxu36VM7yXhjays4Y8xoB5cgZUkYTXCcvFRDEnPFmrtH,1
858,0x7D91dD17Fff40cA2e8b4433f77423FdE38b5e5e9,0x19f5244eC162Ba513F255Ecfc95846390B963ED5,Qma1QC1HN258Tv8tBPHkpErWXLrbMTg917Pnx7A1ESqX4f,1
859,0x00e7D96E5cD73f1096B697822c320A4ed6aBe6BC,0xC301cd9448dc174a6C348f0F45eff27f523E5C43,QmNZsesxUpMEfMjFo5Jy3rde2pakDHSnFdDseTcpHdZ8Eg,0
861,0xbFf7855092D36d45dfBd492496ab62E82B45bBf9,0xedb820557ed82c986e923Ebc144582e6A2b7cEb7,QmawWCWGVQhZ6UD2effi6oCRn9U9JgGQg5frvQqkgr1jKU,1
862,0x2cE05c60d0f1Aa319Aa6bF29D4235d88224D6BCD,0x0E2F0df9cBD0d4a3d063a61d35cd49b0789BB98B,QmREu8DJtH1ztyz5hUQWegYtD6e76s7NLz9wZ9SQUF3sS3,1
863,0x7830D34E300c662D808608bc349ffA102615ef16,0xbB5b0504de9F98003365377E1F60d4175eed4e14,QmdNoLNm3W2icFkLwjNJqTw1kbT6xddC3oaNV1UtgQJDBg,1
864,0xe63cB3F26ECa687e3c5404e381ce781616367476,0x81c5Bccc7D61B1cc0751C23927Da1ceB38cD161a,QmedqKfX4RJa3EA8aV9p5mTSNbtYM5SiC9bqn8j94GD3RY,1
865,0xd3D5e3D9ae04F30aE2C3581BbcA0A079ABe91A8a,0x74Ed4b81890739185a04634Ef037C4B3b4Bf53ba,QmPQESX3fo3kdmdy1k16c7cw6TngEVdkUpPTWhE9wwiRbQ,2
866,0xf4C7835C3e50FdBBFaF3416087Ccc4291f0905E4,0xCC2e601F4e686366B7a0a581EaE4D26b0768F4b2,QmQZAXHCnWDGCuKL2Y5phNn3vsKU7eqj5FpEgMBDnv6A3Y,2
867,0xD2Ab9Cc07Bd980E2DA20AD9cAe3B9F00bD23aB8e,0x8058A5062205D631f7C9Ae042Ab435012d411484,QmRqHgGtfACSLHJW6KGvDXohcfhozLj37j39XuKSBjKJ7V,1
868,0x323F51E1b8000634f28ad491fBaCa435f7D2c2B9,0xEe50c3C7B7cB0EA0aAe889219121534F976E4974,Qmeio2ADom7GtvqdCKj3Yf8yufbmi2AA7uwwTB1G87ipqj,2
869,0x31986D60896E8DbefC6538b5edBeeB73161712f3,0x7B230F8235f3E3b14AeFd3ed657479e8FFD931A7,QmYh9oSQ5DuFy3ikSz7cNeSWpU7s3XMhEQZsMGXuxmp9Nw,1
870,0xFeC2C2044370f8Fa2aA3a6B2c39df817ed88D68b,0x0e24D281364BBF1eE6d98D93d744Ded873117efe,QmU92x6rVbrr5A93t9zAoftYB2yT5EBJx6vrkzTDJm98AE,1
871,0x81eaAA5333f7bFD811E93cb69496bfbd6Cff6597,0xe3AE90525E2C0dBb84477aA340eF6A7F04C706Fb,QmXrC4wSpa8n482rTV1X959dxtDRR1NzLJkLKbfMt3xGDa,1
872,0xfcb74c5971846b05b23074A3be6267Ad60C32D2b,0xf7Fa835CdaEf18FdCdC845D4091FEd0469776837,QmQf4GouYztwST7yGH4xtCcyZL1BCd5dArmnU83thT86s9,2
873,0x1C031AcF8e9EFbFa71D62DE157c6173A78936140,0xEEaD522dE16ef575965eb320D4C603A330a979B8,QmVJ5PhcS1ZjkLsCMLtuha1syBWyVDXJEqfuWVwt7v1KS5,1
876,0x6Ac06fB7fe09fA6992D0Cbf59fa102838eFe4c8A,0xCb609b14c532E5EaBF1B62Bf953ae9aF26ba33d8,QmNfoGLuS77gobsARi62uzWfw1VS5HsaY3yAmWZxVnQasP,1
877,0xea8f4257A958352B919d636a48201EB1741C3773,0xFD68946EdbeFa6Ada5f6719310480f724568996e,QmUQC71NePB5tUu5gtfXLLqoEj6VY6HaWFYcnP5YT3kNWp,1
878,0x75b5bbDCB9788f6C5f4365Df417788762049F34E,0x7935313938fD9d2bbD6688a4e9564a17f2A969d2,QmSS5HtaaCjdKmi3rnfbeWq6hofL2Qm347huRthW3t2pUe,1
879,0xAD5711ad8514043947d4566A1e89344717432F33,0x5325DC6066048940e933Af43fBc1D9fD9ca979Ee,QmcgKu5Xurm4SK6Wz5evSq2pprZBHuULvvTJCxT1GSa5rU,1
880,0xC965b8832cF6b7cdA6FAdb4Cf83aCF8BD703759b,0x551D9262265f9De3B6b9A29ef13d412eE96E3DCb,QmXQRnH4zUUnUWtdwjVM9tXhbtVVnroqm4xgHRxj1B7soR,2
881,0x860D439Ea1Cac4F30F15c533040EcABf4f7727c8,0x05de7185D0A89c40Ef6a4b684296DEBfd2e7BD0d,Qmd5ujjMjoFkenVDTrAeLDsMP5zKVJiFmw1e2zA6ZLqwMw,1
882,0xcb6b6641153062dA6a6e944456eD0f87C5Da3D44,0x29a64c38a4A4166FF5097b86d22fCd353BDA5caD,QmUM7Vjs2XLu5tqRDrXoYgTYBQTsSSo9ExaU7F2q5WiaG8,1
883,0x8Da9Ff2f3943a870BB6CB9931C850a1D19B2c01C,0xE9369560a730f5a3510c2C9fc63d7eA773d390a0,QmTwkugFbu9Mmr7UN4M1F2dz2yTJpg95jULCUGSNwwcgGr,1
884,0xccea23f33097Fbb534c7738eE32532f3eAEff80C,0xFA94208D77323931ee68d46c20FC0ED2eBB55549,QmUdASCWzha2fqLN6G8ZjRfPLpnqBgvtvAeHEYcW6u9mf3,1
885,0x3D4007E9C78cC069f4E48f93Ba66E4AF225c3042,0xE4816cbc5A31C2B5cBC8745a37B0E3ce652EfA65,QmZ66GD9jXwREjrdUNpbE4ht7eyM4NG7mVCEodyLtYNaLL,1
887,0xc46Db5Fe12Cb2e365900c9e4DdDdE4F1A3b4da2c,0x66F91039549108E595A3936aC634f57f7558dDd9,QmcmQxiAXLQt3JjuuY49mK8NnPcR6R3stsbvd2QtgHiiEj,3
889,0x6c0aA8e96015D89Ae307de0077Ce6dA272fdFAfF,0xcE9D952839905Cb76c1F00454AC3dc1cA76B3EF4,Qmd7aVnW29Cwa1dQZwMaX7g7UXbtYTNDuJnnoTa8sUGNJX,1
895,0xDfA36428c597dC78B5eC0546F0230ca4fca59226,0x0B96940D7409FA9b5E5d86F03c4847Ef5b97746B,QmPj7NuUgfRSUUx9hNYdUXkoKQGrFEGKwCxiv89czYERpF,2
896,0x21C90cBBEC3504d96C60209FF8CB4494Fb6Dc4ed,0x364d608b25B24b7a8011a7CD6a9B7f230d2D6949,Qmd8RboZHVgnWVUnR1UfLqZ4WYckaax8Y48DcEppVVYaaG,1
898,0xf8141b2714de8Dfd7f46034227Ba3439eEc16449,0xc7601C6Dca42824E95873856CeE0e07A9054C895,QmNuSoV4jMGYuHY14N5UdwY4JgDuudvB5aiiTcBzpDAoNU,1
899,0xF493eA5028C77096695D6CfCC2B8C0a5b6F00758,0x474F897166Db7C9AA7815A730826c70E2dAd270d,QmQ74muGnuzcxaH4qLBnGLqDd3siEMwMU1zemQ1JtBhscS,1
900,0x01a4C94C6Fa5F3A0D7eac41063898c0Ca03a773E,0xCfa4Fc9b13E58c907425122c9dde2CfD6e6bb12A,Qmf2DQ7MeCBf7qqcm3cCNnEr2fLiL4APvtLaULu5YcHvE3,2
901,0x6215740D5142AC7f703C4c66605d8b06faaEfdf7,0xE0E4b9e563a4f1A878EF71f0bBbBa327677EAd24,QmZu6DuBYGZnmAAEcxzfx8PPmPFLS6Yw3YeKtXC5V1MUER,1
902,0xeEaCd68B8dd8Ab14F13c24D7A70250059F81F8F4,0x2e3E79CdE11d647313F6B7A36fC3e4601DD80352,QmQxadwvarXGdYsp498SEZgDGCLYoRGYhECvUjxf2QRcJu,1
903,0x9C1a44622F9D89dF225535e41413DA5143183Ec5,0x02449B9afB223c8f4aC24432AE7ED07aC5080881,QmWeVeiaeyZiT2CT9ecjqHGUoNDBAu7LXvLHEwJUKr5YHR,1
904,0xcbda094eaAd1B9F76B33B007B95C65a560c11601,0xc552Fe745458B1698B5c277866e8b0EF7D1D04b4,QmVs7FNYHcMAcxYxJy1W1XjhcsVVdfmPCszQPmQimQyRQW,3
905,0xdc35398e7ecb643Ec919bB15550E4637B39B42fd,0x8eDa0BD868EB10604E9f773Edb8FB0cF25C8a3D6,QmTwTFPUiXMncw4dBZ1XdcA8B1j2j3sSgECC2miAbqkUS8,1
906,0x4bB33fa11E9994F24dDEDaE5fa23c6Dfa3d4658d,0x0fC6e891c8485e205802f3120D1E485A659a62f9,QmcdDMEeWWDsxmEJuhjmkWqGPH3PyGdhVBEth3pBd6YM58,2
907,0xb73A2f29C965bD000aD7C64E74815aa2dAbc8700,0x913A825dDaa4088a7B80513CF3a54f2561c24CF5,QmYCCGkoqvApqdQhSeyPZeeB6uMLr1TEGUY9bjwc2Frg8G,2
912,0x1a3ea51575F075A739f1D0c4bb157A573a2944EF,0xD8F6Bf24FAF972B40B78e740291516386c10F526,QmeHb6JPZxT7LcBPKRWCRBGqiTK9J3R2hNR6i64U2MBRa6,2
913,0x9BdF18ad1FD5D7e23e713c6CA0b032E6f43F160a,0xa49224407BfBcFcEd35D70657f44041b8e162EF9,Qme2pQb2BccxZvhvLJVav4SezFCdSmh8aFYBYt3xJoTZj8,1
915,0x47EdC59F59b2703F165D56C66Dad94BD1dC4462B,0xB10846C3301E19C389FA520b3240110929402702,Qma1cR6dKsxwejrGVN2x4qazPpP24uzU5Q7GheDxEKL5q9,2
916,0x5FCAbBA2160B336818F5DB8650795E77cE2e5595,0x4df600B807681b889f574e43D8cbf139105CA2f1,QmRYBj1SBzVfpocyWPQrgtXLFqQLm55xgR1DpehqNkeTAW,2
918,0x00C3089Be584849f727e295CF81817Ca429100B7,0xdD95F6323A88eC307e1D5b631FaF3832c0A99bCC,QmUqzSoirTbDxLB2qF5gy9R9WHa6RTVuyzthNFKNRGpBNd,2
919,0xb9B5C05596e1b7FE0C881750E82FF60562F83fc7,0xa2c10B4c19b1F5c285F25531EBCe8EEB0158D079,QmU8eLMCgdhKqXhDWiSET2d6SbSqrpsfjaeEsDvHYXQsGC,1
920,0x482888150aaEEe50CE3742028833c4213Ec627d9,0xc358574fbec5EFd698d4421D4B2Ef99a8111ECd1,QmQ5WtP5cD8a55A1wd2ip3hjeJNDwjaAnVym9UBK7pHLbh,2
921,0x406103E42200CBbe949C8884f101B2e0e4E2eC2c,0xD5382962b8Ec74e27C7c9Da2083099dF3c6e4687,QmP9NiRv3d3XRNq8pmHcJRjzcdFDbYcNrnyYiKrR8mq8ev,1
922,0xf195c8BD172fb0b291cD14EC3a3b4627E5a2A0a9,0xC75E787218e307BB5e3037Bc210892c459FAc708,QmXhJwCBkDE6YTyarfsEAPpXLnFtFFDGSqaR1mYAjtARKr,2
923,0x24CD6743498b98534a2F66B31CEe54EA39e5E850,0xb5ccE7BC0CEaf22e05b254c619ce8c1a7AFF8FC8,QmTjXpoLMq5EgU49AgY7w8oUe4dkyZ95t6gSv7hJ5tjTGb,1
924,0x4C11754fE55399013BacF8d6CF02f3B810250471,0x68820E5cDbDBB1cB131151dBB203d4fef563Fa4D,QmU2kXArbMyVsU8iFtg2dRA8VQGYivTD52FmUdv6HPsVSG,2
927,0x24aeB03c934059F12819e73D5809c9b3CC9571ba,0xE8c32C028Adc995C9cbcaeAfCeCBE357B8b73Ee9,QmfWhREDB5YwwPkDmUYFPZnTQ6pFnLzdB7KMY3FTU5pCif,1
928,0xEA9504fE1DC365E221a740345cF46aBf020d8454,0xFBC76FC5186d3C2e30AcbF74f63465cD32384263,QmTLqNdGSzEyEQWq3Der9BjahM3TtunU1AzLFu5Nu1nZwu,1
929,0xe108d8F9AFCcF5580AD50b8871D6438Ffe90133A,0x0C1f0520EbEc973756EF1Da2e3Ec851CC47419D1,QmNqh45s6oXyjugdvcf9jFBPqFzFNxEMjQCPRt83qYUfWs,3
931,0x654fEc959FC2F55F31FB7E775437FCFf3Cc2fC84,0x047BB290E77b643cFeEc3D555b1ddfd4C964e8e9,QmRo5tj7dE2ywN3Xck6WZoitcrhUzMQT5tRGY7WeK3PuHi,1
932,0x8C5074072DF3Db97700fcf84723dE887196211D6,0x3D8207CDC540F415d806B3F57b68D8ac31c7AB61,QmVbG4RchwWeNbTQLM259WZWzErZYPnsPjv3sFmkTi9Uyc,1
933,0x48B3B18bB850AAB04DF1d5781a8C4b2A68E1C863,0x39b0a37dA209BDf4CF347b13bB8DAAFd20Ed05f5,QmUWKFYtHyg7bNwZvgEg2WfRYY49XGZ28bdRB8HbqiJL8V,1
934,0x0220f028D7FA2e5f1D732Bbc8D2aE0e37201DfDc,0xED32826BB99ADc9fE3A2Cb2EE9Ebf5F50854f0E8,QmXDwXc6vpKkcxeYoGFa6yi77Lz11nEviRjUSazVzGK6og,1
935,0x9271A46A5e8F6b0048bFa54815AB71921D0d835F,0xa6EdA1465D259ce1643833561e36fce3d54993ad,QmcxJuSt4Rw5oNAs2W3Jd9aKB6qANGVikVsDZibCeZHu4i,2
936,0x05d10F52d8868701558B6760cDf42Ec17b45a30a,0x9b3426690374E24D5ee89ab9989E921d51588E89,QmRCKXiDJ1FY418eRU8Ffo8ooX6xCrm6DJ4FWBsrMUzAzw,1
938,0x6F5A893975425C16E4e8ebe7E16DD836D7Cd125a,0x5C981F5997B2dfbbA93b4570221373Fb429e3De6,QmUqd8HCtJjS8fCVvpMUtzXeRLUrv4vKr7SoCxGsbzLsCG,1
939,0xed0Ff4d55dC479Ca38F8765b9b5DBFDa0F1b3166,0x743b5797E6D2835E843Ddd39C227beBD6e15c1d4,QmWAf39VX7XnqApwWEe2VohnnXp3ph5RdoetBUDHQY6Y1b,1
940,0x3DEb7b113FBF5A8F8f67389C995f7d76794fd652,0x1B9714B20A2E166A21707b2B24064510F34F2c98,QmPBgdhB6oTEJJGFKQKW4yXFG4VszJRMZrf3sVkmfPM56p,1
941,0x4AB86bB017C17BDcaf3883FB50535e9a0A9aC24e,0x0675305120949d8e9f506380238360D47C1D76f1,QmPVC3vDzhdCjVd7WVdoDeXwM53Um9HeeY41ABWVrKRRzC,1
943,0x101c1cD053768102AAEf867DF878aECD7aCA160e,0x520961B0b0ba055f2e11A2A63AEAFa4d4AdC9888,QmfYGi9EYQaGGm5PU7kT1mvJzCs2xQihfQyqzKWi9AG49e,0
944,0x91b9c7a161bECC70C2663CE0BdAF8f694AAa4459,0xdDFCd222FDaeda31c8bFb673866D4c20b2622D3a,QmbeCoJQHBjSAYWzTfVah6eisuuogVmwxarWfcwfRG1w99,1
945,0x0E15771C46905d5849B35a27774FC3268475a32A,0x16160F715BD3b27cDB60113dfc20AF7A76213917,Qme6gMARAcrT1WkPBSJDW3xgj87PY2fWYfoRCyVYKEq5s9,1
946,0x154B3216b2BFB5D6c4cfC1110cc3B628FaB2c01f,0xDD4B0803d8cEA3095b8D4dfC0C753A1fdee945B1,Qma3YXrjFnA8nV6LCoeoaxDcPdHkC7c1C16P34eUKsFxz6,1
947,0x54415782D27437a21B466484e537A66B9BC13618,0x683aEB4ce353157d670957d783FFBb3B820d8166,QmZwUUhabJ621Ho6CEdT6pbhPk3FpNn8oHfjkL5zWkDfJc,1
948,0x6D80275Fbd2837DFAD02eB8C94b2574Ac2FDfc31,0x7C9457A775015Eee6e098Cb1a4Ba6CF9b0fDF3C0,QmeSGCdzvtcSCye2buxdSGpe4XgKrmwEzd6gzSA7A5y3M8,2
949,0xa48449aFd8F09c8a86E8629b003a2cb40930b97d,0xecF5E76947Dfb0fe0b23c04E1f3112DD636d1ae7,QmZTV5w31M1oRgqmchLnEZwW1JzJqBE5JitLTRsTgFSwku,2
951,0x6D4e7DD17BAc5b6Fa7Da66ab1e625c59dA3C303D,0xe1f9d37E3447505CFe53F9ec50691a681Fc12815,QmP6pcteBvZdEPpW4PtBgvEQXvUi4cssexdWzT5bKCCrhJ,2
952,0xddc724AC2527FCf3475e5061544F0827D900f69D,0x5ac8fB76Db775A06Be1b75878B7a40C0cca4694f,QmaQXQYjKHZxqp5Le4Wt3QsJV4UNNQVmJ1NTfjuxvb5U1k,2
953,0xdFDAe6e76cD18C172217496431A4E74Df452Db69,0xD210BB3f9F670F4760AA64a6d87D61f10C32d892,QmUhkLvAaTccZnDLhX1CvSpRfv8Y1nczKbx9NZjaHweHSP,1
954,0xDD20877abf271D6bA0D724ba3309ABAdBf13aE23,0x2A5Cafd3D0D29eb528A377f7D6704103e26b0C0f,QmQshrkcTgMY8wxpsfv4Tbwn7XEmgCK3zA6jVMNawjsHaJ,2
955,0x949bc0750D3b4B37909D6131ca37cB7E501EE064,0x61a91F236a58bD09EE7d66305e60A85f628FA0Cf,QmWQYnhYmC1gJk6LVqEtwbLM5CX1tnh3CXthWDUUB5xhsX,2
957,0xcbc0998131412908939ceba334CECe16310a0962,0x73c18B424b751B3F3e5a5DC109a9543bCa5bea35,QmPGdPciaQvN4Y86zckd1ZZfiFHmE6oVKn9T4EURjDKmXU,1
958,0xabD683f5Eb413164701c2396A979D07D45077E32,0xBEfc703EF7320dc2daB339aB5b037AddDA7E9648,QmXdA7q7CdEyzfHYZaZSW6mGdiJiqeaE58xE5v2pdDvyUP,1
959,0xAEAfd4d1e8cF85d1C063Ac17d4C89f43eb25b3a6,0x494961Be42776BBbAedd81714ca5010Fa3E79B1a,QmVHchk6kxfXRKb17brE7U6GBbSLswX4Pje6ZZ4jHFX8ew,1
960,0x96f5F0185b53E01869b5dad26cE546FaF6365b9F,0xb9e0831Bf34F0CfE8948cdE4f46542B51BE9afd4,QmV5zWwnCeua8FQjdfQPpwqXSBmYsy1mK6ZWfVg7YM1aD9,3
961,0x25A46DdC7b9Dfe9e829bAAC01Cd72675aA899d91,0x6bCAac99Abc8f7befd45B495ea284A4995Ba76DC,QmXYF6FE59Tb8GLZfthwhRZ2PBUZTgdUp1BpndDZoPoJtb,2
962,0x024332B4404C6AAea58629ECD2b62fcb5F2B8F10,0x1f720C2D552d36fdb7EBf788Ea3A287A8778560f,QmRkDjuvtcXxRLquEAkV6veeMS3FCxfhU78x98AsRGiHm5,1
963,0xc1D0C193a75c02d319A2047b3bBE7F70488cAca9,0x6f097397bE9C6Be870C2Eb4c2D7C002c99633e1E,QmTJWu2WRVhPQUJNVzfuCYvY9nR8CP6Gcj1K8EeJEicpSC,1
965,0xa922a05029C4A2F04B48b8F25d9592319977F415,0x5eb838305942b93B143272657Bc327DD1CD0AE65,QmdNob86aiBKxPyLTxjDdwzLkgG28oUPKtre3SfX3DXECP,1
967,0x0Bb63ea6DAFC58dCD57f0D0BA499ca07230114d9,0x9DAAd4428CC87D4C938D2b1A87562161c332AffA,QmfV3EbKMPx8EcW56Y7BPzvBrpqdHHoHsUirGPd5rvaeUh,1
968,0x6d1692AC3D3EFA6F315F4c455EEfb246F16Ecf0B,0x0D85964ABe96b98f7c048Db0cA9E4c713BC027E5,QmRS836FTap8U3L2gKEC7bHzQ3mEGdv7qjNtAAAMznkR39,2
969,0x6CD22539AbCb10cD29e0d13F93a676047FBFfB0d,0x46E0ebB66c75743EA7cF223830B6D01d26c9d2E5,QmakMjqwqRm4MUWJ2xnVqzBS9P9DYaVyXN76QyyEoBaJp9,1
970,0x37243aBecD57c2745DE673E9BF41A0660B454737,0xC26Cd1a0DD1D8b3049fc11b31D0570583610538a,QmZfgdkNLo1NwPN5Hqi6tFF2HhmfXp4ooVENLU6FD9zTrk,1
971,0xd22e0D2A93d7ca1B48Af6CE950260C5Da6581F93,0x0c18cc3c5851802aBeF52E10118c2Ad6F391bf7A,QmeW5DKTGa13PL5QsEUtH9PmJ7uU93BSWyWppLPgayU3Mm,3
972,0xd71F307220CE8C98E000901e114582572CfB54A0,0x56158A9480a4C5AFF91d7be0bE7F22aa733c2745,QmQKJF7AeF7PsrH4M75Wk2NA6rRtmkMp9Qkt9DXR2qTdeh,1
974,0xA00FEF08A04B195bf0c6fE6866eDDFBC8a00659B,0x9b5a493A922FBDfeBef5Ea026279d6c1C24f29E2,QmaeV2GFKoqDvLzXENbKECDMumEPC6heJeDxyH8DzmJwVS,1
976,0x561571a65a663691671F8937bb11971D1E50Ac43,0xE59bE152EF9d325C5638596beA6f07c9d36215eC,QmUY9PLKKT3Z77gJPqrWDRkDCCzgWWihVFH8mtFbaxp1zy,1
977,0x3c4608d76CD71e7E2e66e16e666A04bC436eaaa7,0xd4FDC0544D3aE465d5905FC3349369F96d8528B6,QmNirRY3azFkfWWqj3C7axgp5QFjL2hvfvtBD7txt7dB9Y,2
978,0x2b863a4f3b5dF2353C904cc2771691744F7FEB80,0xA75EFeff59b9cDB0b1Abf6e58c3fa024ed7661A2,QmfUAz5bSBBKJGEbSJaF4PAyxVFY3iwprWJfDQbqAAxLMD,1
980,0xcEcE33ec362F94a145fd5F1515148aad069Ed927,0xc08EA9F1C02509499bB92AfD399f6C140b537E50,QmPRjZ4yDWPvy2s28yhfZgXK6Gmfjm3zfuosy9FVEefAMF,1
981,0x63f25134B15219abB0F801070e1b632bd321Ca7b,0x5b4A301a25AbC311c3697FFa1CAB0A6Efca3ACFe,QmQgcdDocvALhigyjDBeft9smg5wE2S35UTvTW4mnrtc4X,2
982,0xDf17DFa566aa4f86deE1039Ba043fC1fA24806e8,0xc23cEe0038Ea2cE3e2d0796c93095DdF92A9A1DE,Qmd5EHotQWRQwvUqtjyNqJ11KtHxndShGuZ1TNjzs18jAh,1
985,0xb09C61b2Dc992Ad373611d6e79969988D39Da979,0x0d36906827EC5b34ACCf2910FB2EAeA6F57e8125,QmThwkiQm5fb66wU9AagpNjKaBpigFZh11wEgDaBEPoGML,1
986,0x645B522DdBA90857DEE37e6bf5CE127417D48513,0x37Eca2a9bB548Aa2F33dFA419aB30E203a68348b,QmeHAw1onDViRGgYCiRSx5SYBj73FhmS2sX5Eb7os9tVwi,2
987,0x36223fbA5DD3f2428c9D1088B91b189aAad3f902,0xf352063bE1ddd2611eBb4A7af9ff95c61Dc9692A,QmTKFK2esGyB7SWFFhVqBrCFAsjs6XAnsEtG8TZyBbNgdN,2
990,0xE326B374B087e14046dd47adeB068BBEbcdE2720,0x13bA3308CF8C3c64659919819499a2711DeDe8f4,QmbbGV7wcLv7EyTkKvZGEB6WPL3ZHCr41kcqnReDLtr8P8,3
991,0x3aF81b69D5b22a5E59a2194AfCa1468a0Bc009b8,0xB792CA8551F5FAd8dB7eE9257E5b8CDB57998834,QmUoLmf6HPie8mVVFu1zD9yKWG7ePPk7ypqEUKEsdXF5x2,1
992,0xfD33F53cfee3657a9c2cD644C5128a34a99CdA46,0x14dC2173313E76C16eDe4003B72eA081D6b7Abb2,QmcDkmUJLq3JsGR9X5cufAoiJXZS4Uv9PKHAALYMyTuAjX,1
993,0x19f4B4be16dFdF2e76c2e5d0f5b27bD525eb4A37,0x3A92b4BF4F6528dD12F8b0fEb4E91768F65Be781,QmYznEvJjTuM8NVrzSg5kejoGxSF45r987pFGv6FFfNnfH,2
994,0x66c0307e0434499e95D98Eb8e6D4A846C64A085d,0xd0b811b909afFd5B7F3e1201D450DA173796B7fB,Qmase3to5Hbzbjo64erPWQcr7JZoX2b7c8QU4nNeXxCpWg,1
995,0xFB6dcEB844b4746052DED60DEfD394c722320967,0x53Fdd2853d7bB8fbcEe77B0eFF77EF7F180Ad38D,QmUGU8SZ6JLhCFZ17kP5w8sScViGHtfGzEXg4t8iYKTAnR,1
996,0xD015118E9fa7Fd0EC770d50a9Fb8E42747622831,0xC84DC42B652F5D970f3656E835A1B9512023476C,QmU8Ygx2qdG16ZMpQ2jGcod6eu4qW7tUbWvgdDwAGpiw8f,2
997,0xA8A02d7162128E806bAB4dBD8D6E7C678e9D12E3,0xa0d983B38Cf2Fd5F5391f2ef7881876cd7DC9365,QmRRYCvaXJc5msRdS6YV1NahGsUeuVN9oR2m5ideCKK9UN,2
998,0xa4A81871c3a0aA8f99E26604c435E652704f9fA1,0xa9EeffBb08BC02D5bc0d1BCE9222BC23e2D27bBC,QmbUkLoW6jVuh8H2ECASoVZ8DkVVu1Ldu8Y5cVXa1hmiRL,1
999,0xB79F4bd5B0A6310A47e6750d76102E1BCC224B4c,0x08D545C5c8FB179E136141146bF4562E3DB1c6ED,QmWu7dK9Sy4hcCMpbCzo7KU4WhQjeTcwAuHVTDvZSrGDwQ,1
1001,0xF870802eA9DA8d8df5B23a3217FfA544cB7B50e1,0x82DF337f2C5c32C2e0653De8BE7886A10a8F5EDe,QmSx4QrmJyZWSEKdGssWjGUsct7aAz9stiUkPtUigShBhp,1
1002,0x23B40bc3c85703cb8B4268E96566945633950EC4,0x9A00A353525FcD6f8599CfcD3c2E6895b7b74621,QmXdNbQXsC8UVmJg21ejNjy2BPQ97kYCcDfat4rgAJbLX5,2
1003,0xd8FB6674FE66718A4Db0296a1320521AeA29dc61,0xa55cae5E9A64e5066232E0F1603FdcBDB1FAdaAc,QmbjV7GFdNsWCenpc51wXbnhz8GDD8F6EXg7oKxLDPd86E,0
1004,0x6f02012bc2a68D95199E3cCAA17bA6B6171a0253,0x8B321f1e491F78234Ad1627eFfC3DEbb5c8D4230,QmXZhKJ3WVhVw5xHGDVwiFgr8vQ2HdNCELNpRvNcR3pqfh,1
1005,0x9D916f742D81E629B6adB92E169CE76dC581c39d,0x8646516a78421efb14c80eeB1f28b1ddaB212577,QmNrjRXGtcCTfrVuGcEjUBK2z2fithxCPPvNMh5iJzFbVK,1
1006,0xA0520E6E856A8E0F2EF3e80d34e2ab49c0Ee5414,0x7602A2715290bfBD92C8d2D6F694A186bfb1F525,QmSZoYCcJ2QV5oG5fYNLSxwCmYBZAasfVZ5Mc1F7qkpedk,1
1007,0x45F5FCa5b632920C69a47ab140F3A86eB7De4d8C,0x9F263068D72C2e5bc05Cf8c54BDb9cdA932eef32,Qmf9aeAeSGqBt72JaoVkbskMXBgk7dznvpN8BQpPBu5hNo,1
1008,0x1739E2907022ADa2ba52E21eC5dfC16a1472603C,0xb6e3633BaCa360f52D51C88B2a1b00200275e54b,QmP8qevctpyTSYrD4c7biDBwvvSQUXBw5rxeTvLkswqxeG,2
1009,0x6EB46eD140CFE946841673694a8Ea6D4bE3dDEd4,0x1B47539AD5AE28D095C9521f8ff8A66A17f184ab,QmSzNj33ncmsbNEp4HnkD93eMSzB1ivjF43VHy2CXc7PBv,2
1010,0x3F6e1cec2e34cefc2073703D3Dc63B16F70E6461,0x87eF4cDea43BC27fE3fa64E73C257A841CbC0381,QmUdGuAzR5JHjr3nfoQddzx62jsvqcPSiX5xw6e58zCL29,1
1012,0x6AB23E568667e1e105C8378fe95a78548461F1ab,0x9B7bec4BE71Ae8b321eB7bdd21F2982C20dfA274,QmUiVNGefv8yMi6HravA89P8ztTWiZbfArDkccWMrBZRVs,1
1015,0xf02b4BBC675AD3Fa8DDDb1F8B80E7d6E503416D6,0xE93cE4da3C619AdED9db9dC1Cdc2963d72602Bb0,QmcZRAgEwjqR1rERLbYik2nSQCPeS8BbTHLyDtJJT8Z7JH,1
1016,0xc6040aa074E5a595C9B927230AF4208a84434D36,0x635A03f2F7F61B1b4B0F22fE07ea9D27BEe31744,Qmc3SUG9BUS2smWqiE3nrNZ6W4cRzdASR12iEH4Cni2nvC,1
1017,0x4585f40B57a738A48c6993Afe881051D567Eb2B8,0xE97047F83589719791D6DA5d016EcbD129Bd2fCC,Qmcu1wPUxcTMemGWa2htEtX3ujEVTX5fqS267TMQUs5Sk8,1
1018,0x0986945AC5ceeb08b3744C490316DEb034A06373,0xe5d0B5746e837e8DA4333debA11082990415A0A9,QmaSpkU8uUFGv78opAWvRHJ1Mez21p5yTPoo7JdBJ1XqVC,2
1019,0xa6bc8984309a0510Ec32f17F9309bDb2cD49493a,0x70549A6EEdDE254E72A9ADfa73d54cA0879EF8Cf,QmUNw38sj37McxJ89MTjVWAjWXLLGZutsy838dpFk8oRB6,2
1020,0x6c5dF70d1A3B377CdEc63af58c8E200e420F392D,0xC3E6a1E73043324DE76d3BE71560b679faA28e1f,QmbdDBMJUr4uh3FGrmSM512y3FavSeEZxsWJNnbb7davZo,1
1021,0x21cf9d3E27462c6BA0C65F8873b489e08B0907D8,0x829B87c820D931B6EeBC2f046b023C3864AFB6Df,QmRoYYASuECRawK5P4CFcjKTzq47eZCsB3Xjn5eXrsvWnQ,1
1023,0xA5f1dA73d9eE737207c2E31dCd9780389D7432F2,0x2A309ec427e8A227Bd3823A65da2daFd8B84beF1,QmVqA5TSG5yNHSKa8AqjzMhhuGRBToHdrZrAr1JideMckk,2
1024,0xb3E79f4E565311d9e4a95aA6f9449fCC77D8aE24,0x91e2EE363656403bf507E98F15F2F912b6ffa3c8,QmevFhnckXSoitrjpatJBnW2WtHLPvLwrTqXFFzAG2ZpSV,2
1025,0x1FbCFdD40C499bCA3793a042636F601bc61b60A2,0xCb6EAC76e563d0007B3514BA1E4221B1e2B810F4,QmbYjtV89gYqp7NbEsYjt4Rmf5o2yRrkq8cdFFKg1b63Uy,1
1026,0x6034214b78404d37fD0C36cCf213b1EB2D2e2bd7,0x5D1C0Df7B16d122768502e853fF375a8D153bB56,QmUXB65y9XP4YNfXGhq51Ub4EGpsp2XTYdSu7MXfgBieMB,2
1027,0x994510374843a77c7e9E45AeaC1baB8194B9604c,0xFefBf30F4cb1Ed5cCdeEF4B0b8200D5986c19857,QmPbtCeymZz4tjMcG4EBd2dNQspNp7c35W7AGY2Pu4bE2w,1
1029,0x472345C7C2a8d63b9c8B7Ee1B20085FfCD1D365D,0x0DDEa4e685f6320a4e89F57216ca5C6A4bf16baD,QmZMQcDhmAd8JZXCiJypJF8iEzfLLzfWVe1o2LACZSadwX,1
1030,0x0201226c2DDbaF2016204d551E0C86dC9A4d5DbB,0xd1F8791c8899EDae2Ce29957a3e4A8161ad0475f,QmTspF5xey1jd2DYM834pAcURszrWrzx25UmjAca44ux6B,1
1031,0x0469721F77F64946491c910732AD178C78216963,0x918D7b498184dBEF17aA6a647342FFB10e72Bebd,QmTXFhpmfjmWc2dCLHzgTLLe6Gox5dajgUeePDm3Mc79sG,1
1032,0xB909a5FBe03d738cB5C56f3F93AFb92C2f1679a1,0x289eAC609441C8bD140b13D5B71c769FC7dCAdF3,QmfLdxoKDqftb3kkDa8Q1kh6Pzys84Zae2a3bTHXzygmBX,1
1034,0x5B740dCfAf4634E0e1Dcdb8aEEa453CD2c0d0fCe,0xE5d4fBbb71DeD2Bb9c65F118D9060938A08c6482,QmeY29yZDkuYJMUFF2dz17Ds9knxto2cN2wrUeLiczb1fN,1
1035,0x5bf1dBFaF9f28305E09c797EA99f9BBb115152EA,0xc2C337b20A3098f5Cd2bC06ecB3Ce820bc17C0dd,QmTJFwwomyvyo1SF9bdrNZSYBzN1tasQzJ3baez7JxUGRj,1
1036,0xd6017B276A9dEB2396FE656917aC28816CF31097,0x67F08A674fa559445125d10B02378dC7AE6A44cB,QmZ9qGZVdNjn698Dri5SRxnigiVqFJ6m7vUTNTUoJoMYcL,1
1037,0xBDb5dA0aCA08Ac6B1b1F93F3E8024fc89B23503b,0xc534a272C8640696C4D9257C660fA52058C7175D,QmPPXYKKD9GN2EDrAZsZcvbVf9GUrwyBEHjpvsNAeFCUL3,2
1038,0xb93D973409a54d4DB145f2A259b4E83B95b0fF69,0x31AaAD24565BA3A0CbB215B832aFBf0473958C8F,QmR84zKAE9dSPQWA7THQECQL7hzBAZJHeSeb7NkWiQ3xeB,1
1039,0x18CDe31Ad18710A4E58a668405a351781a1ec057,0xb64B3A2DC730545ceb42699d8c69bD5B67Ad395e,QmTg9U5yZitCbckHa8WLGPYfic7aYCKCjVxU8yqHfZAk44,2
1041,0x211EE87ed5DCE9e382d600e9EdDC399dAE98393b,0x48c5f94eAc3e92189DF99dDe275d48965ffB0923,QmcLeFCXhikt7CxVetziy1kk7JCN3WzHQAYa4fMeRDeuz4,1
1042,0xD50257c3220802463bf06cfFa3bb6AA3eeC7B759,0x9Ac626462e9bD849ff31274895c6edBEffB0C584,QmeoUcyp64dEza24zfDKRkVvcmb5uzBCaqawHg2wU4Tkzk,1
1043,0x8E9D6bbca74520663efc8b3cF58C3C2560305bEf,0x678C6d381Bacd7eFB7Eb21F2660AD6b2Ba7364C3,QmUU5tro4S1W3JSczKfWHTCpErJxvimx3CC33se4tKKNm4,1
1045,0x963F6A31dA51d2e046EC1b4D67dAF2a73b8d0B03,0x48354aE5eC2A3e9D13bD8626005605DbFF0e7705,QmdaYzeHRgsVHemdNqDfun9LTyHHXwReoy577V6yvPyQeQ,1
1046,0x195D7c7c4339fA1cB847A278D2e9F6b0Ec60943f,0xF1cc2f3047CD31eDAd0b35dE19B45830d2a4E281,QmZkdbjUCLWddBRhAqsG5MLN9zbaJ4RsMtXcyPrxA5QxK4,1
1048,0xac95707F4481a00A3806157331c3f254061ea29e,0x1094C724ba10de2bCe40f3D041DbF249E3DFE7aD,QmVR46RsaKPSew4ZjLtSkCGJfZKwHDMWrRfiPiwLgPcGyQ,1
1049,0x3a74AA46Cf0039782530B7b6B3f120B45BCc1c12,0xdE8541C907E189d339E1E0E2E2A6401d1d6bAed1,QmaRhhTnMuoHGWFML6sp8wdZfhSHtaw7S6hyMWQtXqgweX,1
1050,0xDb04470baC939Eb3EA1f58786AdEeeE5e674F046,0xC5f103a48ec64Cb3F3cb2E8820B6B4a965713fc7,QmPUFXdM18yfchckWitXXo1vkRdmdWNgX1pcusSjidxnDu,1
1051,0xE251e75DE1E4DB4f9813C5c062A6C5F0fcB474D6,0x25db31eF268FaB74A48384E663A7984B5c0F8479,QmQmgZybsitEQzy3yL2gnRMGmkaEdRu1tgHQkUEazc37zr,1
1052,0x8C00869b8447D276f15100BBdE2B866F6313ecDA,0xd4338Eb144F6654de9c5274EA47d1Ce944D3B8a0,QmaejMGPdpzTnSaChanPE4FKqVpqjHgXDTaoR4ewtYuori,1
1053,0x4d32D0a12b952Af35164201C6C030ecD181bd700,0x7D060Be9bda26fE01a7fbb42197AEFd35461427a,QmPmnytd28tv6avvQZqkibsUgNfEUeAZ97NdSZYkXpV1fr,1
1054,0xEC5DB078fBdA97e3E1be74FeC96fe70f1a93541F,0xf8B5770f4A5bC12b729F8952F901C4020FF7c6C1,QmU79pqruduKJe2yoWwXHz3Lww9g8Ntrc6rVtkkoAu49gt,0
1055,0x3737AF0cBC248034E52dac4ACA443C9e08598854,0x9ABca1c65E9315822F19172b988E8a59b8842AF0,Qmckp52PT1K9tHjvwJ7wq47BcaM2wRXiigQJE44f6RtwTP,1
1056,0x87501772f7D92e3330EAd33902cfAcf9DC65E779,0x5BBC261De4Ffd714585d75B242575A2C55e7d89f,QmWYUYyn4hd6SjSqgiTn3AqKYHukyZnUXqTMweut8xUMx2,2
1057,0x3C9f79dc3314bc952cECb3192d033A52400B1FDB,0x54135B80F795EC386bce92298AB3FA939394BE8D,QmQ6GmF9Sype24T5fn4zCR8L6bXcCm22RAuVRVShjkzJHs,1
1058,0x016E41A9ef098E29C58ab7A4545629BA0abe9069,0x5f16DC3b6658348dd71c3D2efFf5B0cbb7D7B064,QmXxadTAyjh1bGmu7AQBEFUcP4qNZ9adPw9akkMzuHwcHj,1
1059,0xF5b1E688d10B15f7AE73CE7B1E59821568A3484B,0x7e667c0bFCc4520120301F09D2Bf2653A1D463b9,QmX7XuKxv9pVuzEo7MJZxaPomV951jNgEbvSfAmWverX4C,1
1060,0x1276c8469d98C1fedE2F880C59bf8085c9F1a809,0xe6012be06bC2EF39c4557286fC6cECf7499eCd4b,QmNX6Bbkb18fm4NPkVzytXhyWq6aT16a8HZg57V1mGbmGK,1
1061,0x17Dea607Ba972E7c3c27c383d0BFbafaBd08D0B0,0x825A976C53FC561Bc45A3cA0C2d6E6C18111E0A4,QmXkoWau1iJNJAsiRF9AfwUy8rHjSKCqNmU1buy4opWVwD,1
1063,0xB736b8Eff2F7598c176957aFA59f535665A85d98,0x9023c143DEAB74e2b2F02b07884088369cCd4399,QmSwHF9V6KTPCo1sMXQdzRiEmaDutUtmpjHVH8ZBZkZjh9,1
1065,0x31b49546019bb761B98cD23d4d48a2e6b123CF8E,0xe18067c9ef5985b1716b14311aa57A7de166ce43,QmX32ZjhMzcPuuH8vV7rxqTydfYVq9DCW29AQ7NMtXuERx,2
1066,0xA3bF0C88D91620EaEC3C926eaa16EE247200C387,0xE4Acf0431C16e8Dde3b6A699229C56802af7Ac26,QmUNk8SWoFfc3whrji3uwBXY5cnrserKhhkpquP3bjbPHi,1
1067,0x155E2c91148D6b46D09565F3137d0F885f7Cc9fE,0x8144009996A9B06A426Acebaa83B487F1b0Cdf21,QmV3URT4Bycapq4WQpzDSN9NaBQuSHBDotm54uAy5y58h5,1
1068,0x7C0A5874817814102e77D92D7b8bB03D47A5238b,0x57A98596b5f7396C72a30d66D3ece70dcCb46AcB,QmNYkx9UZrANEnUL3Rx7nTjCvfqARVoSKk7Dr83b1cUzfL,2
1069,0xdC032A68B91caFC0c83b3c1D0f0ffCF0BDD321cC,0x560f58cD976690e9D32Be908c1A1AB4f6357537a,QmTFgkDAYgKoizSSVKfLtjh31hKjsz5P2n1sUsD8Kk2ohq,1
1070,0x17DBe24D6554075134AEeC82860da885A6db9Ef1,0x7e32e412686EFb5dd7957d76a224c57fCd998C1B,QmRMfkDMJvbfgK78xzzSRWwQcJzKfuh2ppPQpvuAjPuoLR,1
1071,0x3ea28407007541E3eB8Bc0a34387E7260d00dd00,0x3b7d8E40D1cF439Ada5514c81e6a1069478a5C64,Qmbre9sKD9VNNFFP2JFvLeoaqPbJdeASVi9ad2CcbZ1bUq,1
1072,0xEEdAfbf80f101537EF5099E3DE70511e9f95cffe,0xFdc06831f837B92a79f242A6dCA2Ac8ed5F6268a,QmaYkn9msZGmJ1caE8vjiUSn6xpckBpadDiUXD7ENT1th5,1
1073,0x79149d42f606c7064fEBD5774c8Bb806dd556635,0x7317b1bB9695D9649C5BeE113bDCe4D9E1185cCF,QmaMJhK8zZL8uGRhCFGQTWDaeW8ayHkQmYNU4Hu3ncYEuN,1
1074,0xDEae0C8f3B4B78EeC052b532cBBD2075974f2272,0xa67fb8d44d23114311505CE814E82cf6401cF155,QmfXfePnB4b2gDnbBcXe65DG8nLoCVjaDvrjPH75aTdvqf,1
1076,0xBa3cBcECD5ba5e34442E6b671cA312b521c6f661,0x25ce2b86d63BfC115ABD2Fd1642cEa4F93ad6e16,QmS1L5CmJCw31dhYLpsQS1Rewd9LE5zhu9Jyx7oWFCY1JY,1
1077,0x32A975a71357a065603c56C79CB126934396A4a6,0x82C6c1a06c930AE645e655981eA1FA11C4aAaE0f,QmWSSSdQkfx3HTK71WjNAghVCM4wamnGiHp3jQgGGD9Wu7,1
1078,0x82F1B0207dAafdE07152996C9223B6b5D9a30e43,0xE678adbDac31443bDec06003CB23995F8841aA6c,QmT2pimcUXgpFqhBpgNA2JnfqyENw3wPba7wdffyoxpRyq,2
1080,0x9feb0B8498EFed510717Be2fdFAfc5BFd30c3C3A,0xeBa4f85d1650a6E5772130731a50c77e4cAB053B,QmV3xcUugXFhH1cZT9ChWd1hTUFxr2miNZCmQeEXoCPSLq,1
1081,0x2F1765767F14cFC7659181080c837a790D07F198,0x6469AF1965871F2853e0e45faeF7A8a93A08ab84,QmZuSSsRYK81PrU6SjhURNRq88cHmMVUpRy3rngjbd1rpS,1
1083,0x4c8Ae1799E128Beb66C8eB2341D4bcF9B925Fe58,0x14eaDb7A1FBc99F1D16c10e4295Fe28ef795FA8D,QmWZaacTXyv4nviT1XZXZCpGawYErMJEQnhmNhuNX86eGs,1
1084,0xa0FdfAb4D664A1820954eEC97478A9b5E69B5E93,0x76FaA068b5Ea6f651c4a75c61AB06fAa3460DBaD,QmRpXYCrv2we2neWqvbnAW7JUBTEGjMhkPMTnwC81nPdwQ,1
1085,0x60981C81fBc5732D3886348eC8b90F949713392E,0x8dC3A3bf85BcdFC96eaC5F213c7ceE148Dcc681c,QmXHxQJEkDW8eZr4GDThtCZjV3CuMbhNt5WZLKLFFdakWU,1
1086,0x3F99D067f2ed7e5A8C71B29120bDCaeAD194ABa2,0x0e1A259E93aEB0c3b789fBE1bc363d6E01f83e4B,QmWuLt2KtjHS7twvRMTEsmrn9Pm9iKJm1JnXVoCBQbA5tE,4
1089,0xe2077b01d5bDab137706b27467650DDaD46DfE1a,0x658181f71dB0422c4b84116E84cF7716105edED4,QmX12TN4HNS8vn2dUNC6BAVs5P4BnnU3yffV9kteqYbCup,1
1090,0x3993f157368106E652635986cAF4193f141f21E2,0xC79842774c0FAb68E8A7eA6333737412efbb7D82,QmSUxDMy5iWD5STkF4SnHFgfM3wCpKGSyx7jnPQrzTWYT6,1
1091,0xB8e558edb6502234760623F36963CCDD842fAdf9,0x7D42cC509Ba695676174DcF40CB4ff1a4F249DaB,QmZB4dRXifxV5FJpBBrRUzw8jazizoddQLzWDCGqS4CiBo,1
1092,0xe8759CB48263bf15DF70Af3015B273F046022d58,0xeCA8c24ba66Ca5350Cb0D7242362D1d15F5Ca493,QmR1MQYgsNrybtCnXgiGeXXCQouQ7K3pvoroENgzNdZrbY,1
1093,0x5c60621F1ec0653242d236381dE21dE269Df8A7f,0x12d12ea94e6B5dB0086189321AF160c914dCc33C,QmVBW8Uz5LPWex3BwaLvd9qK19U5bdLiVCsEjnV5kUNw43,1
1094,0xbB2e599aBf205F8279f396a4B32176Daa5dA8747,0x0e3B6EDa1BD797aE90b2Dc8D7115b04946FBcEAa,QmQvvLWCYX7RHXugfhgwB4gTAAtzGCPKutWzwfEdkEG2hu,1
1096,0xEc2371fF356f560f6DaF4f70f608698Dc809Cc0d,0x7A60D508BC9c58e7f3341C26877Fd63728dE0D36,Qma9KTCoXsnyAq5dNbdNGB7QG8iP5phVSHFm5ScV2oBMyF,0
1097,0x05Cea6e06C3c41C1a69370e9A7248796ef9b33CB,0xf7dd33F4AB790059B9CE53F00f8F14F39E10657b,QmdHNTJoFnyYyBFzX5KGdq3PhGrLScz16wZYS1wW2RBFG6,2
1098,0x9295D6b911619906FEF20AbBF69892d9D41bdE40,0x921d9Afc64088d95612AdAefa6A7BBD4E69b8Ebb,QmdUjEZFU2gHhk1zjNSBPJ8oMgm1AhAfXi3SaTNTFfgtxN,1
1099,0x91F757C793e1274906A1eA347BaB9143cdB34c0F,0x833C1A457be2f59Ae7Efc660307Cad5398e218aA,QmQCmhQVhVYzrh5VLUB6cxYxhSb6YQSyAFmXTn3gun1vRP,1
1100,0xE4C5A888950baF14A7b915B26067e27c9a06C3Fd,0xB4B8023326F5a186a75c17EbC9f256A4cBa60F97,QmemL9h7wEKRZSJbA4mLpHtxjw4QFYVh1E7vN9K46o9AFH,1
1101,0x47ddD1141ae86294e26516DdD76BD5B2596Da3A9,0xE62127Ae73efbd8a8BFb3E9B50D424D0DFC4cD9F,QmZ6HXQeSHqwtR5fm7QcGE6sZjv8B7kfvqRpC2K3A52nEB,1
1102,0xf56575F5104771aa63A29e908520b69F5C5B4232,0x6393776f946669e367209AD9c4BeE0A924C73d4C,QmRaCfNpYeEXdp5h9SPio9SYvsjeUkeUNuMLdwXkV6zoiS,2
1103,0xa67dD15fE04D2998616106a0D04e31fA7C54f090,0x539d30221227A8c6aeB30F1BBCf5B123444D9255,QmTmUB8hy8fFSER9ZgQbqrvFcqrszhRN5EwUfsB7C44KEw,1
1104,0x829E94A8150E115dc118b10D7BEf206e631Fe8e9,0x2B2332978D79AC1d89914Fe7C1cc48970A71a825,QmXVuYqpYCT5JSseV5iP6UgmLCupUedjWTNEz63S9cRhif,1
1105,0x96191c335Ac357784A2bb1aF4a093ADf49D6D377,0xa95587aebC2713DCc3B992363280DE9979Add61A,QmWLKNJhGviWzVn9ok1xsZQJf3vWzBtooELFoDBVY2XCnF,2
1106,0x234e5F43F0338D502Dfd7ad2465db24E7961Cb24,0x4dc23375f99F8002C91C69A57133027Fc11F9ba4,QmegshVjMBYStpPunsgww72qmsEz1jyTJPbtSePrqVXk4b,1
1107,0xEA2fD3b7BDB3eDB71795bF3fC027E463ce9d66B9,0x4b30F3b8eddc839A388776467e97A841AfB99307,QmaC6RGLT98t2QFmPrmyW35agUBmXMc3RroSsY9vpYFSJD,1
1108,0x1EA37208A2cB86B59c9B30f1552D6146CA863440,0x474a95Ca9Ab6BD621F4fCD21dd52FFD81a66BE49,QmfMuRf31eJnK8yXU8Sx6j1mBM1AdWAxJs1WLYTfjsNQfm,1
1109,0x18eC55D0201C3dD21B1066d7A234B23C2F7ff5a7,0x90177807DF703CA389e4cBF91CB2F2C15dCe2938,QmNWe7oN2LfYvuGdTcgtm1EbFLiaGj5crRTPnF986k9rh9,1
1110,0x574A97af79632F0F451156488807F8262d65e540,0xC5B299d0927839406443e12F3C44bFe08b47bE50,QmWhten6B1QYz3TPSPEJqRBUqzEPyJaJCAVjzGAuCJcQ3d,1
1111,0x9CD205922C2f66Eb9b43e456E0faC4A852E24F11,0xc6D6510000166c4e4043a68249952A7FD9650e19,Qmekcy5uzwefNC6nfQaUvek9s7nK9GDnHBus4izwSHDonv,1
1112,0x9f6c0bEF4600cB60b54835C57877d36D33E71dfC,0x6e2D1c07179a792928BC120835AEa30dD8901DdC,QmQJaEEFdgVotv1wpisfBwoDgZ3Svm7LztUpam8xGC11pY,1
1114,0x956C41254495C23e3037Fa937fD8fa8031E5a736,0xA2788D151894fa15a677A55618c378407477f41a,QmfZSi6SXHQ1W6vNxmAS1ijVRH1nZt7cjy95zcLnqiktj4,1
1115,0x551fB850D18E4739163758db0774185fA9204Fe8,0xD34d8b18B9588B7bd1E3771e5f9568cC8BE6c8db,QmR3685RtpDVHdbzXoCHmEb1bkUgwMFnV29PRvK15Fm3mB,1
1116,0x19665348f4F9F46e818140BcAfb86da4DBa524CA,0xD51184C9b9A9918434d4EB0395d2d34927e4EF70,QmYBBCXtC2wAhs4AGEEbF4udMQvzmxoKgCbMaqhDvC1XmX,1
1117,0xE4ffA987Ecce2d8d6D47617d4ee6ac90e0628e70,0x285860E1f828Bc2f34979B31Cc2a1A1a5E565D66,QmXngxKAXXQNiZ2yCtr7cErSzWWBdtUt26UTrSBPo4MMAC,1
1118,0x4c16ceBA26B655A73Db2f8211895fF75306067e1,0x1c478fcd36cA84Ad29f97F43f53C2aa36B1ca737,QmZQfeGJFXg2JnXVDhdojTo3TPxx6ue6LmGSqfv7vaD135,1
1119,0xE15c744C98009dA014eE1ECE8240e43fC420a5a1,0xfFaf5ecb799bbDCCbA87533A32812Dd6832aB1c9,QmQSKFyGahGt3L3kkujV8FPHod1AjSsNtgSMF45ZsPgNVv,1
1120,0x0953bAffe765FB85045ee045820827ED1b480dC7,0x24dd626460365A0491b1cF3242A4459B5631491d,QmVvDnD35ix72ng4d4H17ShcAQUtmdUMMXhJNysBG2w3XE,1
1121,0x20cEaf2f91a3eF22190D563173f814b96C8E4702,0x05A92093c3562aDE567E5f6496D5Eb0f8023f93D,QmRhkv89bFCouvZxKKgTioU3MMdDAPuPmuyncHaExvSydE,1
1123,0x0C162D6941350Bae87d533C6fe452DaE9e4099Eb,0xB1D9D44e361e8Af028CB202be0159e5AF7Afa375,QmUbrPdKpgBHU3bAiNdZ5WoamHZ43Ppc54ZiLJSxH6yFnN,1
1124,0x7580Bd8ffBd640e093BA11b39F7E0D0Fb6954e8C,0x7BADE28086c8c0549147553891E854965Cc90EC5,QmZNQJXjAnbZLe8i4NawTcMJHDLhDpZCktJsgMwGqrMdEo,1
1125,0xead029dAa92512753b01E4EE0b9Ee727e7D7878F,0xc87D3B013b45deAf38010aa23D9a3C5CF8a9B098,Qmdz1Sxpba9d7KtouVJNtYw3T8uPU15NeAmiLe4Xfuocyi,2
1126,0x6165C3bb820c806009e3C53F0902b08d9ed0dc59,0x1D0a10E57BF6e0717623c5A36F555e4A5e5c021c,QmZnxk4qt649YUR6Vo8YBatMqguBCC7KXarYnSPNfrWnUN,1
1127,0xe9f24f9C3183Dc7c492c6FeDbDDAa3156f51F5D2,0xbE40cceF467b6fca3931C6069B137801CD7ccEd1,QmZiE6VUeUZjXQDsbza4FbQqERM5Je7csUojBHYoQjVKUE,1
1128,0x93b7c62812CE1dCc152104b5fcD355007F048311,0xBD07d0e1Cf208c24Bdb8D7b1169EEBe592d38E2b,QmP9MhWFTjSRykwokF1UtmKxXuNJAyXBpNUejNQXT85nku,0
1130,0xd845a9357bAF88E38531ba34Bd615B72A14540F7,0x4F92881A95FB3bf91b4Cf838bF861d0E967C41EE,QmNnCAYuDpMaWwBh9UT64akdpn4R1bbktgsnhgyUe2VdXX,1
1131,0xD13Ada6FdBd0fC541C622C610aDe1F46F284aFBe,0x706C467938f7f20A0414EBbA2F8063b7C669fe67,QmeLRKjpDdKY4UiE2YSiYfy1E1osZrYoEfRPaGvWQScBj4,1
1132,0xB2Ff5f149DF86805e0858cB80F336c666c6269F3,0x6B2f0E2d64Db078fe0038eC52785C91a95d5EE19,QmPFjcr86jZMaVyczqCLhTNSZGmDawShyBcYcrGaCm8Pib,1
1133,0x4E5f7A717714AEECcD9a4e24433eFEd0144d7cE3,0x5C733a882E25dBA0a95BfCd2D787d8A4b10aD9fF,QmZuJUDXubpwxNnxtMp1m8RD69sAoNSwSrhVUajn1Avjvh,1
1134,0xcaAd1aeE5DbA84882643d1873603d47956241F1A,0xfA4903B815936700CF448B79863772183636c4F3,QmRgogDrYN8VdkkiXX7RKHXU77vNmzdn5HyvcG8eU44yTa,1
1135,0xA239Ed8DcC02b2DD1d05dc8aa44DB4442556fC4c,0x61aD9493903d9dCFcAc981095436D0Ed569eAcF2,QmTHTPbALyWv8Hfat4xcgpobfQASevEFrgJC2yrbeoAc27,1
1137,0x377a42AC09F1777f3972a2864D236240B6918951,0xf879dA856a83F7333F577B6de1AaD9C49A617174,QmWkAXL2H6ZYSwnhQYZQbNNGM2TG11hE74YMhVPNNbZzpn,1
1138,0xfF5015e0275a36Dda03ad422EBe222C77C0Dcf96,0xb27CB9AEDA3Cc03Ffe6D0cbD93976eEbE48F02DB,Qme4q2aKJf2LCZmaCoAoCWbKKeVWXLuaHRmmHAcyk7xxSj,2
1139,0xEF8ef53166d07C95Ea7A68A3F059Cb2e276F691b,0x7e66dc013571B49F347905431F19B12Fb0BC7133,QmZxFfkXBDAHF2PhB3gdqYJ1e1Bz1LbJARhxMA9EVgoudA,3
1140,0xf320844a9e661b58D6220EB19efBEb9432630bCB,0xDE59578634298086BdFB2F3f2eCD7FA83370ff54,QmTW1JncgFvVDbZchaoHDXFdp26B2uRnAh4DyZUF1K8XAW,1
1141,0x9791AD0431ffA5e825116D3bfC472c97f820C626,0x37D4d564D918008697C30CCDBB00ba2A97eB741a,QmU9RgGWv8h9nT4vE8DQUd5fCzCAEWERqP6CAQJPD6Eq68,1
1142,0x5Fe17a8B79E8f5ef0363b1E9349f8F83d59a88e1,0xa8631d18B9f40F0852AdDd84a6D83A558007aD9c,QmawiUUhLYvfWG1g82cE5o6DF2CpZLvPRHgMTfWqtK3iEU,1
1143,0x250a726034f9a2a2fb86DbDf9628DA3f3291a61d,0x207d0764f9a4408D5e48b64a1ce9F2A4eAC87A27,Qme6C65FsRCmMRqsZAJ7y7RU26AMKhMz8u1U6r3PwXx3S5,1
1144,0xd7018AaaF8264D81cdBbaFB5eA9203b1A4FC8439,0xd1c5692E4D32929B54ae66Bc7cb808036d6610D9,QmS7tZUotA8f2bMHMpKdnEfoiYd1kbLcGnvxTNkBQQgdJK,1
1145,0x1f024819A801F5c4A9C230BC26FD6607FB0AD152,0xE2999fE044F2EbD576Aa039307D333F6e02a1c2b,QmcJp4A9UChqhJKhEAPFAiNLisqFzesnHsjfCqrhhbkdYr,1
1146,0xe4654037a16C555F6eB5eE099F663d88b4913119,0x6F27916B2d27f538413fbA9113594899Ddf44DB4,QmWPQi1EgrjfytYPcRTX7HAAo8XX7utPTexbB475nUyPyy,1
1147,0xD2CC50aA70644639f76b946D86460C9f6111812d,0x4eC737D7eF9739bF9Bd0d0722f13bd2f09D6A950,QmcPjXch479fL7ZivmZ4zjVprzq89rxC3v3T4L7sGUxDHd,1
1148,0xd72fC233f7C25Eae3b24CdefE854448535A17706,0x2fFdEbA526eBdD5299Ff38D126AC94e444ef2685,QmZxBAi6h9dkoNMEVQBT83LSrnwMoc9FnpuaTWQ4bAtE9v,1
1149,0xAB6Baa0ddFE2Cb1Cc7628ba73FAfF7b1cb235D8c,0x4144c885cA03fAeA12EbC89584261eB9C0BfE29b,QmQjUWxCp6V5s87nYibwZcwBabGSVafwvTMEvDDDFA6E4J,1
1151,0xf0Ae962e0947dB2585DbbbC997b717e8C7BC229C,0xA2998F81EB1f3828E6aF616F699B2816CB3DB69a,QmTt8rqmNvVMvXRipvSRsawJNJUaj9gW3hHFvM79g8TToD,1
1152,0xeeE19D2C005C723DFd01cec5DBF3285b846E2fb0,0xF9F1650ad2C9b4a96e8Bac5EEf25D1b0dBe2b691,QmTiuxJrWdHNWRVhVYMrVXNoPAihjGLj8XEqpt2cxVbzEt,2
1153,0x126F06aAD191164756991FC5E6e479fc237479eD,0x310eeFE011b2884cdC63867cFBcAD4000C567BF2,QmU3AkkCE8ZwY2FBcr8DEsHEsCBaNT2YabAAd67vGh5apq,1
1154,0x36461b2F6acE4Bfe4b719e0F72a41a73212Ab3E3,0x34968cD2359E88201bA2F9Bbc7AE2D2a93b1f24f,QmarjCQvyLDzqYmWvWSerqGYGjiwmmarHqGZN9ZCt5mfoh,1
1156,0x79b06Bcb78cF6c00F7e892938de3d797E251d996,0xcdcd260d759988a81eE6CaD5E1FCf0F48E0910F9,QmRVxbuWVnoFyVwk9ssoWizopDe6wcnrv52DmHA8HbiDgE,2
1157,0x0bbE636EC3Be3892DbA3c4b87C8fd1cA48A2228D,0x0B31C070B311B40A0FD5c79a68E7CbFaa42cee2B,QmR3BAbcziCKrDNatBtGH89XwckEpX4QSpJokGCkUbC19R,1
1158,0x1B3f47686dd500e2f5AB8209f0EaB4c43111C9Dd,0xA908cc36B87732cFA468CcC869D45437a4F7C4F4,Qmd1U5jfyPpVixtZR1hS5C3Ezpx3jvD9dD3DrQp3CmTDwo,1
1159,0xb5FF8a16a3184de71F7156e3f472989B3E1eD7D2,0xCfDA1C7946CA879ae2189a89F1A3b52914840d1c,QmQ1JEyzr7dsyNKRiDLJZpToNBD5SRYhLd3QoxBghLgPao,1
1160,0xD5dF28B0d686f06473627ab61259154A838967e7,0x4F80fEb704498052fd6743EFF287Cf238622672B,QmRqG1LpDreUZPC1EVxSHqCAsDJrUvmd6znP4UB1y8ZvQd,2
1161,0x78E047C30B5173DCE57AB17479d73b410e309bDb,0x074Fc469d25EbCe013DbB3BE57396a33a8fA754c,QmfNBWSmYVPgmCXnvin53Tmqjx4F1RyAKD8ot7Uw2Ur5mq,1
1165,0xeCD5Cc5E37FA102EAdA2761cCaEe3333BE95A084,0x20cdd1aEbbE11366096b598CbF83CB458C688488,QmdFW9HhTqaQmCDeHRzG7HoKSFcGtBSBaV1Qn8NGBfNbMV,1
1166,0x753d828a425C92a02619A021591b4B3Cc1b05832,0xd6a9228C5bc7773f0FA1EB0e097b293d00233654,QmYaMT2mPguGQUCfr1vEN34HZdMXwEUgTh8pqAnDaki7ZQ,2
1168,0xBa3ecd9F830340a1bd8dF565189186Ffdb59918D,0xf8839c9FbB071D4bC07f5aAC415b6e01F5205fb2,QmczdsinT9XCTQpbMX7tZ8tJLw2VPfaP6M65DgGXEz5NR4,2
1169,0xf77025ABa656Df9F9D962C843b605475f57BA516,0xa37B188Ac91DdF8557cD01020F0c2068232deb81,QmasFb3mYAixNwwbaSfCkwgWx8Xy2fJaWrxR52MGeCQB49,2
1170,0xdC919406a075f7f7e10A0914736694061F8C8c5b,0xF39816F2785814ee08a8F97Ba6A1c6649892BB0F,QmXwN3maVQP34xiqsW8u6fubpKGrhBEnB6Q5gdKsVjuNbN,2
1173,0xC38B6B6B9270E6807F77ea54A8B5d538cBbdEC63,0x18e78aCC521939E26b7D1592a9F535eFd711B789,QmcgTiAHBSWdwiURiA4g5KVaAkNeT2raEEWWA5QVyP5wWa,2
1174,0xA22E03A8b5ABaf8775850b0417E804b62cA4b933,0x7AE7f924B1DD9BEa6100F950A26e78F462FbcE85,QmWm6smqN4xb2QLkoGYuarKhmz5sUrsdvQNA8ii1KJ9xcH,2
1177,0x4EB3E48444a63691ff71d974970a9Fffb97d2865,0xB68Dabf88e221fb4469928bA1ea6Dd312a342Aaa,QmVXo6y7y9uK9pEd7JNBnisaKHe5SgAdAH72Q2aQj6LJok,3
1178,0x460F0687f47a28Df5790345199242BFFcAa11602,0x1B5a6186c4BC11b8CF0DF4775f7e209513c572F0,QmdZu6vAwn15wkyLQHbXnMSLT5VQB9ZJECs45tED78t8gd,1
1179,0x65E88c063B0eB21fbFceCA1D6D29BC1347f3686b,0x8413dEBf772F1EdF8dEE10AbE71E2c54Cb6462eD,QmVHtT2JYxgQPnQVa2dE3BTkZ3LJHYf2K6dD5Law3UFE7J,1
1180,0x211A902173D197F280497e2981FC4C7C3D99cda0,0x8Efc95465eCa95B21FD5E6f970f876667555cB3A,QmYYFaCQRX7CZhXZ37V8R9EgGW2sJZs7hbWESaJBfXzPy7,0
1181,0x5cFe1748CdDD9957BEb4538770eB91ca8a6DAb95,0x0671aEC56bc2E358448162677Bd110D673cD2937,QmcpGcVkKRJPaFraRKoP6RXxzDrbrTBToujcVoqPqZXGAj,1
1183,0x494Be7f49b9aFB4220Da8Ea3d1A7E099EFA3D92c,0x52E5cAB0eDe7303C3DE191eD04E2D22766Df31d0,QmUwKfkEm1R6rautEw87E3CTAiZWAynM1T6t5pT7pR5aZU,1
1184,0xF7bAe2fabb593081e268d9B78c58a1ed8bc83934,0x9Ff65Acc2d2C17f8DC5be1381dBb5546Df613631,QmQE2f1hnsGUGYnrZ7mx1sPJzktvGjAmFpSnDHdi21F3jn,2
1185,0xa171c8DD134249f42c9CbFe1bAC0058436058D61,0xa9e6a69c86c991ae39cf4d45afd5d77a111d89b3,QmXMk6iKYwA2CDrHnD9nGZeJTqcWLKDCfasLQYgVpcAo7H,2
1186,0x7dCF5BA5422c93bCe0b9291e1175aBfacc45701f,0xD24107F89B246cDf0489483C16aB25094a233521,QmduPhEWpFuYVmUNei1eoKJhFRXuYFKs6D69Vv47ARMze4,1
1187,0xBe332205f53060E687A341e9FCF48Cae83DA4bd6,0x811F631b883E5E2b32577a75D36Cd976B9d19556,QmYzYyLr3GH5xhvkdNyqvaVP9qTcfUMd8jhB4QMCHQ6y73,1
1188,0x4aeB4fB77F110bB0e31c240ED7df8EEB4D1D401b,0x1146711a144045d3da4bc3fE82dfd7926074e838,QmRV5SZxz4PMBPJ4stdeQRfUX9zAdpFC5nJs9RmuLuSHaa,1
1190,0x8AbbD962a01926aC1901a167BcD8a76126f95584,0xBA28b4bdabedef7a9154b16387E7C456cF8184a3,QmT9qjZroZhNnkD99BrPmDrgdthm7oyBX6wqv1iJf3FkAy,1
1192,0xb7F1713D59BaBeE57bCf1D1CB86a79D68c0cB4FA,0x5ef664D835792823c41b69c74A880F580702A446,QmesMhbVBbfMjp66rZyCimsXJ9dyTwQymmVrbY7xjLkWd3,1
1193,0x5e3fb06db0EfF7Db10BC7E3Dc0c56D7B2D249233,0x14A6e7c49A89e6e90449B8e59AD97dd8e0Ce8881,QmWF1Ro78NoMx4RmzcDRHwKKHcrNF4cPPozjvmn43LJBGh,2
1194,0x5f1B34Cfe32CBf0c693f3bFfFA25e81cD9eBE273,0x90B7D3C9A566237C72b3C304c0810E74CCD238cA,QmVT363jMRYtP4mzbeugvai3nWrfmWKg7BbrYbD6FrWNvS,1
1195,0xfDEa9B64f43cAC0b5ddA6156e409eB0aC4b426Ac,0xD996DdB8b48e3728206fBF0bfc91b4378d6C0C51,QmcHfSREqyte79JLAcjVfbN3wxK6T6WGKKig5auvNhsA2t,2
1196,0x8bD9edf3A144B9b710be8dc396F2cD4E42331076,0xbCD5981849214C1b7A69ed083182792687EA0B42,QmbDuNWGnRn2i9VL3Abiw7C4MQic6etxaPfn8QEPMFAGpn,1
1197,0x9e1c96470D36905BCaABa659f1DaeE63DA42c45E,0x37E88fd44E5695Fe38D0EbC3FDb9e8A97c82923A,QmascNAxWCvkXgsNnLTJigT87epM4zifXgwH5Ei8g8gB3V,1
1198,0x306bc3F3B6E9ee242d29e387f0506263A4200E7d,0x615c0EFFe79Bd28Fd95E823aa23f9C277ff8977D,QmQUYkif5jXVe4h6f69p2zNSjeMoYBXfDRTkbDKmYvi9oc,2
1200,0xeF8905B5e7D9d26Fa2339bC62fcca3C2779e0B17,0x690661617843593d91562d6DcE9E9316Ad3D10ab,Qme5cnYV14nTMmeEaBLr5Wn9wCQAZgQUuC7ugTYsNAr1Z4,2
1201,0x993dC63D5e41FFA11bc8AE10EB4B9d0900b9C1EF,0x5816D1C63729a2f2d546D5a7f4a2508D989fe6b8,"""QmVG6LuwB4hTgbxMmVzThiYQNnqJ3mvhZnQWXqYAcjiXVa",1
1202,0x18c2829019861eD0d8df70012D0EbE00C074C39a,0x3F1A54684bbF27e4b7Ac4474f022b782a3A79686,QmeuRd8KaXh1pMYWDfA2sMPyfUerLj8MXtHTTWWzVni1xv,1
1203,0x5A11cf42DA251682081E15124bD6424De3F50aF9,0x08B746D26F050E18247B32C72CC4e50dE8A22402,QmXEqqu6C5AYPRVVZFAxZzXrMuQhBqVR1b8JU15haTZQpU,1
1204,0xCDa69c7eb08E588BDa92F3903F266075E02487b4,0x0EF236dF4Fbdd744acf7edb31d0B1a5794B58AB5,QmXQ6e6vQNmdLfEdAtD7vw3kzWL7B9ckovmcXbXu89dF48,1
1205,0xf7018D007B18d3DAFCb6c564C1cdBa1dCC2f2C21,0x4c8a825eeC24d49CDABc86a5372726DC85f33AdE,QmSk5wUzY6diz2bQKx7c3xcseEdUotFtM9PjyjxFVPdCyv,1
1206,0xE09e85B2c59bb8B93901c1627A39A60F6eECB498,0x0C824Dd3516483B011FEA03eE376592b6340402b,QmdJF4mRfVme2NZemhjjGyAjSn9owgSboyQM4McfoihTru,1
1207,0xd1426b9BA936dAF7dcefd8716aA0d0c8B16Fdf2f,0x29F5680F38e32B2F6C30054AdB943cE0A820c416,QmQZytShVGsvi77A55uB7FsQZs77gjLNXEk5AGVkUDUagD,2
1209,0x506091492Df857D3f0290A3a8A5381b582985bf1,0x3f6c7FDe65CD44627Bb2452440af6843082CE9A9,QmPuzHdrGSFCYqY6c5MULM3kwHWPEJti6hDKUDX6i3PRX3,2
1210,0xb3D1212FCA2143e016471f0290aeE18e0D123a2E,0x651dD552c5670cBaA4ACAAccC3D2361edbb53Ef5,QmeBYCNWCHQVMiwSuEKznA3Rw7G6M6r7gS5HBwiioQMKEJ,1
1211,0x82a7b280C3eB24E24D614b20B3e09e4d5FbD3E81,0xC5D12ea19866d7FE0db4dBE613b6c2C915d4F618,QmRynDTV5GAW87aM6SqyscWZKX9qES51LgYvt8hnN1DK4m,2
1212,0x0aE23b5B7482Df8cC0787824dd892f6F31930cB7,0x9a9a7b53856f679DC7823409127623daa0B7a973,QmPxqiBTefbLvR7MYLTRWG5zGwCK84SjbJP9i6rDy3aRc1,1
1213,0xF36b751B55A50b010818A642e907d3d47BB6a93C,0xA10c62f91299525046232197dc2EC016f1E9AaF2,QmYPic9DkFwhwRNstXEezx9gcznDvFrafrYDwPf9KM8aWr,2
1214,0xE219f54EC24F00BBC4009c1F8D91f5AB5D5f1837,0xeEccBdA1D96b4746752AFeC17431382B8c2819b5,QmYqXzUEfz4z4CYkRx1KrX7iYg8CSus4iDnJ5GcCc6KGC9,1
1215,0x93bc1814945aAf222E3333000335bE483A447aDa,0xAb0fd3F3D44d384a7E4F3B0D764BAEB8Df44C708,QmVpCEtD2DEmhozQDkybacjvadMVbLcfPXUbyAmsc1Ecz6,2
1216,0xE56CBe295A3247e4736E23B88a377c52251FD211,0x8c952cc18969129A1C67297332A0B6558eB0bFEc,QmZ9YhZVrMdfkT3AvepqcdCXoQsZVXcH9REPUyKE5jtFUV,3
1217,0xf99E65EEf52C24641ED66aA88AD6a2e261A0630E,0xa10D4Be634c78cCEd9d4D54c6517B5bfFD0915fB,QmYHRgehVCjTCHqKD1chBV1jv7dhDreiWcGmGDS2hQWNBJ,1
1218,0x11Bc19056032962Cc8aC8C50F26345C7192781e2,0x11Bc19056032962Cc8aC8C50F26345C7192781e2,QmaZKYr5V814rHJjrL2bZ1x44HgXphXnqhPnkokoyacnza,1
1220,0x3c22f77D00321eC7693ACB3fcB6B8e7a926551E5,0xF4f7957ec70b17003D97f0fC194D2610ff3A4440,Qmbj6Xuc8qTSfGXbiawHbJUGM4LaazU8qNuk2wsnD2y6Mx,1
1221,0x90EcF0d8E9B302881d0d1DEa7C3c99FF9C93B239,0xC636eC471c8F44C8A5D79C86045AeA9f3C4d5bd9,QmejSJAgzJvqPgfmxgQgmqWhaULcnM17jdQtG97XQyGkUm,2
1223,0x6db307c5cBb8b40689dF7BacE25F34130eE611A2,0xcE88d5F09e863eCFabc417A962FfB4854F393c89,QmTq1MS9izdsiSAvuoDdBN8pWovYRw7oab7ja12ZPzf9ve,2
1225,0x8aA22c6b465502498f2925C0D63862BcbcDf999b,0x714eBCB602A96e12af74A1d6aA4305C32F1ca8dA,QmSHwj1My8k3Dq1bUTZruDV2YXewiNbyTaGZJQLza5HtE1,1
1226,0xD59199b4BcF020BdDEcC05c124e5930a26bFAB32,0x897Ed9F86AF01D46B6eD9075FBfCBb9C1F11C7D1,QmdnDjiVLNw173Q8oGgCt9o9DziXR5PBEjXz27DgiXHL2k,4
1227,0xF14084eC3AC8aa62A8C6e8a99eC7fB2548c8eE31,0x0861dF2e9A325D084409e433C5f7Ce874Def0111,QmVY7PKoffENPJq7pFqSyzWDFcooEHzBnwZxPKACjuNJ3E,2
1229,0xB8ce8cCC5D61e0a1fc4419cdF63966176fe8406b,0x7351ED7ddEB3B4B5b9D309a7801E34eAdA21C130,QmTkWxQ4WdEESfM9SCcA9SmVNQ4tJspHLKm6qr2r2Kktgh,2
1230,0x771e0bD1aF5B5c7eF6fFAcfac1bd8eB09347E69E,0xB663Ef80167C956571029d46C1122C7aD526a8CB,Qma6J72sPXKpu9VcFwSwiEND9FDApsFBe9MYd2uToon7E9,1
1231,0x293a16B67fE8AE8261f8B7b6F2181Cab5751a811,0x7dF618c193BFFd172b2194a0b66F1C726f069d1e,QmRoJZES2vLuRP3zbEihxdVm4tsDxcWdbDsCGxQyBq5RrK,1
1232,0x626aA83e1a35cA37873D38CC53C3ec3A0bFeCA59,0x7A0E830A3d349c205957840E91D644b51d031830,QmUyhv1aovPCrPQmQJPMTTreGPutU7KrtLsF6xjPGsNyaE,1
1233,0x27cD746453B6174eF17544838803034de7193cB3,0xc3C20382153bA2566Cf213713221E40755C249cB,QmRERHAJEVER6RbVuXQzVwqotAw3aaySUN3MZQwvZZy3LX,1
1234,0xE5b669eB2ee9F482F4306941BDB50aBeC16E7d71,0xe8BA56CFF9771678907b2950eD5e99B5b4599A19,QmcELPscfZ1VpP1jPwdrW615hTej71ubBnbUk2j7YqrF1o,1
1235,0xc408625332af779a733E0aa902c9F7Cbf3Ea0b2d,0x3A20aE4F8DE8FC9a119BA08BDAa050009EdB7302,Qmbxb5wD4op32gCAYXvZefMiFhaAuMR4pRhEitucPHXTgZ,1
1237,0x35be624bE35f1703b66880919D6A9A9f54A74aD6,0xfA02FfdbEDaAE966e1aAaD69004f0d9AE8bc4364,QmPXQjqXafWWaUZ19ky415938tnRDvmd14cBXpRC2zdCKF,1
1238,0x827877F3aC78298eeBeE99338549a8F967591A3d,0x304B3D778ADa6D14387dba400d48eC5BB9EB689b,QmPCtb6usU2ngL6bH4vuRdJfM18y3S8UV9q7uAVgCL73eg,2
1240,0xe47a11E2f972A4b34aC761b0C86F2Ba5F9aEc774,0xd91f3BC5f0D257E7895a24810b7f71C43145fC36,QmZGnSDaqu6KbGeq9aW1nVZ1VNqLXnEsZyCNhjV9pWC9CX,1
1241,0xdb19a2dA4c552A9c7d2Ce5bE4a2943Ef5eb426F9,0xCACC10840b02bAB5e9FCb20c897d786514B601F5,QmWbGz5uRNvf3zXZG1Cthhcm49pVG3s1huQPPfavttDvzQ,1
1242,0xc47891f751AbeC5A2e05099db2a95AC081979DDe,0x2b95C5afc5974Fe382d9CCdA5cCf01150c9bb9dd,QmZeefQBVsevDCfGrDWtKGkvsphfQ5ygQW8CirrZZFGqcj,2
1243,0xC4E2979524c88bde973F4644976E92Bd0f0e72d7,0x437b28a6EC8e76556d99fA571006eA5DA594Aa91,QmU6BPUXyePdGjGZP5ECCT8uJdJWEZ3SCpDmx43gnzQgZG,1
1244,0x3D8c7F5b97855A1c3cd4eA776a14fb77C2eE8083,0x217E3c976ac44465649CA01329a9a4027F1350B5,QmZuwdooZDAdfhyvrj5SkQocHAuJYz1v8n57MqnR8tmwpA,1
1245,0x5d07D2744660c077dD76E9AC137087a29E900E58,0x40cdA1C586D11a17A984f4477C5eFcE89c2AB8B3,QmWK4pYswm1JbEtK7QQ6yVPv9kKTau2nwF13Sv9cyAH77K,1
1246,0xc04D1a063914352ED45F3b40FFf08142421a0C24,0x9BF9dd190F2A91C87AF76621a1e1E6b49906B6CA,QmSdZx2Kg2EXHSqMWiitJGpTUtoKKZcg4hjesvkj3akWtq,2
1248,0x03736fb3D3D641270bFF07E02A40cfB92848dFDc,0x25Be3605bA7bffEa76338652DD5F117b97b82639,QmVpEWpefBuq7TWhDGxPgF4y9RD3PEdsT3WcCHHbg2TAdv,1
1249,0x260370D053cE4750795Efb4635DA6cd422Ddf6A9,0x7D54124Cc5871F571c6eaC601a3487c51d327e11,QmWgN8njvkHnhw9yRFY7W4Kg67VWANDH3xYKsgPiEXNqx9,1
1250,0xD9170F0543cC52Ef2CC26232a42DB64fc2258842,0xb20F2C187E606c025E3aBCeF7C12774CC98E3250,QmRMkMKcreYiMBNcFNpPRYZb9mb82HgsK95cQrrDEbhTfM,1
1251,0x4D26B5AA94E5072E4361Fd97119C1be228f536FC,0x44f8faB1A99165Ffb609F361CA9f3C05001a3835,QmTmu4EX5tLwEcXuqooM8BEMHkHyztA22C9y6oVin4Emz1,1
1252,0xCeecEc5D15954Dec019f1ba37cb4454D95808d7c,0x68Ef11FD4CcdE9ec750186CE90e0e5DD81004327,QmWN9GkDpLJoZFTwCJ2aThZ5b5PNDkDfs2ENX45TudDiPN,1
1253,0x7D765E9E5424f2a924F8Ced0bEBe8A1BFe136464,0xE0d1bA9C7470b623063581332d124c31B2cF207b,QmTcoyd9PjicEBzogph5s4FGYT1mmUYDjAoX6TSt68Fivy,1
1254,0x2Ee69d4CaE700D09ad3cA70817a21438cAD4c058,0xBba7d68f66336626D23790896edd94129218F65B,QmangBxRutfVdnP1RZT8k8iRv5NuQdYpMZ1GLXzmVuVHuY,1
1255,0xf67e92f3E17831Dff717dA56DEB90f83A15766C1,0x093FD449b52151cA7ea236D6B0c9426EfCd48164,QmSMjk6KVSXPxAvSHRdhkdbhUDygXsURmTGBr25mriFidt,1
1256,0x7Da8E503D0E1758DebD262F0d95adF968168bEF5,0x7Da8E503D0E1758DebD262F0d95adF968168bEF5,Qmax1KgD1yby29                                                                                                                                                             K3EoVjFZpFDxfnoKFsRQp9HeyqHB8rDd,1
1258,0xA0A04b0D0872Fe0Ae13e8B1ec148cE6bfbf5B9A0,0x88eF8CA9580B7218d17EAA2daFf6338D725B5c54,QmVXG2maDsng2WJ1uvb7xMoeSdfFbx18o8QhsXAHMVj1WS,1
1259,0x221651844fAaBa263124D1e638dB0D0c70a974a9,0xC9AC0fBCEBBF6Ccbd0f16004c645Fa49B160061D,QmZ5Cf2pM8FrhkvTULtuQLqmjW4fGZoJNb8bvjnKUTNW2Z,1
1260,0x7e629ca14eAe2fd80200DB54493EBEcfBc3CeAe6,0x79e3371d3B3941b2B43e653181e52e91789113A3,QmYvwy2zxjqkngAqLaDqmjNpBkt9fZdqCDtKKnu6WicJak,2
1261,0x30153b2295Cc89233b386a4A1910250E49984F18,0x8f5A0a123D6C1d96ABCaCfF3b11dc54eeE0ea2fA,QmSKVyLHtTUAHudVKKpRAUbvWH47mpE3bTKYMxVfCavHv9,1
1262,0x513cb16AD0E6d81f3d54D93d47683dAe471AC781,0x3f3a4B1eC260370F26fF4C24Ce4C73808c6a6751,QmNtamhNGJ3KfJNAzZt5zLRmDXXsHNikys11rZRABbtKhC,1
1263,0x011e9d1a2106f405C4AB699850289b66fe7539CD,0x0bd6Cb52b48f084282174304A434EB44C995667A,QmaT6o1h21SgyKt4YUVAZ7HEtmDrvZ5LGKQCamgwJEDTGB,1
1264,0xee704D1cf1D1b4dcd7267257930995c943fEe852,0xB310e66DC463A595a5CEd4935d4830235E0BD3CF,QmWvLNfp8DxLQrWCtZ4HjHooNfdqrs1anV4gNrETBf1F8R,1
1265,0x0Fc91D7C0ebC91c8c73f409671Af1da56f692568,0xCa82208f0d0B12DfEece333e5d05b80f56604fC4,QmaK9VDLskWKHmTxKDLo48o6b2zcNd2beU7j5dD8mJFH4s,1
1268,0x2da5f8329fd45350F277Bdf3D38fF5e64bE5906D,0x9541A92B2057DaE23020b899Ed7A93c3C6866e52,QmVaM2t2utCKFcqxshpFeSuo2PaTtQzCPqknSs7iGn12Ay,1
1269,0xBe030dd84bb60d6bF6EeF671fc40eCe91BD85D0b,0x8d005CC8c0ff30Ac7e2343351107dE2591E3c59a,Qma3pyhsctL1spz68iWUK9S8oDzXWFeEfFNvdJzb8pxHBj,1
1270,0xBfaF6d5F71E50DceF803D049a2490B4AB91a5AC0,0x5ED17e8eB9f7079BB2599CdAE5156b28FCeE97d7,QmSbVAExdMu6DArgbwfqbDkRzc7X7qnipEF7r56ZD6mZjN,2
1271,0x9a685c266BB032e57738CFB2d3854487058D6371,0xa9BE8Afc2255bFf5cBF3956F8EE33A2186891a50,QmW7E86vTdzEC5KLfPfSh3RqYWYjaE7iD5WZK4ENTuZYEi,2
1272,0x602c240698682e6410B95352B54EEa003F75732A,0x0F3c91dD4F416AB4d555DA56BF83570CDCf796Ac,QmXdAMkAeu24xfKgmiHRCgwTWFncem4AqMiqD96om1iprA,2
1273,0xED8B2aB910F9832a14489c07786D730aa19bF69E,0x78678144dd05A05F4545E9086c9c6107C91ff199,QmXim2qzDeCH1Zs9uVjYkVB5Y4htAhWwj9rzwBTtZNtMj5,1
1274,0xe0482B4B78215F94D9645B2927695C3498836245,0xe0482B4B78215F94D9645B2927695C3498836245,Qmeb8891nCoZYkckUfbbzqo7LhihSA43ebEtH37zxxGYFf,1
1275,0x9DAEB33DAdcCc66D5CEa3d2821781410F9F8C928,0xADDB0F9e13359185C36B2f6EF2c6bbb1AD2307Df,QmWJmc5ViB6WfmqmbFK7cX8b6qV92QHwfoTwhg5D9A1x9A,1
1277,0x3c7F6fdA00D79d470f9E9DA075C021c0b222AAC8,0xF712aB8c4505eB4B36a2Ff9Fa746470be81E6538,Qmcex31heThS4YPisFCZPEwsDxpbesWXYxUeMGkoUFNT5S,2
1278,0x17b97066559014aB4fd187F353D4c8bC08c96313,0xee597ec35EDD33AF936a27dA631C223bae6146BF,QmeeMC8iApxdSVgrZ97X89fzzgXf1Yc2Z5ZomCXpt2GgFz,1
1279,0x85f3a0dDc57F3D734026395aEe0402d61d250A02,0x31e5BcAD42Eb889f8A190cB4292922276959Ed58,QmQeKqUHz6RWpBQXXZZFahX9ee6s8XPjJ9Q1tbawLCq4fT,2
1280,0x898D7848D9C173099560e3280D357969ddf9D239,0x108Cb445333EDf6124570593E4E593CDD899A126,QmWJdLkp5UgCx7xLcXEVpaTYA6ZQWscwg6SC4MW6kzhqQH,1
1281,0xAca94B616F01E329CF0953E0cBdeA5D9F3795e36,0x4605DC0f0bCA92C2091fC9CB7693daaA9A66EA00,QmdwhfELAdDja7stSAWjVmUrqko4er3WbbPpdtqMci1s5M,1
1282,0xFD6f8BE8926D70c7CE2367D943c628cD30c0cE4A,0x1Bd51CCD6Aef9d8b042913fFe4e92a0a9648a526,QmYCWYyn9DwixRL4YevAcvgoWttwiQazE6mXUZ8apAiSfx,1
1283,0x7DaeA64E316C4898E7Dfd5C1BC45274ddadfe67e,0x005d545A2EEe6e57b1F8BaFfC97BFc71787f8F92,QmUdsijSJpu2gT1sxSuLC1TeHcyCRpHC5zduyutiiYdnNE,1
1285,0x3E827D2A78e9E4761e84C1019398A60bA687bB6C,0x3C61d07632B9b01fe3ebEB282812c6ac2e6B6501,QmTJDjDMiiLrDqNc91WwT7ToFqH3EADhWYvnmCdyWoNsyw,1
1286,0x892c5962679830Fda1e6113eE7d9244A31C44Fae,0x5836b63945D38Ac241b700942796F3FAacEAB1e3,Qmdyq6DRpJ3xXKwXPP8ND126mUnUqfFXbGmPBhazUaEY14,1
1287,0x9eA327F5Aa43e90FA506f24f5C814D9218620986,0x825C5396b353d6F510f13De42ADf39Ed29EABAa8,QmURM3rhKzxzFPVy2AWYgLYnmKE52mCmxBT48nA6jUBuhu,1
1288,0x2F0fA7A8Ab5592926d9D7187Db0D3ab238B7Bec5,0x15f82BbaE76E64065b930b1B37dd7cb9471766Db,QmanzFAAxB2DhqjZKLeCpHBw8LadrBtxoEqmkMJ35ixSBj,1
1289,0x81Bdb54a5c161DD8e830C87eb79538701CCA70Ea,0x306f2AdEAa4cCe9FE5F21177C936524c089A67A4,QmZr62rux5A5nyECoUhVcr9k9bSQk5dR48gqG1RaYW8XP2,1
1290,0xEB78c7Fe4CD636D1c3B657cdA372820071cEC40e,0x60c928AC1ADDCDd88315D21c12854475E4212951,QmdwNi8Hq8rwea1z7PboBf3umx5ZmEQvQEA1MfHvMkXcDG,1
1291,0x2F02f32BAedDfF640d0F68d55c5599f198d3c2E1,0x05932D66C43Fbd43e9c17D8E6593A04642Ef5C53,QmaZYNpi53KaP3uGW7MYpWZeRvK4uDESTgq5986zzRWRBa,1
1292,0x7dEc3496d5520333af8977062F0E1E41a8574525,0x15e8De7E2cD4D89F8FDD7a799eA9bb15d2a528e1,QmbxhDzsDDi32Wjb534TVkxB7PjdrSrJ86RqFbzg69H1Ba,1
1294,0x5A1EDCC9e65Cc66336B562802D0b9BA28926719a,0x6b42cde21d4C95dbCf45cfE82C34d43e1b2686e4,QmYbv8FR816sGiNENEZ5y9u6WrpTBr5dyE6yQSFLzdYasr,1
1295,0x99165b0Ca9043B394046ac7E2B8Ac9BDcC5d3521,0x5B8Fe8eCBA07055A21D1Db59270fbc29853E8477,QmTz531oKKGDFJBAGcZRYQyze5i2XKsw8WoWx5xc24FpCy,1
1296,0xF8705a6E7A223D95282B26ca76E201E411376565,0x2B35e7543fA9cEfB8d5979cd4fBda8e699Cc5c14,QmTKQTeUEXyefJ8f3XkuM7mbaDUqh95rZEfUdUZ8D5EaKu,1
1297,0xfDfCB83F04937a6Cf6d55a116016FE8C9dcfD247,0x58Dec75199a186534e39182cAD8D8bE1A8994899,QmSiQ6H7A8gx1WYNgLCnVCxfNEPsLWaQnRQBBGS9YJAjhU,1
1298,0xD9C519bb2f73913a862936e9b6E3679F95f08332,0x78Afc368A8A09560EFEF5D6424954B0725B78A74,QmYKGgrAbTsV3dfBw2KoDY4jGfzUyLucY7r3gHTsnbDFTs,1
1299,0xDcA16dDCD8D50786D2ddD171176d4CaB906d81FD,0x5A1d68934c56F5289997fBEA876F879B1840CF94,QmePARh2qFx3BcTSz5UddJ53TowQQihYsCi8jyTafQSH5z,1
1300,0x4d4A492DfddBa3AdF103c68B7b74638738979b7F,0xF8518Bf188b3d0b158F6eF1D795f96c35d477235,QmWqoLgmYC2dSgo4FBzkFhbucjSiGUS3mdCCq5bjGMrWpG,1
1301,0xAB0c41A94dbc6F877E8643FBc94937E761E09D3D,0xA567501aBf12f401C9E613b6323C43cf29B0F92c,QmVwivjcEg13Cfrw79rPpc3bRvW6NxTTdAbutqmpw9yy9k,2
1302,0x940Ca5b1775Dee9F06B0fcc8943184c4CA0d1346,0x6dEA8BE3F839F802975b52fAeD98b9242a63b445,QmVQks8ZhXrvEFpQRBnwu1suw4YTCmTfCDT3TEcgpxS8c4,2
1304,0xE450121dE98eeF3f42AF99134ecb1850a70a781D,0xA7358E266A6E92F57baAbA849C76c2Ab8A4CBbbe,QmRjsarVpN94uug6eKyvDRb5xHcJcsyqAAxAAEsDLMTpj3,1
1309,0x6FEb22b68CB6Df3893944F1989Ccb0AEBf7970A2,0x4Db5dd00731ae3B04E7128d0413DCFe854C8a276,QmZeovGrrefc1CwgrQKYjs8hN1J2FZPWSodZEkU9zsugPr,1
1312,0x83c50B34b6e148E2940b9552c0a1a8d705B8AF40,0x555BD66cb8D0fFb2aF7a16d06750Ef9283c13361,QmbkheRySm4NtruQMwrs7MTfgLcf7TDQVj9vGtZmuymXok,1
1313,0x4E8Dd945eFEa332Be423A1A9492E0b8B7c27B8e2,0x02aed212B3317Ee947Cf8e0f2f0e525D6f979b69,QmWD4RSkTwbaywnHypCcK1h4a1Wfe2zafZgoT9t6TU3hjz,2
1314,0xDee65F7bDC47b71AB525f4D30aFe195bf6cB599F,0x91F714d0E5e1C28d80b4F994F2e3e7E1991ec8c8,QmTLEx2BTzubp9PidkFvC1kTzdKsB8LTZuYMm4wwzXScoD,1
1316,0x2b937C7b039D6975AC549DC158D643547c82A593,0x37035B0571D76C08cd56ca1B0b1e9eAB26401DB1,QmZ9FwpKkrNk8Vr3DebVLa54p8C81FbzbxbyJHyVAyMLJz,2
1317,0x9816a6F0F617e309b76153b5011dFFd03281089e,0xd23939A2995E56723c542A5b3d3051A0A80d4DBe,QmNbHKYqGZk8a4NPsLN1k6CDHK6jHmFdmYAjtq357FAaYL,1
1319,0xE808bFF3838018503D9132441ceadEDb6c96e61C,0x411798e357825F57a842BaE53fBbb2D3976639fe,QmWWpZuYqWAzYRJjs9nNhKhDQmMs7kxvh3p9QW2RF78iee,1
1321,0xc50F8585728DFFCc1505746dc7F49474e06485e1,0xcebb41AD35d998f8A0A1DC116D6a32b32A141eD4,QmZaSbSFck2Tq2VX32FoVfcKSaVtLdepEMJKwgHsAYHYac,1
1322,0x128F1F7040c66191cA046755A88Dd46309e62713,0x01707F015C69a2146704982D99E7F906AaAa7992,QmTUBcsGUWk9tHcavgKMCn4DEQN3HCwAqNanbGVfmHyb2Z,1
1324,0x94082A65133350B88A32B927f414CE64efDDA775,0x602c3ADede091B9954F72a35F2f0F26867585CD6,QmfBxfpaztuK8SWS6bJy5E41epUDq2jEk1F5kaFF4zBDHp,2
1325,0x9e8E940778727a2cF28A319b4f02aA82f1eA733e,0xA4CAe4d3f59a7360B649BB43035C14CEd7760d88,QmcYGQepxcShwb46qW7MWzPH99U9THwRszQAMn8cfYpBdJ,2
1326,0x019F0A82AEE5a5Cfd266dDcBd3F3bB81f2Cd0F74,0x6Ba8b59dCE2D9238020EA94bB7f1eaEBb07EDC1F,QmPPVrjMLyjfVyBXHnuxPbTNEYLKpxUuL9TCZQVsLMLqKB,1
1327,0xe2066Cf4a1C1AEEce69c309aa78f52f169964366,0x6002CA6a5a935171345c9E25c3CD6e277A4D6631,QmamdDSfwUBn7LzyFRgVZJLVMU4zBKEqsz2WVLctvWMosj,1
1329,0x3E775c4804511f95B4e937d0faB0Deea309942cc,0x39dea24a2a495E181edEFc0D6A9aF9Bd8A52e5AC,QmQ2S6b6b8pWitg4U42V6nRhcA2WgUe1QdomP8D8rLepye,1
1331,0xD03F2fa3056b0F0F293Fb8083fB530c09B6aF531,0x650b47e8E1FED68511E8b44f2d52b84d62dD48a9,QmV64CvZZdrWZKh5FQ6PJ5z368nfVpWY7ZrwPnQezZXXQX,1
1333,0xA3eD937cAE36882B61dfeF422E41147e82cac50d,0x9Cd75894548a8969E924F0B3aF6bF8dC27612b71,QmdMYfe1RdB72m25HhGVLWzTNkWhvsgeP5FHn1Fy22B1Nz,3
1334,0x5D5EE482569Dc177b20116d5204aeDf35943191D,0x53FcBdAfd7da701D152c6C7B23437cde759dC93a,QmZhCM7uwxJQbVqNnFMYPxu6ga1gYYEnpZWWWkjyzNTkf3,1
1335,0x431f1dF3e8bF4C5A266F6A105c1269baEE5C7846,0xa8F8cE7F66E2B46000e1Ccd63cF074717468F461,QmdisBxdBTKKUjmYafp5aMdg7wcTNwZ1Hj2Y8YXcVsuify,1
1337,0x5fD8Eb3a2A6c1C4B3B3707bcA8afE596f0A95FCc,0x77884B7aEaCcbf1B8A0C5a33E254391b9B49eA8e,QmPy5pyEdqCs2qqzLYfsGKw3bfD9eAYsTbg1rBffAzczht,1
1338,0x9Ede00936769839924bd75eEacD2EF0c015d8ca8,0x4F9bF328348DB72B9AE067f26420e4a59857d1C5,QmZAA2rPJ3z9yZjxFVXWbDypLYoeU46EkK9JgjH6FtWSiq,0
1339,0x82AD0e3401C738E8aEd39813ccbC6f22AFC1C8d7,0x0D596C0D35a66f7220c35bEC9e9C40f92765EF5c,QmR8B281Tm9XZwWtuinXuFbAdGH4KhPnGKsJBBTX3cZtUC,1
1340,0x542c5CA348ebE0816429422c769F0f30f6b8B742,0x0b3dB7657EFf298c552Fa97e5E7492612B8d8Fee,QmS7BQKToHVxspVBDbqpbYB6KHPUosy9dF2HukCc2yYP3b,1
1341,0x28Ff84c8D317Cb85F22a4A5747a790A2E585E2fd,0xb9440515c94a66B15CcADEA014808A1710209C69,Qmcf5r6R3fui2LKa5LMb4Umv4Ayqc85hKeB6SUHVgBqWBV,1
1342,0x9F9A921D43811B37FD538146A236c62d103bA2B7,0x3A1A2aD3b7D17a3a95c139636f4D7906691740fb,QmYZwqnsDrgGML8EwWgbWwgTit7Q1zy4w7tidQp4XScfRi,1
1343,0xCD832927E69302649BAa3892b9a0f1AC9b8cDbd9,0x0333F6c7b94C154f8c3D8f89cC34523103AAB704,QmZEqstGg53dcsVjHv61XtBPrPh1hxML9GD64UR4tdX8ig,2
1344,0xC7e6aB5f545e17784dEFbb9812a30199CC3883ef,0xb8a9EE50eb8d7F4144F96E00306be960B87b904D,QmNptnMYP2X9HbXjXJiEYW4CrtVH6WNntHPWH6yPUUVTBe,1
1345,0x8888F381961be5335096Cd01F1c35cCD0e1D2b9E,0x0DD5242EC270e4eA0F26B02De212E85017471a4f,QmRf4Bdzi2RJxG9a1CmXWPADSz65QnSk3d6W8qiPbCpnHG,1
1347,0x733B8Ba2E07f2906D1170fE353e7cEe117D02C3f,0x0bE1c566FE9e89f19c5f3d8c97Ea5cA2fd7a6306,QmVoyGogH5mKDDd1E4zqXCHdVPQb9kWtyPivGfuiZaxEcz,1
1348,0x6D3ebDfE8259B31a900F329Ff6B41A8310Cc34f3,0xD2f1294D3899d52e68d4947601c85B161A260713,QmPVa7FQGZk2Ki7YWuvAk1MdGrKhGeBernk4LaSygfeaCx,2
1349,0xA8Cd36D507e096909db4971444F08B09D61Ae7Eb,0xD529848a851533B560eB7d72522205b0dFd7a8A9,QmYqwNRaSGKZkKi1D7SdNVtFSr3VDuAmApBRt5xBaQfU6j,2
1351,0xCE63299090Fa42226062d12d11c28221a0a7d9C2,0x39c4f7Fc1ba0870215fea5E94bEE67b5cEEAaf02,QmVT1CFgofvzNwevidTCwj981ciYd6WUePFwps2MhZVCTK,2
1352,0x7759400A067F5A9067aFA1074d82F215BB63184E,0x12A0aBB0B419A6e04371b07940209A147fA5Cfab,QmQeCptFhGioFb4rfCtqMCzmCEokXB3d8RtThANSmEhcK2,1
1353,0xA0E830b5332c230c2A898a0cE2Aaa2ae5d115aC7,0x06B417dC51d1Ac7556607889Aaa6A15f9B86e1Ba,QmQ1DD9cZkcA8p8j2YRxYzmqKgbByETeZGgw3As4bTMa96,1
1354,0x46E3C7476A34117444885B7e54937C2c032415e0,0x92b39b14AA07C309317Ea0c1D5A76B2808Ef0ae4,QmWLJkfsHupBCvTkhn3JoggtXo5iB1TExy9hgiJAFxNpXY,3
1355,0xb2712A612B86a9EC95C607A9003cebCE0070368A,0x343692bA9E51BA5CB0dFA7310bf81FEaF91b1d18,QmY4g2dTeupXMHAxW8bEaqtnYkj1ajqaZxp7uRJm8ndwjZ,1
1356,0x625D80147a4cf426d93dC7b49105b79E54E7055F,0x49d1dB2060B734bF9C81233CF40Fd513cE1490a9,QmWDmvuUrnP3awH8dUWw84YSPyhg1sXfFsXZmyXL12xdpU,1
1357,0xC246b2B9bE8931c2AC1A56FB73aC9f5eDDD192e7,0x5b6e8686Ea7e0e15b8F378031368CB99F893e70F,QmNoZWX2yxaixtuCgJUKxwa6LAerT8cbvczpKwKq1onK9b,1
1358,0xe9cDC940F6434e554d96eFE99F9EBe1b380643BA,0x6b981B8BC728F4242B85B3f01580B022e029AE7a,QmafX88RaSodjP2Nkjc9z9i8z6fAA1tPXLEu3r58ncZTdB,1
1359,0x0D27408634fb24cF02afabda62d766ae4D4e609D,0x770E5f48c9df3bdfE6810D48eA1bD378dFF174af,QmbUCAkgKYDPeCGjxgazu5zPQjWZPr2n7wXPnpEAw4UnKb,1
1360,0x389c6420F319a7841bd6597666513D341cc3e5bE,0x6713AC30d0b578C50746d12Cc5D7dE52ccDc0Ce5,QmSETZEjEZ419BF45BHt4oZKbBu2ucixcSi3ZYhcUmkUVH,1
1361,0x448C4D9d9B0bC8DBEA8B7FA5dB3d155702cfD3eF,0x1fc34CAf8c66DfaFb61fC7b12Fe7Fc3060fe21AB,QmfUQzoEcfreyVW2pouKnJB16EcH1SBrrAjpBMJiikxo6T,2
1362,0x9009C611057c69A5c2bA879C7787B72d1ce0b487,0x84c179D76a4000d61720d04d5D1dBa1f8707c232,QmZqsZJhs6f1UzhyeHzztBP6WTQXHyQfvjKgytjccSBuSz,1
1363,0x5a9eC032F3E9fD7B13891DA7Ef22022503286647,0x4918894D4a98930D3eC574b4deB429B11f1AEB65,QmciXzKgp4VDESJKNokyqXcykotuiNFeyn7itf8qM6TEb2,2
1364,0x0928E50bC839c76100daf0d7E5dE161ec30546Bb,0xE4C518dC76AAf80BE0A3c13020D1437cFB9FdFBB,QmSzDM4ABoF7whCoqMRW8JjnoVp7gZv75MHSLZuwbWS3ib,2
1365,0x404dea939f27aB1EB02368E147E8405Fd9ea1e14,0xA811a10fde22dce377a60b0a418031CC1f0C7222,QmfDkumUD6rcm6c7xrsCwUjudNdeBcgm7n55aoL7jdhPX6,1
1366,0x1471E9E3Bf9c6745Fca3d647df1Fd3E06E61c40e,0xb1a1662C074db8e65863b5f412FcC65471E0742b,Qmf1NrVzCp4P25bMv21awrTJ9C2Myk5L9n65Dtu6Sh8Bpv,1
1367,0x643b6C2f329F3946d3F2A744c0C5D2155C2A7322,0xb7EBC5670e5F9cf5313d577A587d2bF3fED030e1,QmVikLLSjBmDGVa3bUnk1K2vcDxddG77pr4Q8D2mJrUJvT,1
1368,0x9C64ebc38912116e093464bB1b5b7004C2e14586,0x5AD03d8940Bcfe6aEB09BB2E80a78d759eA7907e,QmVGfuzHa2HTmfT3jYkCQeEqPn16EhghZR4UQeWtandbiV,1
1369,0x80BFBa322f1282b652FC1182dE2Cd1d9E3BEa62f,0x49B686b3782669D1382c94a04EF988a9F905d2E0,QmSQ1xzon7PZ7e9SFaTVaVcgckDp8cBnXyfr8nqNvoq8ZP,1
1370,0x3dbe846597a5bcE48b63365007E9f0A2F69defff,0x79F930B13F8D64dB58717d142cFbbA9747EE0Aa3,QmSjCZeXLbAR6ZXKMjyrdKCK9fEk4ZZ9Xdeca9MDz7HS6j,1
1372,0x1708750cfB0b66BDb9aBC9E813628d148e0C9CaB,0x79728646BDb30EA6B697395B6d3eAFCF74057579,QmZdQombZUPEWTUkmMU62ACm2SkzmEEUNxshtjzgbmqgqo,1
1375,0x9715Ad9feE43A60841bd610B89aaF92fD9DffAa7,0xaf6B08F1C0891F022bA2457678b5EafED1B62404,QmZ8JzMy2k7hdPNnK2MpsmWpayczLQ9m9oE9mHT737wvCm,1
1376,0x43b067cc67b0EF5b7A69D9CbA3A49f00EDCbC240,0xa76f334D41A9e8047CEeF49C570A921A6db75B73,QmYuLG7XD4r9ZzhPEcWSPdj45cHNagiNe2WcF3YwwEdQsa,1
1378,0x16bCc6Eac7063ace1E19B40455BFE165CB262bfD,0x725caD3a27145654CCD2f26C32EE1ecbD462f198,QmQ4JFUjPHbyKu6cXHfNUJX1God5aNS7ayfpwUQQmLo52Z,1
1379,0xb6C41530C6a002a0B74A124F9609C7ce671B2D27,0x8b02221954f11EC2F0685FBaFbE70dbDA587b624,QmfFvbsBowYRA4Rre6DxikQZvuzgUCmin3PXq998SXxdPg,3
1380,0x71C2E3151fAe5cCa9EBA1820a7FE9FD657C17308,0x2e05D8D2e4b8ea5b0A5b19d87A218BA150400A5D,QmX7qouBZMXSgiCg914LYKBPmYBNbds5ZuUNXQv4e5aS8N,1
1382,0x6617b7F5f21Aa8D28D254fc39Ce40a51F6Af0ee9,0xD957a339E94a9D6cc3Ebe208410DFbDE04d83F6C,QmXvNsTQb1Hiiu1urzHs2tyiAt48etdzMqYSbEt9t6nbeu,1
1383,0xF8A951b9A34f10b0aFDcEcb192Bc16634D7704C8,0xc3ea6Aa60786e81cdF705D2E893E4815C3c9831F,QmeZGpe9KNd78qoXTUgCja3ieQPMkDoTJgApDdayY7ZosC,1
1384,0x5A64f07Ca1627a8AfE61915c217Df2F080D294bd,0xBbc1ca5Ae020ef698D5Bf97c580EEE8E951319f1,QmXUzoyjNpANsMAQUH9wL1opdTe5cSVHy7yTdJWDWa4Ki8,1
1385,0x3DD7127BE8899095771626eD1d13ef0cD785Ff1B,0x467057739B5D969a2435cC336b15219152C63EE6,QmWj6qRLkzq8sWMMvpjwPauUZRtkmyNpLvcBGQ3j1g1MyQ,1
1386,0x5C7a18A24A1C062e56a31a8b7ece8d86A09Fdc18,0x80411fE0B947266D12153378bC11A38C2607347a,QmaHbUAoDu6nGhdoUEyUvauLhpETPdqCwr8bU9ASYQiQWM,1
1387,0xE44679795A0799b0b6A7393115e2532A1876aC5f,0x60170caF9634a1Fd68CB3157ABCCc581e3C5B00E,QmbsrfuJ7ZvgHoYXKezv7WrDfpT2aiZpAKKTLYiudskrXg,1
1388,0x16179433D7f74101170924B1928Aa096F9B24fAb,0xD423B323CAeA2b09c5131529ea8A6Fa700490114,QmWKLCys9qsi5xpjUpguCEoUGGWfBPTTRDhuP4n2o3gjGN,1
1389,0x4A7C928a0eD417c9fca489541142C8801434FfBA,0xFd57084561D29EF194C6DB8C2FE4908a11eE3C97,QmStNVznmT8kDDPhRhoYhjgdVTS6L4x5Q1myCBuxQ7bxi7,1
1390,0x362Ea0B50CAD38eD5c9c43ed981be28752da290F,0xF9E06cDA588fb2F2D8a96EFb6B6D49AF13020f93,QmVThBXT6DvVPWatA3crZk1rKqNJtiTEw8KTZ8fHGt94PH,1
1391,0x3ae0D15EAADe00E1198250cA0421dc49F5814430,0x1A5420E77C910B14f0eBF26AEd25c26b908CB21D,QmYTsftzxn5rMQs5T4EZcVH84KYbaPLkgSgGRKRLY11dJa,1
1392,0x36F974892e78E91b3E1Ce5d532B658C9Af0e0F33,0xf785b62107d26cC9973FC1F9355E52Bdf682Ca0c,QmVtrb4MtXctDd9PUU3ntcr2n9w9VaVec83XLxhgnMbdos,1
1393,0xA5f28D3065B68C0C3E38e428ABE69ADbdd72fc24,0x0900c95b9ae08b88D81f8089b08097D223A9b5Df,QmSQQT8CabBvmDPdUsZMTiathJecudhKx3awwp1NC36ktw,1
1394,0x8100De0d774fd70b09c1E09ea11cE86bCEfe09a9,0xc360621DB3191BEDA0058DbC2c96FfD71ea46284,QmaGEHTgsqP5MHPSoNg5J89YcpRZGtpisY2EgoneN8HQS8,1
1395,0xCaC7D79dF7DcC6ffEC7Ef79a5bd5B6314f0A3fF2,0x3E740017E14824fC603E08d69ba586a80359b56f,QmTfyx1hPohfpwgBAEMX5qaa9fwZaY2uvCVWXt68L9jBNo,1
1396,0xFAa1dCA82f61272533090B5d3D3472F64F1CC98E,0xdf1484961205d4e6436c52bFFB1d3b0b6b54DB0c,QmXztPXFVxkN2oXxmk1KBRi8UUgkUfThTjytXGqbd5HkdG,1
1397,0x81a3B0204758A1f9594a9cD147eBcA037DD374d7,0x5FE6029993eAb1A1Cd2cBf6684955588e9344A5a,QmU1mX17oqC3ZNsUDMnLRzvBqj86RKhgyRmKc2hiPWAMG9,1
1399,0xD30417E909675a933F9159c942450Eb62C37ef22,0x1411BdE0514d1182bF8F34f8a31Cc3edc6b0889C,QmTqFcFEbZDxTccwgkugTdBWJRjUyDKcLoev8nwMhHaSXP,2
1401,0xEB41f0DA657302282aE636774e6329C4bbA12048,0xd8DcDD5534a07b69BBfa67d199596ACd1E56055F,Qmcwi57ef6cCUmCMkxqKN5q2ZYqNUMoiYRyzpAmKpiwmEA,1
1402,0x90f272Dc5cC4eCEc1584E649f408DF3F1011774d,0x24e2BA010c4c02A8b9E93CEb013D2983332A301F,QmNNXaQsaFAXLk2fT794hJEt6mPM4o6ZXBKscq4jATg3Yo,1
1403,0x2321c9e0d67Fd97C5739dFB155808f6Bc4B30bfF,0xA6A2AD1320Cec227f24f404fcCC120B71b41757d,QmZ1513fPQJ4PiK7dTDBCjV3MidxZUgXdNTFQPpxsVjHWT,2
1404,0x49dda4D6d3E09105771F6BB2a2A9E23B4De9C219,0x8C7cbc5Cf9D75067e21e0E14667D0d134D944918,QmQH4SdeH6o5pceUNQiJTJWpk4CmjiBAV1H59CraGeAkUJ,1
1405,0x5a48a3e07305312f9Bf20A8b835E8513A866c98f,0xcaAc6067D9a42D58195E5f1247993a5B43a400F4,QmfMNokM4hnT2KnVsQ4jsUj5wx8yd6xW9nmNEnxM3QnwLb,1
1407,0x08170513789629240410E583Cd08c2D0aDba5905,0x101825789a05703Ad4Bab01b83e8562D42923e16,QmX27WzbPzCJtpat87oxJmByxjNcJjurMRBNq6m58rnkDG,1
1408,0xc642Dae9951AcEDc53C1F6b1Ed1938Cf0aBc0498,0x58A0f68F41bee7e844CdE7D19FB3e95Ff877e33c,QmSrrsVA83gdPc5BJhVCN4nYYUX76C8HteUBpmpAoydrca,1
1409,0x8Ed1E603763941078c0407544e80c0d09138335f,0x4e92e9c4B3E0e32d1D389520341f214C8061aa72,QmVnjDmADimP6EtH5vTzZBDdFPguhATgvV13U95ZFoSMcB,1
1410,0xE9C0bF2D8be91814d419b132b1630A129e1850dE,0xeB126e5CFEfD3459E3de587C740138cc58BEC0D7,QmPQSQybse2AF1qq79wCZokG47F19mwxo1atwmfoE3SrSE,1
1411,0x5A3be0b12931133d2F0B151b5FDb1FB1d9Ccf361,0x25b1caE86ed898B2b01cB650e049A457af8943b9,QmYWyVCkwXDJC2x5eRh5ca6ezDZ4YmsE1RoVC1jyiQUJ8L,2
1415,0xD1a045d5e3Fc9a5FC16A26dc383E59436245fe9e,0x109fDcbDcc49A2017459b4D5d39E885d18e96207,QmY6VbiHas9T5jgju9kpa1ipvPxnscgN8JHZTPpacLjiyf,2
1416,0x1CddE2D8dBf3Ae281A625B07f88a61A3BAFEe485,0x36E85f33b6f6F6F0FA4e17b972530248A1c613dB,QmeYaoZwygSs4bUxVvYtFMW3sAaehjhHD7o2LZBW9LHWbt,1
1418,0x36f52f66e8Aa2F5AF56F7cDeeDb0815E3ca1d137,0x4a702395817f2A51ED45b4F3ebE6bfB3BfE41c76,QmTPYZeSxtysf4kXyEDVjXefdrPVwWBXvxyG8KtS48maeU,1
1421,0xb91439Ea0CE982f8DB739eBAC311AD55b75890a5,0x6e4F9394e93a91c622AAC8821A6C2Cf8dc02eC78,QmSpTQzZknAiibr9jTWximyePfUAqdCXuWBrw7EiiDwXxa,1
1422,0x3d17B10352501F614c6B37BF36a9D29F566A1e62,0x578DC56ab5163526B674B4e275388e577D32F285,QmYxjw4NJ8xZXbJ56LJeniZHyNGafsxoK9gp6qW84KYfuB,2
1423,0x533093901Af7eB880aA1C33F25Bb2d1dB21A704C,0x853835e98Ba3F424D635D7A625B059bd4526BE49,QmatsKoymB8a9RreBKZS5CXS35SFaFS8YA2Dbp7FAozPPY,1
1427,0xc79470a85461cf17c22Ddd1fDEA65fa41658Fc34,0x8478fBF80781Be1Bc9F78C005924780BBe5fB9e8,QmQC3BA1Ywqd8q5MSGd3HrzkULkJfNPq7rtuYKUZ5Gy8pr,1
1429,0x7344B0149238AECd80C137c54121119662b632CC,0xef6ee1eCe8664605493e69De51F490c096BeEAA7,QmTv2XkgSxwab4sCrbeeMiBTwaNcsW7S4foDjKnBx3pjQ1,1
1430,0xAdF0f1fdAC8AfEd8fc99620348F168ED7bC4a1cF,0xC828FebfEE7C599EeD963F0b6418897BfeDc4e38,QmT99VA4Ajpgju5yR1b3t36s6Fqk26KudEta3kcqP85mtN,2
1432,0xf55D18bF9ef36a65A3638D7B3042b2C56fD3486f,0x869D7b9Ca8b385DBD76929e4baaEa302cFc45B56,QmVYpouty7GtYZKVLZunERn9G1qNJEFAYkcbsRqsQfabDz,2
1433,0xCb4B8Fef11846cd0F7E01D6CDA1650051F3231fb,0x97bAD317387F33f8ca8a29Da4824387cE5A74B43,QmVo7Aqr2D6eFkRab1CvWyCfR4o1S12X2hthqpmy6QHdb3,2
1437,0x6149F1D2Db47820beB62b0a7C91b73287Db6a35A,0x874AE6E15f274640e49C193D825eD0e163bBbFc5,QmYyQtXPH6U8LFdUb2MPZxHwLgiPSBQL4sd6JEjWn882NH,1
1438,0x0f6D408cC0964953a32Db4cDE11f2ab7a5546ABe,0x21584de00Bf9a041ED0EEEd10A353d86381D85a9,QmaB8cds3xyHHTZtVsBUezs2g5dHYg396G8Cv4y7rQLLHS,2
1442,0xd30b7E65B00A986266ED536032AE9b9D99c7f625,0x33142e616F37B1eEBdC46cCbB3fAD03dD3DD1c84,QmdjMNzxTbSMhDn2Dg17Dw62XgP1G8Pa46ZNij38F9HbaU,2
1445,0xFC7E6C1B33952D331C4f72DF64F1b1e09441B2AE,0x90e2cFc8B132b1B087c8c9a10bc44AC33255691F,Qma3MdQYoeGWnwbHhL5ArexkD8uKCutp42FBg5K3TZjnPS,1
1446,0x47Ca0b4Ba199f64408Fcaf3Cd55Ebc0a11cd1Fc2,0x228118D3EA334f8d34694a4ae929c5BBCfFa625c,QmUYyN2YLJt63yGCSR4WbEQ1yWJ1ygCExhbsP7RF6r2ysQ,1
1447,0x841259C300EC0B4B0a1F21824Aff6267AcBFFd9b,0x7C2461A9f45282deC121FB468cAC00f72337fb14,QmTaXB1krYmfR8cCSEmV92dqZLoK4D3D9VMWe7mCXe53Z3,1
1448,0x1B78a8fFEb273abF93A0BE9848aB28e20304d136,0x7df868c4DaA0320AD3535D1c3Ff9485c51a2Ec02,Qmae8hFgfVYgWGj8TwHjMZmoJ86Q6xvE3aNMzcmttqSxfw,1
1450,0xB6B300bAFf0B682D8daF1Fc386b4954744b3DA83,0x5D020F3A58b4d66831DA90cA34Db4c44d963132f,QmTRuGZrT1iDxZXHnDVkpANM4RpVdAYzwyi7mPuwcMME8a,2
1451,0xC9bE051012f549eC8349A2B68A0139386d6d3a98,0x322B8188ACd4aea04Bb79Ec0cED9d95DfDC01942,QmY47JFxUZx1wP2H129Uvcc2KSRSvjezzHkXuy3L2ENKQ1,1
1452,0x0cc2c7436e47a7E8DEBC16f6ce558EcBF23a9002,0x785e2c0374120f6be08DBC1642D6E996F0eC6097,QmfV6Yi193UE2nDkhUb1uP3Fe5Sktt864Y1RgV9zLD8X8V,1
1454,0x1F9Cd66aF00D71D9F014d9f1D7FABb26Ec916F04,0xABcFe4760393D958449D61CF31e94bacbB2cA412,QmTB5tb8JaqtL9zCqnRhqRMw9eQpmEkWcDrzDfh5WWa4Rg,1
1455,0x13e4128E9d56b4fA9ba4a5E646C36fc3eeA70491,0xC2bF1DE8Ea815eb7B39087b72FdCa3079cAbd877,QmVm7DoBaxVoV7VSkYU9mwGjozJBwLPRGBUoKREYrpHv3Z,1
1456,0xb5Ff797270b4a3e31861a4c762Ee73B2F6Ab7805,0x4e268ef3BB2B0eB025B42b7f1e93B9d42ea2Ebcd,QmcDzN16WknKs9QoDgZPXrUKff41grkVjWb5aA3UptiYjB,1
1458,0x7224A7953C28895476708Ba1f8A4b00de105Fd50,0x3e448909Fc3f9d1044DBEF478482A5d1d064EFE0,QmczN2xhh9jN8Ex3SdsezM3xpxNjsnTi1XpQ7E9DiNGfxL,2
1461,0x42E8a1eB719d6A931CD24d09714eEB0863dd53B5,0x1E006B8C762F0B4136744095DfFdB8941112411A,QmWZGA4XJ5UQCMVYSLZpjHDRrkXSAsMAcxbkMi3TG8uFNm,2
1462,0x9cCDfaB61e75dD8386f83728eDE94e8d8D1793dC,0x560D03F2b20e9047714Fea87Cc113D95a3fc7179,QmawRxT8PiBYkY8H2uNuyDYA14aNuewDvCRsbymCJfhqBz,4
1466,0xE65831721dAA3A98EDfE47Ea2cc0Bc6762Cd3311,0xa15E5586cce9086d7e9ee16e878edfFdBE79B62C,QmfWnxvx671S6d1tnSzdbVyfnaRxfHsGZMPXCJM8iMyUn4,1
1468,0x42029588b714148B03a9Ed7514393D160734FA23,0xA5E57877DB7FE896Fd7aE4DB6130fb74F3B46931,QmXvzJ1Kei4iYhkGpxdoRNJEaLDyV9SjSEdP5KiGsY6Scd,2
1469,0xFc6229D5B4386404CFB5B07900f51A9d08178124,0x623321a72a0394bE496C12Cd0f833a35715924FC,QmUMDq7dBpZcDTwru3NTBawYzVoitRmMjRW7EjGotTcuEe,1
1470,0x2E12e12547288482C4fdb773B77dc90c1bDAd9D6,0x07e2fdcE7f6340d8e07E71ff164aB93CBd13A98f,QmRQQn3uezQDPLw9NkMwT615XazCdZ2HG29LcrH4528N7A,2
1471,0x3dDd3Bbe6b4EdadB2a635507548a389776412c3B,0x43bD619f4Aa25BD2a1CA67B90B3Be6870D6a4D99,QmZNC18BrMQp3yrAEL8h2YCzyUxxvMSZY9uaCgcu8xqvb8,0
1472,0xd2DD86f68465B2Ed348aEf4c25C569B82964fC04,0xFb33F1E0013513704DBCFBd2E73E9d4EE2F92908,QmRUnKctXxea8QcBRwk8viuPY9U8Kh7VxuU9n1HNrB8taf,2
1473,0x2212dD725e430B238ae113bed29AC46412468fa8,0x5279e55F5587814af72c91355D416EbF72dD72B4,QmfCReBAtBGDcmfrgWtqjgiUxZYCxEV86XMLsrv4LEJYnB,1
1474,0x928Ed67a967e2e1aa0F8737ef52EF8055574e5E1,0x3B5b4611085D527F991F0eEBBd3C0Adc5cE1e9EF,QmZBB7jrqHc3pG6QmYGqz49nZoizi5Ddqz1R4V3GQLcet7,1
1475,0xa1e943742455575937b154b86dCA52Bd2cC7aE7c,0x6c3C301bB3AF46c86205844c7Ad9eF8bD6593BaF,QmUx5Eg6ndecmhMbLxUKwF9Ssge68YLtbCpKAZ3GkBaDoT,2
1476,0x654Bb9a7273DF694b688D1b37af5fC90e46f7170,0xFe1DAD74caE5532f1E1469320d5daA9D70377e1A,QmVxSDH8as2MBR5nMZ6tAsthdHZfEZx6ig8LLxnX6CG3CY,2
1478,0xBB6622B33E228ef2C8F81CBff7D61B7eF5B546B9,0xB43Ee087df982bDCAc0E7ea519afec10d14842D8,QmcuzfbYZbKRvmioRA88oAU3zhChb9NicQ3RzdEXPHrJgx,2
1479,0xbDA81eBC38A529206644cBBdB2227c01a5A1F243,0xc3d9Cad1B5233cb4261B27DFCd68BD9af8ff0191,QmdcVeQgpCnLNbWRc5kvXTY7HytVzzF3MswAWs9VQFXR5F,1
1482,0x00339D332B95f7615905F26721D390b618E4C3B5,0xedD55c12Cb80a2437b64b707165FEF08b1176eEe,QmabUH1PCTTeuGGabfbRyuxRbjLgz1GZaErb53gaWjys3a,1
1486,0x862D6F71Cb570D8d08f855E3483f074Cb8be4fE2,0x8343860E53cBC64b4F232b0a336dCF953b2eCcCA,QmPmetTAhdFoMP7vhsqAQP8nkpM3jmFGC2zGGFaBFh84ur,2
1487,0xb971D54d4F58CedE9E0D203fe55d94564F31D127,0x04ede3EE952b9710023FbCBd3Ce1D24e1C2913b4,Qma58TtWnhj8As7FQ3pmrDhm7uVXcNDKfSFgPAXa1r24vQ,1
1488,0x86D372E0cd51Fbd15E873D7af312e0456B399b93,0x3E40DE5C19627d5f354f40a34c6C7C1Eb33Df01c,QmP9ZmenQowbTTyK7Ws4AEQBBnRz3vnixJ5r3DUtFZPeBi,1
1489,0x7ad90a07e599CC1eD7895F3fCF4781133E018F7D,0xA36135Bea0B1daE23009a537eEE991D567804F04,QmfF9URQXkm56Wszfu1PxJM9JhCrAToNSGEjzWC3evkfoK,1
1490,0xA963E4DBF208F60303bC7fB1A2bc3d6F3D6D6C8c,0x7d66f6c12604d7A199d44114d2ca435386A8272d,QmYqTPhALgAbAvoAL6YHEeuBEE8HkDPyp6fNo4xDszFnPp,2
1491,0xe1920708A33D9358CA9a43767dE5a599276a6231,0xfc2aDfB3D1412C946D898a48B9B96654257a1133,QmcXG8L4QekYVihEUD7DMiJFQMLdKbHQmaL2fW3Vu3sUH6,2
1492,0x2864c71c8d6AAb96ec82676582f1651E92E84EC7,0xBc5873598DAa239772F89cD5bBDb13a9DD1EEb88,QmQodFqAxzmeVhESE96ay67tQwYCqfaZWSZ7hFG8FQF9CA,2
1494,0xDf161270B940a79A973d19207bebbFA74089EA5d,0x089d7854d3ADD52873E9217486C6bc0a80698e24,QmPohz3ZWuFNaBuZYEpbndzfkqKDHALSvJ72AkzGvvzyPc,1
1495,0x19dC7679a4509d7C949faB29C8134EBb1d714d5d,0xb43EA1e2B89104bC1D88Cd5Df04897b3330E1972,Qme18bpmFs3Th46gYYMb31Yb76mX6TMrzqE4KVMVFSJPqW,1
1496,0x51DC7e57580D406EE2d9bFD941cCD74Bbda80B9f,0xEa2be9AD8Bc548ba8F216B5e1f0c9dA4234F7588,QmWyoMVc7aMgzw9xtAWYhfe6iM1oH6N2WKBaSxh99H5KgD,1
1498,0x095b08357224F917e6c859E986296E5647c3b19C,0xd810b7A0Ae4A7cE485965eca5c18625E5b8afBf5,QmP5KcSNH9X2u3rex4CEstYax5jzddCXG8523dBVPsmp2L,1
1499,0x8A3c7f6f7E9B654d966dd51AbeC461778BBfFcF2,0xA191fD04eBF22bb9317094557Cad0CF68D0767Cf,QmeG4GA2ikbz1pL1Pb4X4nVjSPstHkUQBSau7nMxegso1A,2
1500,0xBA015083b115Be8Cb07b669Bb5139920FA4af816,0x6d95d0665f07596e1521ee4E38Eb8b0bD4456E2D,QmPpz56SKbUzKMAhRNZzhFsGoFnsifGPh9bfYt8WMUc49N,1
1506,0x0dBF15f786Ea468194BfAd57F920432e460c12a8,0xa6E63F1f1305597171e093195A0e28de882da740,QmNMS3fwj1tUN5a3kL1bb3AjiJqqgY5wCdq3goD4bJxed9,3
1507,0x7827D8Cb42EDe3ef63784C1AC6b98c0A4aDf6F8e,0x1e5CA6478be6eEAf1CFaE01485B46f1C675A306D,Qmf9S8U572y1GXCsyiLUhCuqhi33YwgEjGASsEkPjVvtCv,1
1508,0x3f6fEF4e11F664f5f506010C5DDDcdAcb790686b,0x31AE02c71F1f10d460ecF71E10325Fa4B6792061,QmTmKTg5gErFsBSuodAKQiSZBBhrKdP76knKQM6wjaNMDE,1
1509,0x3F1E1655a94a991213CED9994A9Da7927ABe86ab,0xF7Ff9b8b80Da726792A295bcE3A4b5490c8959bD,QmRqh2nxEx7DGX4vLbmun4oGowZL5WZ9uALZ79HgyNw6XV,1
1510,0x995ff5c17B285AB012D0468b7FbFd9dB88176c29,0x2A0c21E4ddE9411c6fef20e8D34AFAFD4ADDc4Aa,QmNp57ush7qmfwdwgznJ7dcwYtY8KxDrhSXAFpg5zkk1QB,1
1514,0xc0A4AE8DC7F44170055848fa24772A9186950fea,0xdA6b4D57E31F772e2044DC8b9D651D7D2A0275Ed,QmbAacqbiX4ekDqqAQcx1nUUe98bgkdMejMLbZs5E4n4Gv,1
1515,0xda484ec58acf53256099A6E5e4571D89105DFbb6,0xf4998f0c3E8993fF104eA4135901277325882fA9,QmNpd8ibjEu1GrfzeoEM3YySK1tXQ97anHF5t8oeqy2oXA,2
1516,0x3270da7F1c01487589bC7B76730fc35E2eA6Cc2E,0x1C3b1091381eEE617Fec568d8524b2F7f064CfB8,QmZXPGtAb3AZgpvnjfYGDBDJQs6cPmy7eiLRpz9aWZxYJh,1
1517,0xA975774DD6B89f7C7e77b343d10C685Fc7361dC4,0xbb47516fbd74B6149cA7f85531AB51D2D11CB6bc,QmcDZ8vQo8GBaDWcLszTM66qSBvBykGrBGis53ToDry8rb,1
1518,0xe72eCBF307237a7202AbF1118266B126660824f6,0xE7BC34716313b4f18b9584a6Dc0ab959CE2f4388,QmTNsZLcxgeWQn3J7nfr2oHWpxYNcbr9KC1NQ3gMTKRUP7,1
1520,0x6A36FCfD37F71900D6Cab77dC2f13549aA3bFDC2,0x2b794662176CcE58A59c929d80c70d460047D08c,QmPVpzBvhFsL5Sv5YgmkFScwVGt9X98iL2Gdpbz9DDjARW,1
1521,0xbCB9fC076c14556E0AA34f36cdddc227a57e8da8,0x14603d798055859B18948C8517a360954d28A2a3,QmYiYvbp7G96f8S72rbBsX6zQ8ptmbaWWhvcvGBfYdFMb5,1
1522,0xC57218Cfe2163C28fbdC8d0F296BE2A36E65C5F3,0x7a6474146639853b40A6bFd0c0af902CF933F3aE,QmTZL1Ajvt9GWw3eJyhgz6ZoJFksDBGzvvmhkYK9AhsUaL,1
1524,0x02CC8AFDF4Af2035629dCb01840d17FdF47CbDDa,0x5590bBe1c513f9f5C3787eb80ccCb8b13873BfE6,QmYr7wSd96vEMgK2tucKHbvjfK9LGbC8XZqHPAtQMbpfpb,2
1525,0xEDb67ea1029150EF8aaadA0a2E8F3f1e7988B4f9,0xdC8A5cf63d095581854D4A4A7FDd09D8539e2457,QmUjSy6ez7h7fddaCm2uhF24SNN55ZNBHVPETaAaFHWEne,1
1526,0x6454987226b50A745dc6a2Fa990aF300Cc24235f,0x22daA9dCEF3e0e5c6a5e69cE82CaE7451aDA40A0,QmX9f3iKhE9Ygaya1MXSxCAYxipRjaW7e6syX7tyuj1dhT,2
1527,0xC9cC3f935DD10635f015fB572CdFC15D3A3114A1,0xAEb2a714eBAD486958B247D3adD47f8020B7fF54,QmVEoRdnGPWmEoMUoCm5jxp34VxUB7n7WLXXvLTLhPGztn,3
1528,0x041181dF6cAE4eC474d2394D9B2478A382894254,0x61A92DA98595A05232F31e0C7dFa6c712D35907C,QmYmtJSSKvsU8xrVDUoyaDr7N7aBfLrkWjgiHucnBF8zDD,2
1530,0xA26f1F0C78973bBB30aC2eEdf5ad106506f9aE21,0x23D31a5750cb33efFC81a67Df4b34D98d4eC4D68,QmRJpEkRpRJbcPsKnoceYDGBezCKyNG44edSL6hYKUQ5oZ,2
1532,0x5A6e7A94579AcA81D59A75DDDd705E7a1d386346,0x2C8cDdB4Ed5Aa7d28fcfCc75313dE4286e0b5e32,QmQQMcLa2ntkrhQzPCdNaZTAyVRYfDDuAdNirt3tnz2fv7,2
1533,0x7d34822BD8fC30aE703135C0f3420B8d2Ad9a818,0xa4C824dEE616Cd972987D540737237bDe1D8eF6e,QmbZNRg5eB7USz8bA3CjQz9UaW3tUZZ2akBttGGmb428jt,1
1534,0xae0e008c5D3Ef2428C3dEb0a40fbD4051904d262,0x6A5F44D24DCa8417DB339203d9E07D23321F030B,QmZS3Y1VaA6jKDp6ReakC9YG2HAAAPN5Fqu7vKGqWP4CN8,1
1535,0x396DDee7E510bCA46b6765d9e9f86620699A0284,0xa219712cC2Aaa5AA98CcF2A7ba055231F1752323,QmVGuJVZ3i8qRsz6T6EwjKXxedHTrLMrHRxeCT9m5h7tV9,2
1536,0x92ab4D24817dAF8c5f8B9E86cB2ac85ff4eCE193,0x39C645DdcA8cEdabAE63f38b255EdF2c7092Cb1D,QmQ4V5Gq27uus7KEVNpPXtHDFsXVo1CNhMq3Ff3oaAi93Y,1
1537,0x8A4EE9db78848110d76e103A0b767AF82826E5E1,0x5326a64a7981D1034f8f6f245E18EF99485f6152,QmWZavXYp5cdGZ7FDEYBG79yqmACp3WZdWvCkwZc8VpKNn,1
1542,0xF2E15Fa842990c38EB13f6CfE6bc85bCfAa5f58a,0x67841533dA735fe0c0878Ac9b9FeEf6DA941f98f,QmcWkoTLc7kJb3KoSibL7USFivYW5M5uD5hVacFsU3sk7N,1
1543,0xE9834aBbeA03028F7aCd0D098514439797e3455c,0x976E574FEb14f1ecBfEc42b77A4b46BB0ab1341C,QmZxh51DLPG5YfTvpbzozwmUXcSVB5ELov4TBgE4qzHu8N,1
1544,0x354163AE1c1d40716Dc8d25a7997CCaEdEA9a9fb,0x03E1E40b59e9189c5F391B29A7ed0c6b8Af795fb,QmYP1y82ypdaDwN1ucwV4vVjwCDoDXuwrHxUxk4iqWsbxo,1
1545,0x1091a392f561a3645752bc608A0521d9b5B19168,0x99ef4f146D654b9075f540DB62B07e1d6e582802,QmaDfLshqrUZsa6E1TBvq7G3BLmbjmcjCwsg9midHd2Zso,2
1546,0xe8fCDdFF2A6c5a1a2deB9f2aD2B91E22bceFdac4,0x24025A7E3591721390932057f872ba9922379877,QmYETBt68AGwDSByQSaSYGictpHbKvqoqmhG9sHjbzMybv,1
1547,0x7127287ba0088BD54E3806F717E257e810D2BeA4,0xEA36b82373CFE68B57eA68db47183DE3630c8574,QmZeK6W9dWzUkCVQZa791h4ZzN4eD7wy7HKZzLUH2dHXkn,1
1548,0x23a409b9592B08C6906aCA1fa1Cf6b2136a801E6,0xE2a2d9C4Ae144B8c66134522A57a994ab4e7E08B,QmYXXp1KwPWxXjmtYXTrBFAZriAkc6ALpjXwxx8hyzVPD1,2
1549,0x14487B766bAa7C3Bcc392b70593c3711160b0E74,0x229E51f9A1FF83d5e7699f59695e7A808CF2F854, QmUsV3WLGoNsfLoG8Kzt4ARivKAMhHVfb1pT4rrcaLayKv,1
1550,0x840D77230A43674554C6Ec17D1027CdA921C4abe,0x2ebc92768ce834cAfc46187427d5ea47Cb0baf7E,QmNTztYDiGUgGwPkVHJxhihFTVtS1KKiJzK6q46WDnaDmt,3
1551,0xc8C9Bb95d6e20E27Bf3c04E4c4DE099E36CA01CC,0xFe3C6993920Ac33bA28378A9f92e18De52795117,QmXrqiGXRvEZUoJwffoyQyb7k8QHM1CidnkinQzNxiBNYS,2
1552,0x8eA2188069c024620aC6B435d074Cd6c88C6676c,0x9B0B1a1Cdca6F64b6BfBD9ea43D90d5474964f9f,QmZzQ73Dnrvwv7tHppR9geLQHhQqyury8sNzWn2jzQFhKm,1
1553,0x64cA5a1e1001dC056aE1C8c695e437B65901efC1,0x3d3AD639333eA99618f4FABFb791394574Dd17Ef,QmUJzZiYRGcU3AgR1oNoxMZ8kHQaX4cGQSTdUiCuCkgT7L,1
1554,0xf6d426C75109721e1adcDE64370a0B06566d1EF7,0x9eb3861d76074C7538B70e4Dc5DE4409e1292b51,QmWVqNduQgtzocet3YAWWa5x1PCeg8KZM24Teu23CbJyKt,1
1555,0x90980F72f5b6b93B7Bd38dBEaC7d5d5995EE22bd,0x2903d7fD990df31D9688311a2fa12709b556F098,QmWLyzTgRccUSzpC29wvoPLGD9mHZC3SNPuSj21RBt7mNg,1
1556,0x926747f62231310f8E0D050603cA0F9E14e7Db5b,0xdfa2C28076DeD3BF7C80957976a3Bb7b6259496B,QmXvnXT8coTGr2uqEWqGuXuSsd9RwEkf4eJx87JtLMzNsk,1
1557,0x5b518eF2a3C4689845Cb2455be7c0619ABb4433B,0x395FAcAFC2F5e4dbA5C7B1fEd0e3091ce61C06C8,QmTWvSFkbuFuVf89RNLVgMSwGuj9aqPKbMvtB5dfR5zNtS,1
1558,0x95A5F585950C0036a0B2e199Ee552D17A34de330,0xE31189D3d82046cEDA108830C09bFD0d1F417d1B,Qmf5v5FXhQYsRk8QU1W2oW6HZLap9xJVUaXwYYYaNrhXU8,1
1560,0xe75152eeeF5c7E1d58ad0A2c2FCb3d8795031533,0x1c578c29EC4c9267156112dF394312A4E00cF79B,Qmef1RcLpN3jCFq9sb4erHB3xFRNLggJvFxas5mLNHE9mp,4
1561,0x394b18D5e95b378303b1DF22e333809812265bB1,0x3A79caC51e770a84E8Cb5155AAafAA9CaC83F429,QmdWao9yo34eBAfy5vQ67ceeHMB3oMmbToePpxBeptJuB6,1
1563,0xC08F5d774e4a1841d9A40D5d15EB343988A1FDE8,0x07aDA52750a0a4063Bc7f2A1a7B3e78b386c6Cd8,QmRf4Qx9DriWDhckY84Qvu5G45C4q2hzwVV54xzGjgXbvj,1
1564,0xAd365B55A9d1BaDA0FAFcCe2e60493B2f8AcaB47,0xc05aB35967954872a0D081c381fDCf064a5bB292,QmVtaTHakxaSjrj1uhs8LVXC4cHcYGNrRbeA16bfP8kWdq,0
1566,0x3e2c10F7Bb4A1cDAC1AcA1951ca0B1Fa92cb36D0,0x50a5B7AaC9aC7D7aB1C830E083e662Af7C52F654,Qmeyus95DnngKKj1qBAi9wUEgv8nPbNu6Lbbvwm9hsWp49,1
1572,0x1F4069819E5F6af7b8B3b25CB82e4e69a2a11407,0xa4eB1e1D1e3283D0c8a9C7c7dA8A894bA3e3874F,QmUichj6GEB7tyE3ETC4GtUT752iFevcL972f1v9KT2gim,1
1573,0xe15cf2f5057d685e67D00AD1fD48412e94A84A40,0x80a0469C2e7D84e7c6EaE4b817cAa99aeb6F0Dff,QmUzDMokw92tjMeqQtH4wJWwFNtSPqKeALEpgz2o9mizB6,1
1574,0xcde4A9f74aD832d54303B6022bc5B8B83E363af6,0xa34600E6402868A98b3CA259593d33100D9f74dC,QmQ4WeuPipxcPVF8GGH4jJJrfDELpV3Yy82JfeEdP63c67,1
1576,0xE6789221EDDf662650F434556914ED0a2f4458Ea,0xaf7b5581213f1388e7ad66135895032c7AA3773E,QmaX8VrYLB2z4mXjDaY8A5DnR6CyXmshjyYz8pvryXajZZ,0
1577,0x5c6bd9593aF3af1E2d0D2503aC1379704D806735,0x3e0F006584a7BBBe777E1FDE986ee55b85005237,QmXwrgW3xdBhjUJJW5WYjmoUTh2JMX8dDo151AUQEGMRZz,1
1578,0xf220383479f315B154bc04934C626fe66683BF61,0xD4d0F1395eF18fF83d44A7aAfC450f7773892070,QmR5dbCGZfXhVJc85EgmG6ggppBiPbvwtBKLp4s8pgG9iJ,2
1579,0x4F305B17534F534c338e19d8e1A4970620781526,0xA019B8ad2cC4B2dE16E42cce83aeCf8dA5CA617F,QmQ8EPpvu7aZ2oAHL5cZipgCp9Mf1m8dwKfsqvSNHigy1Q,2
1580,0x42cE78352FE84e243B73689E36876177809c83A1,0xa5336271854c8984673a0406C799556DEf953890,QmX6MF2TqTqYzV3FDPKKBvJanKJ8nFHvfPNxJnZYaR9VuL,1
1581,0x5b19Ef7D55c5e17c3b2586f5138e7192E42193AD,0xB7AaC0c4d1632885aDcE6Bb8D3dA05578f5eEb89,QmTEjC1uydidpBHfcV2kwVSko9qm5ocNSz4H5dAuSpLRiL,3
1582,0x39215DB0074Aa66111e54775EB92d0c80bdd640d,0x5e51f3248CE714b7E1d2CC1946461CCB71fA1C4F,QmUCvsTiP8ucG5WT8w4vo1sKmRxmbgUFNyCkjVJWJD98mk,1
1584,0x1eE9Bf8889f31A2Fa77272a3b21B6a0aEBd43697,0x024989a58913a06D19D5eA36f0828a15cB680cAe,QmYGqttcpWdxheJvgTM31a41993dQzDDKe44nTqC86YE79,3
1585,0xA2bE817C294d449B00C466dDe04618b6C68CDF44,0xC37F5dc79705a93a9E005bDB60B0D86a3e6245ed,QmTsS76X1f6YVmjGA7xkfTjjTYYdd4E7L42SMnhtyFaQST,1
1587,0x9358C4D65c90C6000df1B31DB3f3B0F6935102C1,0x08167180946D779412bE05d292b3f84008a0363D,QmaYtxKyAoYatYkPLyHAApnvwtyfnJzW5sghoLY422LUfE,1
1588,0xBfd38424327D9dD3073e69AD13d4D676f6159143,0x410B9EEb33ffBf4EE6d5062eC090898003a7EE35,QmSEdTf31YDm6V3mnmwP7UUhVLhGUzFdY8wy7ndH4GjE96,1
1589,0xF3DFabF4E5e174492a8bdC73EDAc4B7D361fB94E,0xc59617071742A8C56f2Ce8B8d2489AB8D39aa1be,QmXfG7svFzs1DZFo2K4AnEnP8pkWQNnxPf3zXewpH7shZ1,2
1590,0x68dC03D51e3eA7ebf88B99b2447DCE381C61eC1C,0xeb129015e51ee819E2A765B8dae3B76D13fAE3EE,QmdJQtWn2pGjMuGcSmyrpPJMeJRjrnNS75XMbGbALbYD9x,1
1591,0x979f074756fE5288775c2Ca6AB7fa747C898740D,0x514a7e9bebDB461A633E412603d2F8b426BC88aD,QmPEEjuqf9EBz3VwyPCoDS9GjnM5aSEJYUbiiz1Bh8cdAa,2
1592,0x724E9186c4aa95099D0fF823Fc799d299106e8E6,0x9501cf1Fa271623AB506e38A0378Cd25C68Cb391,QmNqE8HmWCtZ9e9YwNM7TqGvzgvQxv7U2e9PXoDATeHpbu,2
1593,0xA9398D37693419E7B7d55a5fCBf5F251743f2888,0xcCdE586339771B3C7086ecC919D8e67471b76787,Qmd34Pdc6zaFkStGBHxaADnd4osGxC2hy1fm7dvzMVM8eb,1
1594,0x3687751164c2325Dd975D93A1deB570bae4aC5e5,0xeb0FF53700225fFf045DFd2A574E28672f1d9E81,QmQmrLYKLuEV5asN6km3utCGwk6R9TU8CUGUwzQSj3VnZ6,1
1595,0x2077D1A1ae3E26a2A384c887e85bF11390D80071,0xE012B2132E6A6819c617E225CA083296992acCc3,QmchJBxjVnqtdaNDqEtbnEwBHoEhvB4R9UXWhQwyZMbnhA,1
1596,0xb8B03deCAc7F9084f24439604506db9f0A26AC30,0x3060ccCD9c0414D5796244311fB3Bc75C03b1A53,QmSpc1uzct7zsxAUHCkZhwQNuzJ4rQjo9dTteyJAskiRP9,3
1597,0xB856d7f3578960c8A9D23ef6000fA3f118de4a8C,0xD3796c121479f1a01A023B1B6E24a33f1476E78d,QmTkNyMAZhBVGGZ3spx9Biizk4oeBKFkbdgFN85G5NtLFK,1
1598,0x6F736bf6E52d809aAEeadC093f8469DCcbF73dB9,0xEf6C57b608Fa240bFBb1C16106dAc1f86C4CDc2f,QmQSPtLW8iNjgN35tqmpLPM5MtU8YsQc79X2KxePuoiGaA,1
1600,0x2d7Bf339ff18Bd9f1eF5F3728B4F1B28C2E48712,0xdE7BDa3eb5adEE97c3EF250CE63bFE917bF679BA,QmdPqcqQa2dq2vFdvYu7H1UvtUUiHo7UqFPWXwtMZfFZ1y,1
1601,0x999D934289594fdF9737A7BFd88d55e5D8724FE3,0x4768acafFB3aCd3D8Ae4798d423088F8366Bd8Ca,QmRgNk6pdW3Y8bKGoxXdJgMMSvfxuyNNvTnKRewX6STsY9,1
1602,0x88429cE4cCBD24bb3A00586854854fAA54A5Fcd6,0x2021AFF1135fbc831E71D84F60603CdfFAAbbb18,QmUGscCctowdetY5h36h63N2N7aWV5ToQdUFuTrwLWSA6V,1
1603,0xF9C63B5070d673D0F54a745E226A9D17642cACd5,0x528935B9889780e8FFe3B3AbFb614d31718D9965,QmdXQ4T5yVXVbtWPQDQUkME7SPQTY3X3o2PmJdJLQweoqQ,2
1604,0xFa5c32c7145B5d3ddeC3b7988215A0118B09B038,0x8B0efE89C2cE4BDa805f91327640BC453e0445dc,QmZssXZGVHqmZPCP1Jz9Vht9L7Qc4qpA13adaUVR1bJP5Y,2
1605,0xb1c5DdADe590aFE90eb75e14D94547801118bAaA,0x54bDD54bd172ACfd80119338fa2F995f7A0858DE,Qmb7a74jTFf7YeQSyfmP487QUk48PZL4pJ5xMxtRmCxaks,1
1606,0xF7aA949BA8a4F09FEc84e63C01280252c8ACb5E6,0x6E811dDa26B4865C1858d8854fa04F055A66C64C,QmbaRAdcuEb6UHV5gMr3jJcd3wJ3QJWiRryBPoXiTYrndn,2
1607,0x4e36F824A53850ed1f0389A6Af58198B9CFA1a1f,0x40aa6b4479891C4bF2e5122ac90bfF31f4E8d324,QmYhpRcYRfAUg81c5fGkrads5gETv5trNVgUEqLdNmr19u,2
1608,0xc54A5895Bc965DF2Ed657Bdd984BD1C53e4b467d,0x39Aa15607686E19Cc1f3c54d54Dc92170A8AAC0C,QmR6qYZgw5VbmCYQYnc8ozuLVsjYBn7Xyj78WAKHVvPjbf,1
1609,0x32002CE242e9Aa13b9AA25E58A6a1e75A25da180,0x310850102E7bacC12d89FAbBd6768eBA9E08CD10,QmQngDwTDzRvup3JBWrvF2yyVT1ZyMbo8fhqbdG97gjBaS,2
1610,0x0d92F61030f0ae9F8b8B048CDa5F268201940516,0x19F94Ac4C01063F4C2C291c5F1E3E40B6866111B,QmYkVi1V1jdakKfH6CBhPw6PuKBnXTrRTBWHLCTocup9iv,1
1611,0xeD9cBDd8EDe236f26fF4b7309926dfb46AFD7F7B,0x5B283f61308A17b3aB4ef17801887718e59700B1,QmWoBf7psK9mjGj7gvvjnKNHqT9XyYd2WbH9DvvVtrQpSN,1
1612,0xc883336f73eA82cCe9CdA13ede261bC7921c98e6,0x894b4142cBFaaED3FcD772d35CDF4a277B1Be946,QmWiRtYJi9XMus18PMVumxApX6a1yeWhikjexztFte6EhU,1
1613,0x67968e9E22345cb918Bc9cbf8d60A926D72EdfD8,0xE4b67D79DDcf987dE50ec506e0a472112865b20f,QmZ4pB5amH2aU1vE67MbCEGDvJVBoJQYYyNkXn6fgM9RYo,1
1614,0x56272A94Cbe1841d848692755474f5C661e8e9e3,0x256eA4C0fB6C8840EA26357b09C98351cc2861f3,QmdnsRjGubNR9FPavFn1uMZoppe4eMPjoLkjJxFXWRWXoy,1
1615,0x0b7726daE2998f207e1bE6a6701FBF2FAD4c6281,0x04631d0E8B1a7EFb9470F81E512eaf0D7Dfb9Eb8,QmS1RJGHfVsBZ3P6Zu2gAK2KF8HPhvBEWbFxnFsi7XfBD3,1
1616,0x2A8D15C63712D31341e613036009Dd8520872039,0x5bAA688DdFFA6B0cFf959A8FA06671cEBa330A20,Qmd5YfYvX8EL2jLdxN7dZUA2zKJ7LoU2oo6ww8aUfLKiWU,3
1617,0x22e4D19e40E5AEF0fe2e0E2eF117478242Dd91cD,0x39Fe29BcB14BEafE1d82f8C3CE33206D06f55963,QmUuYy2RX9EDnfc8nkzxZHaqoS1MW76dA6KRSBSFUhqG7r,1
1618,0xc52660C0Be34f2EBa27f158D4256300F89047872,0xf2d10B80F3E07a7a7bbdcFAFb854C0074694FD18,QmQrUPKH8BEp6cp6BWDaYXKnMAFWQZFojbZ2SWsVuyqavN,1
1619,0x8eD5b8735DAD614e3D093AB0b3F5556B47FB5B40,0x413fEAC7b3De32B29CD4C0B2464a644e4911E869,QmY7HzresvEgHRfJ7Z7K9k37WQmA9L8Fq2FYNVjUFZiuoE,1
1620,0x27534D0a183d6A858e70a0Bb6c902493A9017B7a,0x8aE38AEF41881095c955De0A3f55A110A98667E4,QmQQf3ScQi7qWdMHawbAwrZ3inrEf1joPYbqpjaP1LLG6H,1
1621,0x2A75ff5009fa1B45a4A4F95CB04cDABc95332807,0x05cdb88B63e609c0FD52A6a9D346b5698FF6F711,QmVJTVtPvzfTsXRRwVXDifNFws6ZQCujhpoW9treS88jUA,1
1622,0xAC5c9775360A6bE39e9fD524f8F6D16E09D5963C,0xB5e0C5A26Ed9cD9c1684Fbb1138D5952C53349F8,QmS7nrtiHzC2JPfFnvXU73XaWNL3RwTi6vGvrjJ3xENrGQ,2
1625,0x1C07b7806fA43F780D526D7f79C2348ce2D8B1b8,0x4D061713f112100Fbda4C7d4D8e82000AD90267C,QmWAFuhJzdARwb6SLynGRoW8Aq5DFz6nY5MLSFFXbWNZxM,1
1626,0x3c733D7b8662a951B53569ae6521260338d20d0C,0xd5b43877724D983C1ae384DCFebb57c2cd95805c,QmNjyYkFB6cEeuCtua5eJkBGhbEBCXmhZfu2YPdqiZC8VB,2
1627,0xE96331299c25A49dA9D3fFF7aBdBe6053bCDC3D2,0x5E3613AEb7417Ae80e850D19EC4540C44AeADFe5,QmVeWP1FZzHLS6Mag4C4dHLug2g1DqiD7gUoCvAQQvbBjx,1
1629,0x1982E5E4c4C54417833bf016E6EFf9EA2e945079,0x8579Bbf4db5F2af1Dd5C56374129c7Df0e56e42B,QmUsHSGL1yvuLSNVvdyqKSuJyrQzuKVSuJAZBC1mBdZGsE,1
1630,0x911887e58404fB4F405750068c85Bc219d924703,0xE4b32Bcef3154F9d3D882ee8e1136b4EF28c47bd,QmeJrfQWNHBtg3TZmo9vhRqoo7CWBpFYYXenYvc3JuMJbp,2
1632,0x56d5AacE1B10E52AD19151a8cf741ed16f76EcFc,0xF3De4637151BEF03cAAa190Fed96E290b30Bd0cc,QmZ6xQjvLmVBb21DpMcUCSVzetxfHGpPyS9S5whQHzTnJK,1
1633,0x9f132AB89f871f185b066FC5f5c54a445470eEEF,0xD581e286911Bb17f067A826E25305B798d65b1e2,Qmc6oqYeAUWsrDLMnm3aUXSobbnpSTULqsuuEmgqZb88fS,3
1634,0x9e037504799fDCc4CA99B107E25a0f228F3CA823,0xC96b1B44CBA2513FcB82f1814D3EF29624864f07,QmetNr5DKZmoEv2UhKCXChdZKXVueByYFLMU2prJY7nGT2,2
1635,0xF7198ef119C7fBdFcb5E3D524FAa6E13B11B48C2,0xA767e27491E293c6d6758e091248dd78a11aA513,QmZMiFQUh7qGJkqqwAfoAKwLWjQkUBQ9gUeWjayVLVxYz8,1
1636,0x85840E2722927247d6692Fd37C2E9d5427360d05,0xEB74C6E3c046E16190DfeFB7d3CBA84Db5790CC4,QmWY8KfqZfZZpaMVrfn1HgrzqUovhB9jfxBcLAF93V9CGF,2
1637,0x3296fAdf2661cdF1F6dAF311Dd6A79987CfBC718,0x94625BE060D1E09698C616a5808EfB083C769166,QmcCiADzMTvMioGM2vf9DntpkU1VfhfeCSoZrsQJ1Bs3Qa,2
1638,0xC4be72281923A6a45D4D0765753A7B78e3871a1e,0x1C618597257694e85134d809D3feb09Bc4aEc747,QmPFLqnSTX13mQ6tmmzYa5tuELwtrynCX9cpqqUHkXuW9U,2
1639,0xb6Bda86BA60F48436cFF772f47DfB44Da5B983D7,0xb8a8d16fd883C7624b393c7D2F30ba0e202c8ED1,QmZAmBiCY7m45KtiTSMWVT3wbDJbu338cTtLNhjS8gpBg8,1
1640,0x5D325193ad47786a5Bda5492c987738dDeAbc2F0,0xBf479afb9eB8B74500127E5F32245fE1a66AD6Ed,QmRtR833Kwos9af7TLwWpJx1Sd95W1NSUT1QmYRqJ41uki,3
1641,0x83824a93d64d1E3e9a5AD0E6d974e496b0011790,0x3973F248c7AfF534F21834087D2426b4E1E054c4,QmNdpJwjyyjXtUkaz2J5jd2KGxQSoxkXq3a1KufxZrhaa9,1
1642,0xD34a6f77b969902F6177625dd6Fb880699236ba3,0x099Ea5192Cb4470f94EA5d52535363223599450b,QmSu3q4BXtKvLBgTMPKr9iwjNMEXLLG2Y5Hs7xBfWeKaHb,1
1644,0xe4f5bB2C50a9bE2A86ad755dDb540EfBd095cFa2,0x24bd901811609c265C1b1F2F791e40d1441154bc,QmNf6u9bczG8w126XAgF1Q4JMfcmikKSLSMuJfoW3p2fHv,2
1645,0x1f0Fe566698431bef33910a35375EDA8536627c8,0x239a9c2E1a96fb1b8A522bbD222426E7211F9bC2,QmPH91zo2Q79mVpjEnpHWfkqGrxQ5a9o3H5hxYFeFZcRhG,2
1646,0x22d29dc5Ab7ca77380B3C72eDc1760A6161F11ac,0x0A83985E4A6E8Dae2B67beD4f2d9268f6806Ce00,QmPLgfKcmBY3vCq3UGDgDoA1TJ4EwWwquJwB4aoZCMrh6T,3
1647,0x9A9549035F0F8dD8a45c2D969AEDA0f68132989b,0xae4d9a67D24832613f277e08e25342C227184Fb7,QmaCyJrprUhVTZB65ofdYn54nzZ2d4XTpcRUMgehoXSnsX,1
1648,0xb83d6c9b160816e30Ad9489cE72Fe0842969E590,0xcE0fB36A3529f6768cCBECA894c9900A7cE7B8c9,QmfDG7m2d7S4wx7LWciVn6ipoNoDMfYWuJwsT6fCLg1oRs,2
1649,0xb3880Fe87b956BE0b8493896645F563386D74306,0x11320448DA1f025682386E320a1aEB6AAFDe7c21,QmNTiM2RCaErdSgzsbmjKZAHyX9yHuQXxWSpvn6J6M2jt3,1
1651,0xfF582d17C8124e7Ef1cE60211c798D822af8708c,0x54CF29103D683104a37E8C5486010aaEC8B30014,QmULaKGSdbB6DFYZchsPGiHDRoAvyc1WDkWWYsbuAem1jE,1
1653,0x3B8494dC3E72d70FD27a9ccF567E79b0784a2D20,0x2beAab4e2774E2BF25d31Dd4B36C725Ef91c0e92,QmTZwF9G87vdkkor4gQ2bbF9XwDLqzS6Qwx5SGRsNKmmWn,1
1654,0xD51851842D154C69677c1E688E8c1E2d9D394cd0,0xd5e124ad5d77C836A1b28C8F941cb050b857ab31,Qmcp5ah9XkHxximyLVw7hUmAib7Zkeps6HmmFvMzD2tQ31,1
1655,0x5514fEC76E4fd6957f0d18c13e2CEc23a31D99a0,0xC4AE331EaE45C19098907f29b9e5ed03742714E0,QmZdxNxb1kT84nPZGquGiKv7ern8EfUtDKnSkh6TfXELWd,0
1656,0x1f4D094e8Af8Ca14083206370E937c8a088332A2,0xcE78be4FB3181701e935b3AfE834C14D5dBD3A22,QmPcasM5jCq42JFVsXouCv5w6UT4NtkEivY2CqmsgPVBbo,1
1658,0x90B3F9B60Ee1d706a9D7E269D117043A890Bf624,0x741C9909b374155cBBbeBe614831AE29D200106A,QmQVsupbh381iz6wWTY5DCSvfgzeHS7ytNc3Jtcv9XfJP1,3
1659,0x1929da9d1Fa4CAA8A78fAb21702973d8623CA287,0xF67385a271cfdAb4dD02bfD3158D000B6797641f,QmNaS3JH83wepNywfPjRwFYXa2vsq9d6YsaQPzWfnYFdhg,1
1660,0x8410A168a89a24D493E524666F0980389f113638,0xEc55e496f1230C28e1EC768C5503A60F4BD259b2,QmVFh4gf6hU75cPPzsQ2cPmHj566mLXEKdKnjuK9P4XYoU,1
1661,0x1bBB4cAb5cDBe528Fba3F126fBd1709b304Ececa,0x57f20AC11bf340e4449D85F658ebA86D1A47c5Bd,QmRHbJJEjeeujsh5AY3rWf7JPJEeYSYmsZY3Ztag9wmyuh,1
1662,0x5ee92a2492F65EEd1024f1b8036892492F4DF7f9,0x9878819F2dD1445F60ec9739F79dC8CeECEc41FB,QmPkroC5UhQwRb3BBpbkKBeQeh5tWKq4uJwir3G39Qgsyu,1
1663,0xF7c82eC00D6b080Ee5cB1562476f94B34D30e53D,0xe8C8eA20A7c47DD979947F1a6229Ff9AC68fEBD3,QmTe2fmq7oeUCFH7EDKNSNjW1JVRr3bFTSL6vhTba3pAAA,2
1664,0xa122F5c76068e369578d7943faCf9bB54f023309,0xC65F79472282EF74cA4129A360A583c2efAeBCFC,QmdGreWNnYzAYj4jz1TqrMMUofDiKTTru7SbU6DbFz8YWY,1
1665,0xFCC383999C58da9c2e3195b4E372E45Ac0A15EAb,0xaF521E2eE381076324cd1eE52e22c65DD67F0066,QmRu16EUcn8fXQUyAWyY31m1VhomtUH6cV1U7pqy6WnGce,0
1667,0x9f7EA59E512B3575b653f2FAdFae415C307883e7,0x347E5FFe1434A408416Cdc6c31e3524d71471E80,QmXNAgcUYBjGKsupZfm8Q7PA9tMhK6tSQ31UqBen5tcTPL,2
1668,0x77Ce32d58669896f426e5C7bA78a9c8E07B7d9Ef,0x0c9C3Ba64072eb566b0E9A4B6Bb0D7B204d68469,QmYm4suC6LCn8PKEM9nuf4UQkDWeGYpUX3VphHvXRafU7T,3
1669,0x7cd1257917240482635D0C1447AD3A1031389782,0xcD7d70Bb7034102Ee0C828FBB83776E0137DeA8D,Qmcy7o8esa4XhgU2iPPGBqg49jVDMQKaEeQmKhYXQpy9kv,3
1670,0xd0d0A2190a8af41BC31E13Fa4ddEb9343B550580,0x7d1dbCcAB094F64Ab3b2900f88D65B303d817176,QmexJzwEbjhkES6UYFLqzGaVjyvMqR4pxongTSC4LSYaVs,2
1671,0xFE6fcDD8d6627c3491025e16Af8ED3f13FD463a7,0x7284BfCaD25b9d16c5bACf72783C8a16BDE5763B,QmaxaAxHyUA5mqBeQdVZMkmXJCSxEKVsFkjkK1nkdg1E4y,1
1672,0xF1c4ACFBE6967CA4F468f53ea66a1F85eaCC122e,0x8dB68eB7384F161D8a5427635C4DEcCD8961878b,QmRrHvkfokQA2gL3M96RHQRcbpa1d2oV1RCfx6yPqq5kjV,1
1673,0x9CfBe26567F90735E0562600538bD415311feC45,0x5d9BdBa5896D17315579862392BdE5f56b6D2629,QmQjqJz1dXMwt2vZtrmBVcwxd6ckh6CRFr3KwWNYzZyQEE,1
1674,0x5e4539c39B87A51c63d46380971808755F181269,0x98A8A0e239142fcFd697331580f237f2DF72642A,QmTDZmDq1STpuJM8WtEBHetR89YFF4vvWVQszePuuyAjdH,2
1678,0x30949e05F3c7c60a0C5D35178f4cd9F55DDE62bE,0xc99D24438690F061E522A6Bb3664Fc200fA4F4E1,Qmc8JaHQW6VqBH3NfHjUHbBEeHd9W8BA6tNvvrPjAJanSc,2
1679,0x4A6726e408B793Bc832540Fb84A0aC8F52075E4b,0xA2a28521CE9D9B30C0C969e882ae09F417f716F4,QmcvVA99P3q6vCDzjpg9ZSPPVUryKjrY8mFrNFuLdP4fJv,1
1680,0xbBc75017c61fb2e48e7918f805981214c3Ddb0Eb,0x7fda86Ff0A1E635Dc42b8526899613Bca373ea66,QmRr2DncnzBPyicjPepY7DH3qySHr12v1DSEmj5vAgDFRY,1
1681,0xbC2Bf9AD267515643E5c399633e253455A55bc28,0xAF488B61C2aC25270c86D9dA512Cb8B6d44c708f,Qmeq3TM3oYNmTRmvuFbGtYtmPUuDfpWNbgt9EC6xicXFyX,2
1683,0xC00325Ce2B20b4DDa1e4ca9A8436C2a2b41B7f04,0x79fdf243CC3C623360105691f8175605dC14c678,QmNuqnQhThEsMQbu72YuLeCioag12t4WG4PmzQFFp2PE64,2
1684,0xcFAbAaae1518Af5719dE21bf6ba2Cd8d96eD7E04,0x970B8aFceDC38165A611B1bb3EEeBf9d19229603,QmWr9uMRAB4D1oQgZjziUZqSK6ELTq8PNtoyvPWmFgS8GD,2
1685,0xF70D16337c3B15fF213C0D544A5Ff65E9BfAEd59,0xC19d1d778ABADdc4faDEB1b91cd4F705bcfe45e7,QmW6n7YARHYq7SUJ1yZFwocUnDY57CYfq5d6tdmMdqvVNy,2
1686,0x043E6D5a52a3CF99feAeCC997e83a109e365B2E0,0x4C5A9965C5de8662Cd743BEB40dc3f4bb0Eca864,Qmbw1q8wf2Ab7LM7JeSHeFSMw6smBaex2g9MoqoPjQfrAk,1
1687,0xbAf48e02C3Fc1a7BeB109185BF6C1E6D69D183d3,0x682e7fC3206EBcff095f36a2827A46F00Bd3A318,QmeKDdM1WgVitCjyfh3sAv6336J1UbYKZ12HroEEupLeGe,2
1688,0x67d385F7d2195660Be420F25185D2B3411730d70,0xe33e95E19F927F364D617E35FFb3E92aa29a62b7,QmPmFNuY58dKD9RcSyrSsu5zYDJLrdUueuF8kqv8dRQSqT,1
1690,0xB54bc2e59fb9C75133F0e8010723a5fEe86A8848,0x34B77024c963ae3794F76C46502b6dC60d9d57b8,Qmepi5RZhzmXF3qL11BayxwcKNLHTC4p252KM2XcEQSezd,1
1691,0xb762c1B130593A1c567c430B7Fca23D86085b4A3,0x11c4820c6869d43f3b49b7EB49dc6C09EeD12CaB,QmXF4fMtGuMWJR7EbnSdDrybQvi9MbxHr3pgFuiopn3W8h,2
1692,0x067b133D27F542233Fb5b7ccD9581445C5b969Fd,0xDb65979031A4011A1fcD7079bD6f298161586139,QmQVQ8q89NJ2RsQnWcqA7Ks5ykfcRLdYXRnBX9YeoCpqP5,1
1695,0x914E65F37DEe498591d94Da59fB271A2340D955C,0xEC712Ce410df07c9a5a38954d1A85520410b8b83,Qmare1UvbkdTf3ZtfFd1zE71suCkhYmYopxHkyxyznCoe3,1
1698,0xc7d159Ac74086E205ad035c6De3e280fa1c6C52b,0x7496F952faD9fD32f63AB481Aee51e1493e1ccf6,QmRM5MasAkP2iYTewp679z8T4K9wbWbWgArHBrYJFS3dEM,1
1700,0x2aDffac0cb91FbD1423de51a34AfC2b3ca84e751,0x99a7DB24EfFd51AA44b33412C2E1b21903dD56E5,QmTGdYQdGptshT3RscPQdbG6G5pLViiTupxRKBSvuhDPRY,4
1701,0xB70Fe379E40c82D8Dc495101a1437f82bd5ECeDb,0xA99C3C45062A6c68999a8F11D6D7d2C2feCD66C7,QmVqmfP6vCC4gs5ZLgJYHERFP3X2YRm1MGrf19LAdYX3jp,1
1703,0xC1b2c8e7eC05E886AB214C2DEBb53768156F13a8,0x92AD42F772a4667C084CC918cdBCFE3a1F55e85c,QmYukANabbCYu9Wpa9TFzFU4j59ssaF4VY1Sei6s8Yrrui,1
1706,0xE81C71310434DCE8f6E518120DbA6d0043e7b9f4,0x3462943F79dce59770FaF5Fd087eE0E77545dc33,Qmc7QPr6KaR2P8z3WxJv1N33WLZZv2mpM4EaMxj2svAAtA,1
1707,0x6293A7B3E6b5B3c0823eD87B7cD069E472a55E7d,0xb387a262fb704430e684A5Fd4900eF8FD149ca8a,QmXf1RFbDx2715ZKX8fRYZikBKSE3TfFGpqKLRyo3Huyd7,1
1708,0x5d34Db0dc1487Dcf3809ED84c5a7d3F62053250f,0x4624d4DED1e8089Be5db22E5c7BC07a59C7af85b,QmfVEDdb7xx12eBdugSjD9PunmvX6o7YKpre5Ku7M5ffFi,1
1709,0x96Bb15d65C0D144519607Df3D636D4C5dfC764CF,0x4c9a7eAc86B1911D7b9056d11A80B9EF7e8d2064,Qma1Zj89wx9X7nETV1Fwbv46Esayp8ujLnCerg7bxyYycK,1
1710,0xb1572F4D00b1c983E08c3AEa455aF36CB8955108,0xEe237a1095B1881ce24E83E54978816617b18ac3,QmbWzz1gWAaStvc4sPtHeVom3nmpvbQYwUtpaSCywgGiPP,2
1712,0x8031FAf6A0875dBbfEc04a179412a3957b16c246,0x2ac1CaFf827EEFc4F7Dc4126C5f68E3F654a23BA,QmRnw96ZTA4z5WDpvqRkS8MvpRdENg8Hnw35oASFUc2PNs,1
1713,0x730C8d1fe427D384e1462F720bAFfA6F05852e3b,0x3FF215b85126B0bc7f65519Bd444B9B90833dd0B,QmRLfQmuRnH78GVCSettFeGxrnkUSQEdTom3d3bK4mHDLc,1
1714,0x70aEA50BA00b5A8f7081eEbBC73A208A2A717587,0x628D405f175821A6463274414720e64ADe28fa74,QmVtQtZofYmPijPKnYKFseUncDVQPxRu9FtMNsAFMg14Sy,2
1716,0x2EcE1BcC0794556416683466Df09f85130E07AF0,0x5F6A2d5366B997F42daC70954021c6Df27b89A84,QmPYG2ZcYCqN1oKgv6H4owFc3S6x8JGKbXv2YHwrrj8g49,1
1717,0x9510699884890bA51639DDdb2f7e2D9bE914e001,0x4bEEa6f260BBe08073b47C044c8449550090B3c4,QmUQNAjBYoK6naAo5JzYMRk8xHribQJxaC5hdR1dAHc9Du,1
1719,0xe8CD91A4Ce5a5910B061521Ee6374604Aa7EA0dd,0x21e16b44ABDEb3953fb19B3EE3E3bD08351013dC,QmQcnC8Q9ECWSxGrF9n7tzFYf8JiRjynZSjgAQGWLw381y,1
1720,0xE3c3f0341B058340F3D718D1Ca832aBc90C5C6C6,0x5C4E456f9BF7c6e83BDedee5192762d66B3C8B27,QmQfWWV2W1mmr6sott84nvfhdGyfZDhwog48cvQ31pqWFe,3
1722,0x6cf42AA5A4b7963b8c724C12F774c9BC9b612f70,0xB100DF0E82F289AADC8aE41Dc9cCaCcC51032545,QmUDsTdbCseUWsfKmHX6c6mVhgcaxNt8r4o1cBy5eXwrK2,1
1727,0xE4831e200F3FF7857eb785d8aEc52ff8374df48A,0x998D9f658B01EE8F7CC7180B2e97EFba68710331,QmQVFYKZbUBb7n6cEgsgj61R2yTF6nFWyfneAVt3fcHVqx,1
1728,0x59543A8aF8A67b3DA066C16Fe61f94e581354FfC,0xffb345Fd64749D4314587f04f30dc9DDeF8056F3,QmX5vADrGCiznf96N55CcxcYU47zYY8W28cW6RP3UVKsLf,3
1729,0x6354288959B95e156a46A1F328aAb7a842016B32,0xf59c088Cc2A410F6A8952605F11576a17851C7f9,QmaQGqzAbPmLVWJRbuSZgTWAjwS5Tr9RKoAZVg1pZXMVX9,1
1730,0x383Ba015688C479EB8109d4b9E74f9Fbb4054C47,0x4Ae3e07DAd70D685A304494144C418DaF2e57Ca0,QmZtxbYNvN2sWq2rQzYCA4cCwAGzLDmausDxq6cxQAfFEA,1
1732,0xb207590bF84593CB600f31cdaf1c9392b43871Ec,0x942A79202a94222819466594D6a0854cfEa082Cb,QmYHwUd3U82pXtZjAV52ch6j8LGpByL2QtDFHmfrYM36f5,2
1733,0x8ef5aCb850894a1438b9b3894a019e73DD8722E5,0x6716E0e7D0F1ef28064Ae1510BBd395DfDd66D18,QmciPrs9gfBCZ7LgcJQH9dZv7NN3fQRzEQySBnCFQPYSaJ,2
1734,0x88126b643dFB798b203C1C6eC6E85E8A22668720,0x7308f9fd74CC803FA8a7C79293d8e49595643E6E,QmWZuqMcqSDvD3kmVFZ1KSKEprtYQjLT34EgVS8SmQZVZ4,2
1736,0x9484bFDB4355a47cdBBe54564D3AAd339088EdB8,0xC9d93D0a7A5B26A63131650Bba8BE72296868326,QmfCKfsAW2E5SfeWdDpBXsqGKSt6xVMg2ppcRjxSCZitET,1
1737,0x918eF4618e021BA1cd0Bca5B1A22a3f553bC9E27,0x0Ad5312a36E634Dde8B332929CFC43c8B3c86c07,QmYaoxFi9uFNBqriMoZ3KgV4GVtrBitc5A9vqoADcrvQr9,2
1739,0x7DEaC24Ed680A751af3A6D51912daC62cF116a2d,0x9A362744b547748037BBC0529f3c0AE685e7d933,Qmay1e74LWBWLFbmhnk6Zi7pKpYmLh2SXtjx3LAizuwGBi,2
1740,0x43d19D96c598442e4e9004eB24be8AF8767394B2,0xC2cc1585F1F16e8464476bd90F01043bC6332BA4,QmXPV1BcmjgMhrq4miDv3EDxX3aY6q9U7kesMfZHdDQg4e,1
1741,0x96996bcFa4e1772dBBF0c4644F13a9DeE079a3bc,0xe1D7B9A5eb0eeAe53ac18cBA038Ad3cbA18A6193,QmNYfjxSHdHHSbdrLHZKpe5Q64AdFxmtZDxJBm1BgZSTP4,1
1742,0x1743C3F1Aa601A22057652d84BE814Ab6d4290d9,0x8eC7780D0FF27be3623F4237FFF98306Dcb703D6,Qmd9KYREfE7iSHSDrZcUmgG46LRKa8KqRA1rTNmQiLEsCw,1
1743,0x4ce96735B954abc7A659b8dAa849f8f4624440f2,0xF3D09F199E45e30F3dA7f70723ef22e0faCAb580,QmTscfNZyF41QvQdgXYbEJR7xG81i8Ay7WfvnrAXUXk6wZ,0
1746,0x737769374029e06c880575a53Ea8b4A0ef9676B0,0xBcDF0453908BD19ee169F9a82350101f41059A7B,QmRYqJgmXNPg9qwm759RvArfga9UPp1hAnrqDb48Kjcah8,1
1747,0xADE410aEF750D64ff36F65591B54eCE09105BA25,0x71A556D5Efd051Ed77Cd2057e09b31EB45b0d65E,QmY5rfLCkqqWR8Z644A5MKTqPcLKya4G9namLA4SruvE4g,1
1748,0x2faa6788992B68F4A9F0cFfB2f266f042799618a,0x322e128453EFd91a4c131761d9d535fF6E0CCd90,QmbM6sCE7VkrbW44axX2BVoTHfiV4xA8o7PRoKoYgDuwYp,2
1749,0x0043C36e2887332de5329454EB041c9672B780Da,0x772A6fb038D12244ebEFe5cf221CE6Bf7E04bBA4,QmTZLo2PSJw5okmTWwHnN7EK5DkatXJ98gjes63kqz3f27,1
1750,0x929c101Fb253f91B0fC38AC1deAf1be7aEd6A623,0x9c66D83c558F7B0E2b718aBecf07333F18C750D4,QmUrGetD3neXjWfJyZ8t4VncqXTBqFNnmbS7qspEb21zQ1,1
1751,0xe434482192385093Fbcc2ef9E4291191A7690351,0x24Fa03D84F84ce169bEB36A5390ec5B4F5dF001e,QmWM4AxRPAUuTJjFnRc3ch9A77U7N7RoafooD98A9xey3G,1
1752,0x9b771156431ABEFD205B0410C1E65d9892356EA6,0xF5E3d471Bfe9eAd617b42710FD7edB2c76Ea7817,QmcjDoH7WyEPgsYpNdwgk9PCTERFyWJPiwNFSWiJSyqkKH,1
1753,0xb86Fd8d8a436661E839Fc15A2B13cE8F0c1Ea2F2,0x078484C97313B98fDBf144405fF044c5b7A96fbC,QmegX5qheLPT9wnti21s998WWfaYFxdu7Jd9SVFoA8zydQ,1
1754,0x2Ec5AabE0cC39D170B50d8fED9A0260c1628ae53,0x583a85E6244C924D643A0615C7017281E8bFC849,QmR6Tr6GWyDB6zNxVGXT3Knx9Un9nPKFnzXjwmp5ZFLv4K,1
1755,0x688eA4D5a0Ef38c0E0b67bc3Ee90020F3E49be2A,0x425c26e95bdDA441855D184E8ea08f3E3E202b1f,QmZv5L2upAUE9RN66WPKcZJcHa61SMMobYhHh16T3v81Zt,1
1756,0x6fE09f4F0d2101d8ceBa5a3B6547Cd7C491Bb30a,0x69072dF70F72bd1c53314bAeD81aC200f9Ae6C53,Qmf6DFfzA9VGnaVxM6yboe6WDREEYNDyCn7VJMePwwbaic,2
1760,0x31E940b306607f577b756867575cB87Dc97A5f06,0x04d897B3C8dFf004D6c362258cA289F31Dc5e33e,QmNo9zB2KHiA2kXuG8eNK7bV53kA76CQ4MCfXN2fc6bKk7,1
1761,0x4312037BA991b228325f14304EcCb853d38089e2,0x5c0F04C6A895E7b28df8cF0d45a0f850F52D38e9,Qmcft5KrsSJh7ojakKZohJVyk3sU8j9ovRfdoakYvK7oxV,1
1762,0xc959e7BeAD00C72fad013710ac81233d9571a184,0xA07503efe671E3363fF01227f917F83e7700dF2C,QmPWCm8TSVi1UW6ceF9JhtUgz1WdCvMFUmFsgrNr5RytJH,1
1765,0x21c57bD90d93F6cE2e74a0D1C8890B940d12f0B7,0x69f9916960EC2749EBd8d95Bd3B07BAC7E82328e,QmZcArkBMe84cbFhfaDxFoSPxxgtzV7bwzkxFHLKNJsCQt,3
1766,0xFA1E5b9ab884eB6d52c069A623E5ab5387A4ec30,0x01a66607e2F13f89c1AF094e7bac50082F094686,QmRAiLDZcLPkdTwy8jd1s61xJfM9dHpNcQcdbTaDGPz86y,1
1767,0x3cF7D85C9ec1f522caa3391a80468FB695674bE7,0x4A4c8E15CCc184E9Eff2cBBbbb06eBc2571FE6f0,QmeLfFPsjUC2zDnxmMCyLvTQEYnmtPB7ozr1meajMxVMok,1
1768,0x43D21a31437F356ffcfb32D9b8FDa22e1a102433,0x16CB5679300F47429c3A4e8177A48FcAD46bA6b4,QmdB7kLXTzeqWKKJb8CfujNdU59Ew1E8DAJZkt9PPt6ypo,4
1769,0x79f507b7fe6759Da8948f4C1231Cdd105abD2a88,0xfEfd67Ff63E01EDF62742C7497A4412EF37De324,QmViXb3eVMPNHp73BUGkfutbi7YRqGv2bVDoqUWir8ogZ1,3
1770,0xB1EDC364E9cEC6d4E07e3a21F456f43e909d23F6,0x0Ee56E2eAE57C190CD8F04e06A21d2BfF46661dA,QmYFMLRuU5sTFerv9Mhk2bX8Rv8dTWUytDEN4yQVNJCsjf,1
1771,0xd598c7915C998600128B23E3481Cbdd1D3c5D21B,0x035b8489004400ADB9eA890c40CD09E8995577FD,Qmeq7B7keF4iAGoeNz6i6wcxNWvv6AE4BuziheUrgBQy5e,1
1773,0xaD27dc4Cb16e6025994D761a051165d351C08f88,0x428be6ddFA627a671BeeEe0102399FF476683791,QmZTdkDQTwdjzeG2JRNBSVcJ3UWH67b5GsUQRkssX3SFdC,3
1776,0xe88b8f90A687e2256E3A567B9ae2258531141a7E,0x1717C1974b9f2bD8Fa29A064a0bDB686c1525139,QmTvBgc592NTGhMSf5eQmbBh4xjdze5fKt8d4D2QC2php7,1
1778,0x63b5f94C75da02073BC5b6710151B64344A0723E,0x4Ee185Fc27811eA6d436495deD42E0f57f5d3a41,QmZW3MhWpeYiLJb9qinYU4UzTZ2az5xrKU5YJS4DcBSG5J,1
1779,0x6b7D086b27B9E032a7baaB98ee500cd665DEC0a2,0x5F4eCA85055ffF26dEcf454d49c0E9a1288A65Bd,QmfJHVymucfVfnqukobLtkb4tS7tvwb3VAL4ErJDQfhg7L,2
1780,0x1766952b7dcEb681018390dc561e313f77b0007F,0x355706C962186956695b331506Bb5098bF5A34ff,QmT6vw7VGQCMnmixGpjqb6gZgeXg82DYFfx94Sp5RKGgzy,1
1782,0xCA0aC3325C2003ef0B52Ac78B35DbBee104137AC,0xcf38884FBA505e66252d449CD72e5558599634a7,QmUFaaVzzsQYshTHvm8hVgRGNKRNPyqfKJweSBegRPg3QM,2
1783,0xd45aE57c1260216A822b374ca01651A1d5d37528,0x07b7bD56872393B5B1d6b56abb6a722bBD35c73E,QmeyGYQ1Daqn94LFq83T63pYNhXStJTNM12qdsqQww4wC5,1
1784,0x964c477C2890763Fe57aBf1a33d24690D713fF92,0x2B992Bd7C097bF0811EAdfe93EAD09040c3F15c9,QmYyWar8N3JZtpNzgKrBGKdGxxShdGiv5wgwXfsereQJg3,1
1785,0xdBF0AbBF61C3Ef13aa4909Bb675289fa0cB2E504,0x90474A302F9Da6EF5dc895759666AEA274A65a82,QmVGPYjfTwk3E34sEVkB3hMuFnxKvokfXE7734oCBqPpd3,1
1786,0xe611A948AA212C238FD5cD809d2D86BC03E375Dc,0x4D8CFD197A001aBE5c77eB6993280A328570c4E6,QmSdnWF8eo8XFfFSX32EPweRJq4eXDbBVNV6z2W2yenTVi,1
1787,0x107FE7154E4EBc635ACd2f1bA532FAeD42bb56aB,0x1D541162a4a2C64042be2DF25c8d26cE39c592Ad,QmaCH8dDG7UmvDLv8ZhNU2o2k5q1UCWfsiUzvJW6R2o9SS,1
1788,0x1e78AeC07AaAc96460BCf98C2849b922F98cD606,0x07Fc27C075a142789F316484ABFFF9221f0Bc1F4,QmSkhiLkSYSRqfBpmn7LLRsbU9z1psgeWmgo8MRzXyWw8r,2
1789,0x10bf7fd708068a5E386E5b7CB27617C012a8F118,0xA383F90dC7b8F9A46bFb4563559FC31bDeD32dac,QmQXpJNBEyngbnCf7Gz1WGpznQK2cMUHhEYtayDVLBknY5,1
1790,0xc3CB35B3d4C0aBBE913D83f34Ed245C844f94481,0xb0336de68866406ba1109a5B35e960AE19B09e4A,QmR9mJeWzMeQYjN2TGX63yvteexBGSmACtggK3sXkCsQb8,2
1791,0x40a63f59E556A236c9B451a1c38144Cc898403D6,0x9310363d9F4412389c38aD5BeF822F3E66D21fca,Qmf54w784h6tAAhvWez43tyC8z9Qpk3zPfksAXuB3jwTfU,1
1792,0x9B8Dc815a6d3d9EB29311699deAFEAb51CaFb09C,0x301Da9A8700A7D4Dd3b3022dE6be4fEAA43Cb1d1,QmZbeB7JzfTZF1281iVtK47AQYhzTpDWg6kBYF4bGzwXvA,3
1794,0x1a059Aee12aE472A6231154b08aF793a1aFe87Fd,0xac4754AE7B7893DEf2CC85500e45A2FEaA4c87fD,QmQZFx8gTP6noZFCaM1M4LETWShRQ3pf9xcMAQDgujxqw6,1
1795,0x07ab5E74108E516851D52357b51F6DCEC818161c,0x14c0338959D08EeB21CdbC7E1fE0350BE87d1Fa7,QmeEXDjRrVNMdkHXR22U18TfruvdVd9h6BGKLZ9QAJLYQz,3
1797,0x387e36A5CE070d7fe1d6f3295999Cac04a0a153a,0x52b0c7C17Effe49914e241bEc55105b19DA4b8e1,QmQzS54YtDzzcebRwkjMWNqePV29cUDcXT5VzKAwwZwU7x,2
1798,0xb8f74A6976F334e00BcC7fb29cEFb3bCe8555287,0x2C229F8803D1FF882954f62dA7d99a4E19865929,QmVJovb6FNHNMksRigZRuegeZojrZYVN6U7j3ZFSDsYqdY,1
1800,0xE1d3701A1A12af8C89F2b1C58C8239dAE303b609,0xacD8972BaFF738FB9eb9b42734e092c262bdB480,QmUCZcMxVkXJJx6FN4SCmmDaicmRzKPN1cavqiFD5yWJaC,2
1801,0x5e2E8EED7Adc06D13FDAfdDE6529E58618b68950,0xb52d9dD03627a5b44c6FCcC584e315f878d7BF6d,QmaEv5DbdgGrWXnmgUddFYcgaEe5sPBVt4oGrf8ro4BEcZ,1
1803,0x8d99a5aab73D62B4463423FEb1009E76352bb37f,0x98C9a1dD90aaE532eFA10602F2c1331f138a5fD1,Qmf12mneDUbXnyreui2tonE4RDXT9udUFYmD1iczjSM8oZ,1
1804,0x80AbbF30E49442f5f26e01195B36edE8809a6326,0x836e71f16A53577eDd2Ea377A8aB29A90ae0cDc0,QmU1UEHrSxQyL3vQ84YvCobjMzRDW3Aebr7JEhPdNe5kMq,3
1806,0xD8e488d78C4b05b26abb5FC00A01EE57d8cBf97d,0xfFB0043ad1B3cebBFB70c2510EA72133d722daFA,Qme8sjXoPgr73BgFqgbozpbr5YkR3d1XdvGekeV2DVRfaU,1
1807,0x71a78c38E9270d1cE4cbed11D558A94F7ae82589,0x8f283548d2ec12F04a9B82162a07Aba74b520006,QmQqqaqxDupJ4RHtfM75uf3xtNx3RSM36LMCkhYReAK1Dk,1
1808,0x76c6ECd6ae48c419ce4eF430188CF0D26AEa32B0,0xd85f7fB2E34e59d57908DDCDD031514D593E874C,Qmf3Pe8FXsh4xaY2gkhnKEnRZAsfu4rz8NktZ1ka5dXFoT,1
1809,0x40252dF49e4bC14d69F7859C200CA2D10bf21F67,0x4B570C1F0186DF6190B3013F6f72a9476C17e8C9,QmQ8xQmNaSrbL5hU5pYWZQvnwbEDKYanQFkyLSbyTgcY4B,1
1810,0xB659a902E04449D53a1d89A8c49610f7fEe85674,0x56b32744bb8AAE79f34E7701E581cB6E2136E0D3,QmdThHgxctCHt9L1tWqZVXncHSqyTFeb2WMcw1z7xbbRTP,2
1811,0xa8d17f5732d6293f41ca666aAbc98cF9Bce1b883,0x06daE8E64D16e77DF0aaD12f2C9D55530A0Ba1d0,QmZPKvuncYxEQAfoSXSzFrvDYqJ3Pwgkw3iiQcXEBjc7E5,1
1812,0xe6cA9F60692C541905a5C7F5c45C04ECA83DB6Db,0x5612DaC82676Dc6cAE976f690283395eE647F419,QmVyLxWPu5SeDbuzdTZT4FtZdVs2EnSCWgRG3DoNeiYS7n,3
1813,0x38Dc6FD258348C6De2BB8247F17159CBDc1e2eE6,0xba3300614D234378Ea991bAC46a42E497222F1Ce,QmZtEG1fnMQfTqtDT5wH4BgT6iCen51zBvab6st74qkeh1,1
1814,0x7a3b46D8c19a1a10dB78C76a59b10c265d9328Ae,0x3DCb531E773ADf1960A71D4e73aDBf022E5fCd04,QmRjWbSgGJVKt9qdYTybWKJJxXJFkNpdLmBqbh9Yu4mGhj,3
1815,0xaaAebeb7C600763eCF710273cDEc1fb6111977F0,0x18a08d43CdA6Bf56690c872b327e2Ae615ECd4e2,QmWWz2cFc7B16mrrAR8pqwCUgjYtw8rgi8YJ2qM8yj6cqM,1
1817,0x3D5D87D0de53bbe1827Ce4EBB7F88d7319c9180B,0x11B4697Cf20322C338cF52969D50095B08b9aFDb,QmUWwsutYMfZgHAVf5qU8Pqk772FC9C9MPCpcQscjXmv7H,1
1818,0x165E33a0A06d580E5F437B6aC87d3d6545331BCF,0xBAb7C5B24198d82De2eE502896dFEe88A15564ce,QmR86xCV6cp84N7Eiug1ZvbtPUHqGcSQgHvPNYnzHMdM7v,2
1819,0xBfA9332DeE3524CfB41E1D762406db352d623164,0xb33368571a076a8208A714262e8b3658fB43bf71,QmUCYoYM6D1eqDNoxv6x9PzKhYy6yy4JVBaXe1yru3VW7v,1
1820,0x1428C2EC291c77e6E4F06CC0ffC362B7a994ec61,0x731B257a15af0d77C89d65cc1303751f6Aaa82A6,QmfPeGzNNHoBCHd2D3SpJcJ1fDMz5j9fUBJ3XQzLGogE8B,1
1821,0x611422e406374efF3b0C88e6aAF4e687C8F3e5cC,0x5957d4F482f81709Cb2Ebabc0de8745Be85041B1,QmNjKRztkqgvVuPaBTjD3mJDREzbYVLWA9oftT7D9hDtwB,1
1822,0x7515ee0bfd96A0232114BB6c1aCa7c361B6b6362,0x82D2A82d8435253961a6594E930Ac07185cf540E,QmVgepsjEGpVt4nhB1WVcq8fsLTE7iZ3dh4Lo9W17SYyFW,1
1823,0xc7465EbE7f6f5be761277c1ca094613d79FbEe8d,0x18E650E72A775c9DAe4A17AEAF12A7ecc58C4aF9,QmYGd1P5gCawsjdc6NemXVQo6Sug6eiETPTL1PJLmFDZfp,1
1824,0x0be4562f3F83bBD1FAa6E992019dD7E841936Db6,0xCe58868F49b99DfB35A1bfbCd733dC7b59048060,QmQym7WYDeN1aKT3jEVJWQjd8oUDjZLBzXgpgSRugb8jbE,1
1825,0xAD46773605aDf6A34758A506c1a6765b737AcB1c,0xCfa281Fc0D6d8DAC480D44ec6b685baa002f2B44,QmTj1Z62PQGdAZHifhZ6SGxFuttrFLKhdoya3LmqWMePem,1
1826,0xa49f26D54355aBb91872D4ce252165528f5D7130,0x72DE26A6614fE10C7356d227fFE2F9AfBA37248C,QmNYJyAwoGxQBDjS7LnmT2WoWFeCU67Ae3wyjgV1sjvcbn,1
1827,0xb26DE6eA7DF331B49596dbaFf7fdb068e3BF3D96,0x64d6c3865f2350e8cB36d98353ed8B65878d989B,QmS38ERyUhrNPyjnJw6dqn7ZWBtSsvgdmhHku5gHFf7Mhr,1
1828,0x0f0CF657639470a5fDfbB2660f470A6b0e467c72,0x4d292fAd974483F00aD1EFd1556e74a5f2501347,QmXNJPxsE8ffHKWjdZLUm9G4jvPqtNCgpiJJ31BFdGuZrQ,1
1829,0x37CC6879C6fe6F6B8149843836066AB899b74acC,0xec8a5c2e10268d6FAeD8Fe94a0B82906e50ed563,QmVeN8aHe7sKrmb9ejTCbEiQNKdgyjBNtLGhpTXEcxaBfi,1
1830,0x51039caaD05cb2F4B0705a005a45430aBD26a32f,0xB8924E9003aB9529129a5d91bcf2FEB368738E9A,QmSx65idYrfeJMhk6S8xoA3t18rfASRYHAjjzMELqPRmZZ,1
1831,0x19452596ec10beE4b25E4e3AEB2dCb3289a1E341,0x6C469037e41b98CbBEC25DB75B28C46Ff5Ea61Be,QmYQLtcQqGanQbwnrJMeENz9K4Bu3Fh5ysUJagCi4jthyt,1
1832,0x24AC086E499046dA4b3052cae5f25dfc56bB4427,0xb1C6518277FAa3855F25A81bA60e8E163faA1090,QmW5BxR6aVqjcgfXHmmryDNkRLUWzHFE6MfokGJsfPreHg,1
1833,0xA77A250B69c7bC81a8153e731b0F752e27009978,0x25C1e4da8a277EC55eC1C38a053e707141459eb8,QmPubtE6jsTwXPRMpQPuqxWNiS8GRTGXLiyGRXp4mpr8gC,3
1834,0x44535DE171DB33F46f73b667ABbB36754ee84885,0x299e86BF1EEd99432C004d0600fe8DbbA6C1f503,Qma7dsKANywNy8ugwuHK64pq6Xn53Y3ZuDY1JvNLwoEAP5,1
1835,0x1b322Be95f12fcbFF07e2Ff99b2C9C45404d13C2,0xA7ee858b0DDEA12Fe1552A325f69B1e0F45F5F21,QmWEogqWeZFSwv4rKEu51hcTjU2r6AeUGsmEhNXBJcTqRd,1
1836,0xe06B9351C22186ff9b0313011F0097091d7b835B,0x7CFD9347dafcD3E213E96607ED926BBd62F31B4D,QmX3LUMw2N6Ve3iFi66P9tFnX9x2mDderrFkvGWsjEDkmC,1
1837,0x61F5CD6B5F129fF17fBF0C596EE05C30cCDf4ca7,0x411fE595A573fE7F82A960c28f86E84e720AcBa7,QmUuNXy274yJSq2hUZgBRVpPRxVyUq9dMnuaAAoj827KzH,1
1838,0x2675aDF5D54004Cf980D32bB9A70056DB21eD543,0xe810627D859decE57A9C49AEAB1D2708747BC4f8,Qmd2q6RwNGAHdbE5boDFLkQ9m9CSqigPyCmJfxs5rV3qpN,1
1839,0x2F1b2aA35BE7df9aF9491eBE03f33e6a86DB6D22,0x26d99545ad35B87cD32E2cB772898f78C9C53779,QmQpDb8aSFs21cyddo3UPtUtdeEFjXK6unipizcM6dkTCU,1
1840,0x6a8ecDD6434970c320fe9a232f3B26379913200E,0x879294b5b444F1Ca88f39CDb01c7eBd84F9A87E6,QmXxYQRxax8NHcNHHpXhRPERsYDU66kbHPhLtZeCzypy5N,1
1841,0x7FDBef4A1c7ef9ca05AEaE79f3Aac141320E9B04,0x22b7c15b71aAA36c5B7915763Cd7996dBAdA642B,QmQy7jbcLXjohfWtigoxBk4SLi6gGPcpCetTdjrybF4dHE,1
1842,0x215211B76BBA000728745A4C5565A2Cb0d72965e,0xe2CC06Af647a79095a695A041D9244fEA7CEa8Ca,Qme1BDEFiALN6GtFu11o1c5nnTXWj9YYaixdVuECAEyWd9,1
1843,0x1cC89Af3c74C76E08D80E8a882f0643A85c898eb,0xf8dCEd1F97D366c43B527DEf32a0Ca546E6e2b64,QmZ2G98eCDrM9sHKFRSE3YxQZskx35ZFJrbsaQbTcdKyRv,1
1844,0x62205e522CB9143C2f2b32FEa00887C50e18eF63,0xBDd6779Db60792DD346f84DF544178175AEb0c7E,Qmbp2QyyQkdcwRZX8Pn9Gie8MABrWL291JUSHzHm3FoeiE,1
1845,0x8A38CBa7D6882f6Df73D431fa6a3e6e0153b3F00,0xf3c0f9ba71a8A164f9216d517FF2fbf569089Ca8,QmP1iNW9hMChZVkzsSzrYyD28bQuGx5rzpsDabnmxY4K7b,1
1846,0x361F83Ad11A99aD59C99034f0c663abd250d1De7,0xf6934C96326F2057C52AF635AccE63a859311e58,QmThJUKwgeHF5jgZFN8jSKyMoo6vLXkLG3dLKcmWayirxk,1
1848,0xa7332C34a65FC4b2e165340B0B3a87Bf441c1088,0xbB05D0b838B9e638eead511C9FDe81726a887a8A,QmeMaUSmbvvtSSafRgxuv2qnnCs8ZXwFSyz1H1yHk6j9EL,1
1849,0x17EE2b8cD74CaCe4b3ae8bc153fe640F1fCb1C51,0x7a247B651B81A35A2371a9237ffaDd8052437115,QmWvDBtVjs1cxaQu9gbDDUwhVsaWf1JrZSGm9zmKada56k,1
1850,0x004Be3f7a1192d4B38476e990fC5db131240e4B0,0x430d7d89b37CF053c4ec9BE0E728A1C68CbF92AE,QmNnbZnbsmr2mQr76e5gau5bA9pLKhFGCCR58UVp8pHHeC,1
1851,0xaaC7c318F9D2FaE80199e1E4B4C00Ae499d0d96E,0x4847704242589b93f52e46e4A824F0EAC474EDBe,QmZn3Pi3Q3VqQV6jyBptpf7mpijv7gDzvqSLL9hRowuHb6,1
1852,0x53bD36D5ca407748Cd41fA30c7F12F45b4bAB651,0x711437c9ea753167994f538aA09DA1432e73d35D,QmT5nNEVexGUL1iNScF4GogBfiFY2ZbDd78o5PV5Q3MbFh,1
1853,0x2a8A23846681b2eE71cf540588d77E8163E92073,0x553D47b3B4AE2892eA0a5342C27Ee4C7744400D5,Qmb9PmR66ix5dTHHAs6YbST6QKzRaLjNZjZRZksLBdAcey,1
1854,0xd989848dd02bCF00fEAE6852E3fA60A1A3cD2C4D,0x2Ea539b3Eb3dD50F750881e27fdf406dF4273345,QmXmg5Wayy68tQvjy2inD8Fc5b7AaC3KRQfNZgAirwnEDx,1
1855,0x130E18C1aE9200f3936b9A54Ce9049665407a251,0xc55f44744aCD8EF593f584E9b0DE50d7B2e454ad,Qmar5bwShB99SPkxzqYaaTpZ2TAT2JU11HhePTnSUZwQoE,1
1856,0xcc92A2d7fd7f32E0EA5F65f4B31AEA7f2d0b701e,0x48eCFd02c338e239a0EDCbC393ad7bCF8e21A3AB,QmR17LbXK6SAaZQGYhG9LceT7H8P1tzf9o4YbVyFhvoYwL,2
1857,0x3C5377E6662ca4183f207b9E37A653Ae32aB6104,0x9d941690744697475Eb9B19f3946eFCdDa4b9b8E,QmdwtCGHD24aGqwdJYY38AYRbK4ezZtMHckLoeqoCzM84T,1
1858,0x55d627d01ccfF6D2289c01bd7dEEaeFb2f3ddA8c,0x2552ba4B68f343eba16bfC0EA8bFa97259EDFD9a,QmSFfHXc9Q5cCEjKtVijRKLFydGWfZqwanQhTJvpPJejMW,1
1859,0x17C7d08696cdBB0d752B9d63f1661e68d7f517b2,0xFb6dB7AA2A7C66B1F194C27C3214b7d28cFd6f2A,QmTG3C2jjCprB91xHpjhWLVnqWn4R2SKeSmYPpLNxNodK6,1
1860,0xE5583257119461FaD3555B6D9cD92d00D172C7Bc,0x604058A910C70586f942D27caAcbf0DDac592933,QmWTUebW6fufoKAk8A74Ho4fFcxLseJgPYsRktMi9opQ11,1
1861,0x6FE209F512bef6Cb74966F4eF8Be4966333d2b4d,0xBA0e5713EB13dA1DbcC7Ad2e79639671D82c7bB0,QmTtXHoXkUbdLP4LkRarKj5TW5qikswSNnNqXfifJXpXyj,1
1862,0x08E110C30DFa63dea484B95b181816b6D11AE569,0x3FD719DDd13Fc924943DFE995bB0265b400275D5,QmeYWAPSd4oHcvVSig5jXLu6w6TQfoTkLhvcoz3vq6BkFj,1
1863,0xF6F4412972658500B565CB4fBbb6c9Cac7c1ae4b,0x82480Db974974244a0B90822913DB9DCd95013F2,QmSGR3NndB51cHPJ3LvfLi7JyU2jKqrCu2mpftjZmbyZxA,1
1864,0x1E7c95FB3C511E9E8608F1e5de5d90Df9F55bAAe,0xa9F38C82d7915a6cF098f4F80a87faa9450B1cC9,QmQouEuP3M7EknVL7T6ofnD23scSuNkvopqSu8bPm2iJHe,1
1865,0xddb1D53863e1701262C4c88e4d16cdA80D758F4b,0x29037ff4c184F575F49aa16AB169ADa19A2720b1,QmQsbrvJJWKD4bKYVmB7TKdAPcF9q9Xc4jAZREYkpb9Hit,1
1866,0x47570C09b5F9b57041EdA1B9dDE8bea7880a41eD,0xf9eB3Ff6750E2Ac20Fbaf3d082ACfad1FCfD7681,QmPvnjP5XqJ5U9RpGuV7hH7fyHteLHizb2v4azjXcy59zt,1
1867,0x98916c0BdB4BDd8bBD1a596ECc512be4739ea165,0x87C974f3D39880292e8ceCa4887a6Fdfe1378e9E,QmTqPoJYVkTR7SUvy7UoQSPrePU12MdXgnc6Kt4BWZXQJ9,1
1868,0x91bBe6D553F2ff0F89Aa7Ed85660A8B2108602aF,0x09b0f2620fD63073C3a1640E36D2e60F32B30972,QmNw2En3peh5evCTKgqYJRBkGCkaxAR1ytHsR75N8bAQ1o,1
1869,0x119647DfDA69f07134E19177b5C8D1b711b81282,0x0f922Af2CAfAD417Ab72b83706A87A307fc8F2E9,QmcP6asDiYoKm6wv3Ued3Wohfx4VuyxdGWWTmAG3DeNPFj,1
1870,0x3F624d51eB5a5615A7Dd23E5461bf436CaBBa11E,0x9bFB3a539d29AD81491DaBA7BBeb0f9225C16036,QmNq6EyFyhh2PW8Ef48eV34EREFPVGdLScFLUnjt8qRXJd,1
1871,0x1A1476B96f194BA0511716476081dADcf4E87DD7,0x61aD008ad0789F551F0eE0aD1D37c2C9038b13b6,QmSGW9dyqCXQ6Km8d6DGqbkMzuJpAiyDZyHyBiHk2UGBuw,1
1872,0x0e3BfA17612F7a6CE5B333b5AE41816eaff8E2d0,0xBFd69F27c27e5d4210Ec127eC7D7C2c13D0EADeB,QmUfeDMZaihs4jUfKk1d7Vy2w298jJdzZWugKmvbrHSXPw,1
1873,0x387b3bc10B6E30e03b1858E5E661becA6e11064D,0xBa8D0C2c542EBCF964E376b3e5d7A3A92fC424b4,QmYbBSfadicwMbbWmzhioZM1QviPr5Yzr2PZ7ngyPNz8nq,1
1874,0xfDfE7e6AB5f034Dbce9F262b32d6F355eB6B8edf,0x399A1F04d6cB5aA37C2929F9c2CF5882cc673Ae8,QmZZCLp3HBe6CPm4yAFbbKbKDHHm29Kd3SPEQrhcJXd6Lf,1
1875,0x383c7e5Aaf37Fb5EC6732C984ABe0Dd75aeb2c3C,0xd13aA675f3fB8249bd01672c5BDAC018420C932c,QmdStddLYVtRB5FK7cUR8Qbr2Eo9LgqpCVVyQ5FzmPGcYL,1
1876,0x2C9f525cc135861D2c99fCD52f0295b33C3Ce820,0xF0d7Ca49D902ab34e1727171732cEb0fcD3AE275,Qmd2wiQrMjiRqT7uUg2ZrNC3U35uZYNs2RSbzvXdfncHkY,1
1877,0x0c1C3d5003Fa5B7EF6E5Bc345746bbd154d60D4A,0xAd6C1d56515A74Fb81461938117800e225e59F90,QmRbRTqdZD4hVkHSHD3DBBqcSfZi71facYhsVsisVssmhG,1
1878,0xdff67C4857DB3E77599155D1d5294dc4392A9f8b,0xe2c44F05AD18A39E78E24c8caa8F812d47842E31,QmbV8o2NrYNSfe986Gemqto4niN7kw6LikAKSi285wyrqK,1
1879,0x8CB6CeCa3260DA1297Fdfa6dF23c42E27D89291F,0x2Cf8C8C5Ad01502DeaF4095EC38FC609453EF8e5,QmcASxPkto1PyEf8bHzTejQgSPcv5gJ6j1QR1F8kDXLcgu,1
1880,0xbE87CeC5694AFD557E6554D2C961A8850268fc47,0xB87d9671e0e846301B03ac5a17A0256FBBfE7Dd7,QmUepvqG8XM3V9xLG8fXrXL8hQMAyT6ExpRZCgnptE4pCo,1
1881,0xd02967fcD40E0149185EcEB027731bc28e86168f,0x309e1471586F7793274E4Df2417A69c4B6956Bb0,QmTCqCwv75wC9raLWDSu6Qqo4YjyPFf7GqJ6TfmTcisn2M,1
1882,0x3b95F6B755029F7380f64C341E734d72Db6411C2,0xdb4450aB02c78BA540A400c3e2429A75c90EBD34,QmQvkmX4h82u4bqtuG5HaAfNMdxLjSR9XS9p6fAL8mHavR,1
1883,0xaa8f0683F89A3949603E0d1e9Ce6db2c548874C2,0xD7137Ad0CB7d02e8DDb9c9a8F7a3A7c00e14F4d2,QmWCbxz6utSYskoAqbxzHgR188MWkwWwuoopQsg6ng6mcF,1
1884,0xaFcC0f233E28d3CFfdDA76D5dd5eEC1dd5D8702a,0xFde17d06f38B76Aa22017F88fA45ecc5DF7eB177,QmQH9GGe6NTTR4iKR1HmG6aj4DaH9GLpWorhL5zr33R41G,1
1885,0xd7981c9fbD9983931049bBA6CBEB84ff2835FC9e,0xB05519EE93dF8B9659d81f6Db18eB6236483D0be,QmUytCz2CrXyAqrziUriHGe3vCMdn93zVPnthPWZun1CuQ,1
1886,0x4F29ec94a7DAb910239932C3E4B5151b5d786bA0,0xe84A19bD3655fb4c6D1bfAcb444335620478E472,QmdeuXHUTqU3KyQWHmN8de9bmagcUhFozvHfaSfGQy2ekz,1
1887,0x74C4e4afFB1541Ffd9C44e75d3A898C35C6Afe9A,0x494531110e5A3DDE01725e09FeD7165ECb16C626,QmNiCz39VxBfYXCSFjM9u6JhLp6VLBmTZiznYevizhRb8t,1
1888,0x98BAc69E7aCe461C2f1a2DbB5453B5Ef02f48f66,0x4FB49e917866e0eA4A5A32672daF82eC5d87Fe0F,QmXamLx1WEf4fJ3JWrtVSXa5G1rRsdFPnYL5ZKHDPdMoKv,1
1889,0xD8037d0c26Fb1f1C66fD0b32C29973607836B92F,0x28eEA86D03ac9F020e4539ABd350b79550978b26,QmZijwgRPLjTRKQZKMPxHnstJtsP6Twrg5mR8s8FHzwDNf,1
1890,0xfdd76D3385E144f2cA6AC03D4ca6fFB818450f1f,0xF1C28A12D3A318b3e4d06aB2E1F69baBa94F624d,QmVLQG5b6iSj97EmUzU1mVj8ygmp8vqnbiYnmSHadMxhG2,1
1891,0xb3e6ffE77e8C0a75498898eDC11bFa416A7b14Ab,0xC185CD537904d8faF3991990C231DAb74535E1C6,QmTeekjQw7sswqBaTx2g1LherW2KPAdDmbjoAQX9AYjXT4,1
1892,0x2698cF9E809811Fe7CD0d52Ec3775DFC6b517aCe,0x7D3DFA9534FC1Ec160Fb41d20C5f895e59cAdeAf,QmXsLobVha8dFsph9y9e48YTW2BXBLxhK6NNEStj1bM25Q,1
1893,0x2DDDe2B2a2221E1F550ca95347F9f8e4A7FabDE9,0x67B1DF527b6a6Dd3918dEb48F728b3BC58C51D8a,QmTFZMtbqwPt5PtcGY4anuJR6UFFqyiYSkftWQQ7cojhfr,1
1894,0x4a340217b4aDCEbdBb18e2EBB04406097b801946,0xfCcaDfD9b2B75Abcd757221C2983d50AeF9961c9,QmXoGgDcsM5N4J5RZMFCaCPYaFX6ZQFHN7sAEq64rVEQyD,1
1895,0xf81D2f5F1c81853274315CA10C5faa894Ce4BfCa,0xA75b753703d76f1a854C3bB656C3Fa86265E1f38,QmStTjKtECzxKS96zsQQiSCKskKN94NxbQGsSNHkrVgSuC,1
1896,0xD665B0ea757f085689a3d34D953D81C48fc7E174,0xd113C1e2C7e03340757F6C4EBDfA1FA8a5F95672,QmZfr9zmu4UQTzVFDC9Wv53xWYHokemUpJc2iTJBxQ2hkq,1
1897,0x34C6996B7554897a9cE791459A9A78686154A2e7,0x73BC79c3D8280d9D38CC902253Ab63Cdd40e23fE,QmVUJEf2zRrKGq9QMn9w3kYxh74tXVhWPfK5nnyBkXdBYn,1
1898,0xfc21042008C8671ba7CF6AAA472520aC90E49ACD,0xCadd306B4E0Cda627Ad75cB9047ae23B1568E322,QmdGrcPdGeZJGH2wGkJwyTWojbtpZumKEcWtxNNP7NJSQo,1
1899,0x708e71119CE4C30DB29D502888f497219B4DF287,0xA0F129d76120248c5caC0bF91995108e9FBFfa8F,QmcWNti8nyNT3XWtNiKJi6jXdMNft8EYftaye2CHbYpUP2,1
1900,0xd27622Fa029F1687100C033eeC0b92dEF67ec762,0x50bE426559e42A249c0Ae3254B98f4E34ae4E17D,QmRw58M29ZvwPWpuVk4coxKtJwtJQCeTQcxi9rcwsxBc3v,1
1901,0xcf2E3E6F01BAab073AbbB150D460ca3c0170535E,0xC78D44d56E0cF8379b0295422ba427E407630B31,QmVkbaDiwA3tBC4t152btiVkeM4ddUywwtioDdQxXpJPbF,1
1902,0x3E9aF2fbB00dB6c738a5d1e9526AB96AC770e1c8,0xaD6A649023aE05A085678D0824000d1ef27b0923,QmUCHi48M8qiBiyk4wzenX63GfqT5JfUguYTXEG66cPgHi,4
1904,0x34aB3693232550c31D16Bf543f808e6bEcD45bA5,0x34Cf7Ac942A815DDEDdF1319ce91dEa69Af46dCb,QmRs6jCD7BBPU6QyFXKXprDjTWS3CZG3ssfyxZV7RopE2F,4
1906,0xcAC0506236C0Cb59d48a1621bAA9b71Dd42134F0,0xcA36e181773650a7502Ac86787562DA7d87dC818,Qmdugpbev8SGUfZZMn7JFkfNPanNXsVXxEKpmdgz25VEob,1
1907,0x9E3e6E04dA45a635944979a2d386aCDCF5FBa0d5,0xFDA63aAEe492844AB2CED371858D0d478A4887D9,QmNxKkXSJBQnhyosrxdSw7GBpiZtcfabmd9igrJYdpVWea,1
1908,0x948D08d79AF80C814fc3077450fd34Ae101E29f0,0x9801676c2Abc339E5395BaAFB48b17AEbd4F9372,QmeNU68Pg6XHVJo8NPPTjFLDGqSFe71vGsNf8H6zTTvPAA,1
1909,0x56FbCB8231B7f813864a6Fd8208425D7cb00FB39,0xF1df09bBa5E4440E8A5Ae410dD4E199706D23bF4,QmRJrAHS8GNuS79nTPLEVqNe3pnxx8SYkR8KgvSYcrNvNN,1
1910,0xC275aCb2d264DDa6f88481e419fBDcb9bcaff192,0xa7e372864488D7493ffE07a259783a69e93608A6,QmaHDQ2xtkDv6vjWo8Nm94NTf9TcA6SQgJizT1erCcwy5Q,1
1911,0x06Aeefe7818904b7fC726F5a79F9Dc96721A0817,0x59B7caB462E5725739144c9Ba2dF896422ee8493,QmNVXUGwL6VV8pZXPZaez9vWXgPGMubYNtb1BZ3cPtVL8b,1
1912,0xa7E9D58faae6F9F3677D1d78253E2BA5cA97D833,0xe9473ddef77B8973C30e501aF4B84B7E22FBd572,QmYmiBgeHCNaMJvBnWiLjD9n3H7kDj8RatvRTAKKx3K1mL,1
1913,0x00010CedAa94656e32bC454CfEfC79BeAb16D71d,0x89141Bc0CEE51F6F9C1E5D093402cE5Ab5A4bB00,QmX9fqqHQdq8h7a8YASv5sv4dxfag1NT8F4MPtcLJvQNfD,1
1914,0x9175B8bB6E49217e068b26F12105DbA3dd6a081b,0x7E82992D1C883F922e0cF2d91428f84744792D62,QmRM8yTdhwoAhMG638LMgdgsfCQYxyqdiu74K8ZyKYEEm9,1
1915,0xBbFeB05A5cCb12Ce377D4bF5e6A5cF71A0ee1794,0xBA70e40C218534DB2d91d86bB317a62cEa5c1Cac,QmUkKMZMp7tFmR5DgnahPLMWdd4YYhpqtP1VyfqkE9c8pA,1
1916,0x74eDb2889719fcCc952F613A323649608f2ad0b9,0x48c30CAA7d912E2Dd7C056C1fD481192060E6A4c,Qmcb83LAuiZjqZqA1iWZiwyBaQYmLmbDYuaJfYKnoZn3Dd,1
1917,0x82329512026d476b043B02d18f147662Ef2e6fD1,0x5D8e88ac5751Be8054c699ad218BdA56cCCb5ae7,QmcfPPi79ahcnxUP24z2XFTWYLMdWuo53vXyzmRScA9HB7,1
1918,0xC223911B1856a15FD590932c0634Dca5dB801746,0xF6dE3d6eB349Abf2aa7211392888e81CA7659D51,QmZJVmRe2uyk5FcUx7niJN58ut2mG7jLaysK43e4E1QeuM,1
1919,0x9f6C896Cfa92dBd4B65d0e57193CdFD830fD60BF,0x0C9C5f404943180a689670414364c6E9aF844C9E,Qmc5vcrZUfeme4d312BzAQ74hewjpUQLDQZLPVgEARfbGD,1
1920,0x6b366FD19d755b32250316363De7B62069FD87aE,0x14b8e759E1cDd510522973dCD84edf82DAdF57a9,QmXxriB1MgHJ2nd9yCtcDE7Njr3mMQ9Xpii9cE5zwr67ZB,1
1921,0x17E0Cf3A1e71eF1D09D2045bF892bA0E77FB06DD,0xd70b45437d6c87d90929bf35C4fa11AF9d17534A,QmRvCoEHrSQeML5AXJXFmeYcvGQTFBNXKaAdFiDqb1Dbux,1
1922,0x507fabC585676e108E415a11246783037B91D87D,0x97952A15D277B63cd9093738f31Bb6507dB197B4,QmZ5MohLrBKCYdwE5oQr9S8d5i21DQcT7pGQej1fN5DSNx,1
1923,0xd9C3e4024818F3958623daC57A62EC7D3E720a13,0x4B8D42484d48414F7a3467dDd8FbacAd53A010eb,QmTptGyaj6dHeJWKuyomwu5mGRdQr9pfQnN6q5QnN1j58p,1
1924,0xdFd756AfceD889c0428e0464dB7D8919483EBe58,0x8aa72B7fe620999F7a784097a1E7de42F225fa70,QmWiP612DY8tVn456JoEkM5Rmyo6DvjfUSCNycCEuVwHib,1
1925,0xBfE9Dd288eeCb4279081246F609A749c7Fd968dd,0x53AE3f85703ec52b42e3986819E22AeF64305a2f,QmQ4zXLg6jTGyLhM4zQpwwwZDajmEWgLQ4ajL6aP5WqvwU,1
1926,0xF96E232f819b164aDa312EA86E54455849b5208d,0xf06B2912c4cc98d941A0013D113f3c77c54b47f1,QmT4MKkoA9NnZZ9TRwchkuJoVhF5NedBQA56aMECqwxU9u,1
1927,0xfdcef4d33cC239E6f22D09313bB6eE95E9Bf0763,0xE828ABD66d651caE1c1bA353995241fc3e5a336C,QmfVYDNtGHoLhFujUodKARtQ61qcY3WD5sihhFSe9hP5vr,3
1929,0x76C0521E284522E532628c5427b603A673a47675,0x28cE90C8F864162d82C7FF87d52A61d62a2B0A04,QmfLxNrywR75X1Y4h937Sxd4cSMdLw6ajoapb5yyiRJr8S,1
1930,0xaBb2d07224a3DE0d204959f49eF4190cEE295d83,0xae4d11613AA9D723677E12cDF21Af839459bFd40,QmenKwJdKrhr7ogfgj7Q7xJXuaDUzEmTYG3rWhY21Cdkpt,2
1931,0x176E6916150d1fE8caa31c1B7291625752446BF2,0x71535AAe1B6C0c51Db317B54d5eEe72d1ab843c1,QmZWn13KrgabrYs4tBYs8LgL8MKr6ZRixNvxNpTSymNkRk,3
1932,0xc418cb5075bcF37ad8Ec85510C296398E1588045,0xE391bC78F648bF1b99e88593a3497E00B4192959,QmfR2ZiWxRvEcGmznPfkMfJbtQnz1CjNA6tt8gE3PqEVgr,1
1933,0x86fB1f7F153F1e0DFA6ff77C0CAe3E54Ff00e0F7,0x73f7cBE1CDD6b7BE50502b451E6eA56fDF0F7b91,QmNtC59DQ3bHemwRgv7YHHJuASCpVUA6XFXQGViUHA7C6T,1
1934,0x8B10fcA7cA51ceF24673b87e113d544A0f98EEA4,0xB609099b6BBaB96b126d2542A8d521D6ECf448F0,QmSoFRZFMQPjyTBVVbG4zQyCSWV9G5qxAFwo8wfpqKDLLG,2
1935,0xa9300648d3ee446af5bC4644c542A76249796127,0x7AF5bcE7Ef76dAf9b03bfbC627e6DA289180e34d,QmWZAWZuugkjnucmD8mzmAvsJnyvU5UGRDWL8dZNLagMZi,1
1936,0x8713A4B6f40d9c5fE42343370fbCA6eaCd286Db9,0x752aac9Fb0b5FF9caAa939Bc7E3493ae5F5dA5fE,QmRd3BQeTgq97g2d94WQDHSN7VMECANFiKfd2bJBYkpVXv,2
1937,0xf7602c0CDEA6f1eb082D0d4063f80EdD7e30363c,0xd89F57679a61c83aE3160942e7C6d1B093ed56Fe,Qme32sn1F8p2GtsMBZNDHZGV7nf7q415ekR4pbunpFzddt,0
1938,0x090A3CE258756F17F3EfeAe1b83232743Af59476,0x979875010B9A7925c5955de120E483CF56998e48,QmPq7ng17WRP9FqDQ7YK2R1Estbheg3LrLbkYyCFbQDcQJ,2
1939,0xd9D345F36316433C181B037C900a658Aa38cc123,0xc2395776F961C2CACd06eC11E5281eb230C03e12,QmbNuLgGoM4pDuKW26tFRAF1YB7rEb4MFGc8TVLquPDRVS,1
1941,0x9A8C9689b4f33242075d212f78E7e172E5AA7f5d,0x74B4a7096C954236acCDE57c2b8535Ed55F5464C,QmcYQtWCRh7BRVzBtYPbVcGYFWLJKMtscqraP3qtcyJwyD,1
1942,0xFA4592F63aceE550A1137C8176869B7b9f4B94F0,0xB6188E6d1cA76a443CebC5413DF9d16659c5eED8,QmPDTAgdVrsJKettpJQuGQkFQ1BFbU8nH5dseHaKxx5psg,1
1943,0x668599095037EcbbB78651772371281B43FD9a36,0x716410bFb864A494dF9b943a63E942E6E895d21c,QmRau9rJ8UrV9a4GZ7NsqenNqmGw67VoAi4QvD8QiFBCNf,2
1944,0xd04677c23d66eAB0437b588170CA1fF94186f305,0x06C57207adf91461a63820A64aEDCd4b24f224CE,QmewyopPwBti8cqJiHiedmdbZMLLKFzaZXDdcESFK5Ykwr,1
1946,0x593C9A2a9f375cE2E1bB340Fa586CA602C8D8EaF,0x7442411F5F176E3e2E0c057C08B7f2993Fd2820a,QmbD1yepTj3dPgSdNqVUipfbdcNa9Gpfh8vDpGPqo8kRUE,3
1947,0xC65F2FfEFc8A4E380b9fBbe755674Be76632d983,0xEE5F40609F3ad53d4De2433109335b4bfC28E521,QmQfK9HkQbGUfPKyFoWBNvKmSffwbvnkFRYq5ALfcaCL7o,2
1948,0xe091BCab9d713D3767c73d4F2F7A454edDEdEABA,0x65aB9Eb45fD0CF121d4D527bE37c9026E1b7e918,QmTWYYefiKph3vBb93vwt5kTvBeqnWEY1FZtF358oD3knX,1
1950,0x1aB23520C0d99c422BDeE2ecBA27D179327B05df,0xF4f80fD1bcBf407AdFCc17c2F27a4c262bc4A8d2,QmRGGXreyXNWR4wdJxRPoPS4qAjqkmhgPynW1CuqpjfMmG,1
1952,0x84794BF3bE321D1493c0930A37ECed81Df1FCA7C,0xf8CF9FD2A2E81c252dBea55E3d0DfA5314E1289a,Qma4SmZFgy32wbwKgXQFpvurmHPG8dU5Yz9GVAAZy31zUx,2
1953,0x94F7220e7b15d322DF2F0DD6c0Dee816F025144c,0xE3fCC1c4E8e3d38e364dCa5Bc5d3679eA52D17d2,QmP3cmvZs8D5HkHbLLmZNcXApGKdFnF4MNqkZJ3juLdvgV,1
1954,0xFd94f805EE5A5af8863fC2ede33a2c467dA4dC21,0xca20B9Cf20C3525e174E774739e8a829Aa5e2c0c,Qmd7ovGrcBpajkqr6RXSPFfVtK5193RZSPEPqwZmRhwskV,1
1955,0x184098cd72a2e10b99A0322BD941018EF715FE90,0xC02e18A92964928Ef4C2645f633741E9509B25B9,QmeR6MQQE2oBWeCDABoJ9LuEMnuYG2LVVHK3Dp31ADArZk,1
1957,0xA67beD6305305da5F0cf8702B00618945A8bCd01,0x967efCB5d28826769e5F0E659cd3d1905f5C47f4,QmZSimS5DV7iPDL6aAAbyrTe2NC9Du41fzc6xhpNm8T9W4,1
1958,0x6036a4d6C2F63aa2c01206a246c2d7b07b6E12e8,0xa8126112D9996C621c92f58C51090398baf29669,QmYnrVSf2nRqphEgNdG4evQukN2CgGxodLizc3UwCgWauF,1
1959,0x9A60106F2F3Ed9D215B3F4E252A53FaA9D05599A,0x2864be4B616BCde06a635776DfB4CCcA3D2a0Ed0,QmdyLiaXYKBoHwiXUbtNdP1jB73EL9hY3V8QbdEWkavuJG,3
1960,0x4A0FDDe0B8C624D67C449d0d507684F647A64236,0x155593d6464Eb83a589414FbEcf20a5f445bb640,QmYjhZRkdQDGKb96Jt3ACsikBqnsGTmUGhL7hjp3PwVg6t,0
1961,0x685b1164221c53E3d52B6de5604D5038c1B41b96,0xac3458DF607b20B275df49E61052Fe85c2efF11f,QmPFmW4KMpFBav1s4qsWtgonaYQitLFhiBAp7jLqUxzVtz,1
1962,0xACC595b400195d430593A9Cb01AD523761E91496,0x7CE3E44f1c02D35e530C03fCff19De23F15Ae60C,QmaKVPJmJy1vAPa2Q41ZZEHTUMBVaL51rWyuYTR7LBWZiv,2
1963,0x5BC8F7654228557966e67fD2A873c80897cd1f61,0x39a986A0c815b656BC3A74A7028e593652eC521f,QmdNT2kce3vovo9rcNuf98uewdz1PiuEKK1FvbLgStdQXw,1
1964,0xD38A62AEDD4F7F9C9CdAfC2ee750538fb406f040,0x5C7Ab8A5f02ACC6Bb9d1F5304C588bF8472FfC86,QmPcM11CGtFoiwk5zxtGU4B5DNur5dT8Mn8CjjCsSHhhym,1
1965,0x25cb39b18e959851a403E3dF494d3fBBA1B15c58,0x6AFc8fc9b1DB42904503b16DAE1150BC38bb23aA,QmXdCqvJSrTvsEAp2mLg1osnmFEj14qR5ssHjoqoY3SiRh,1
1966,0x7CA4087EE7669d4AaF9B67663a0E999341467D18,0x259e3E4eDC114109219e4B490edb67B3213Bd69c,QmZ7jhwUBwV8r3yFoCqbAnFoXcQbeXqCKpQfcazwnaQNGS,1
1968,0x632EE7EE10C714883D9A083207e32952af420842,0x7CE2e668F9136802A770273dCD423417E9Ff3652,Qmc4L3VQkU3jTbQVaDXSRkpW4CunJM5UixQQpeHmte2GAS,1
1969,0x84662842B1d52c574a9b92e25cF9434CB8663A50,0x5CF3FDD9c3200d92452C755896bf25fa3F748a24,QmaZJUZQP4oCKAMXyBxmbZsvAouD3wp9WKMUyyBdQsUKPf,3
1970,0xBd7721D29f92879BD49a5DAB24370535FFbAC6B8,0x1f3D60acB224aDde650790F4c90470634E09D13C,QmQCnyYmyzXYCzWir59JWSjfnqmjkgboMefy5uAJmNykf4,1
1971,0x38AA658F633F62230685e7986039d053e1BE13a9,0x416A29d1e4EF38e4E1C1f48FA101e7fa7FCB65FE,QmPhsKDjWPJYxhzf4twptR3oepd2iQFVNPpcP3exaYjmHA,3
1972,0x133AE990fEcfe0Be867dD158EbB0211c95292f9e,0x8ea28f77ed4668E21c77b17cAD427B22D680F4c3,QmWuxQwj8BRVmtK37NCBaLoUu3qtuGtXBRYZnVjDoayeJb,1
1976,0x44F51924169eFBe46049005f267D53b3F593E088,0xE5D9d0Fa5779b7EbDe19E8265D7f25e9a01b2dcE,QmX3FHSgfN6hW9aTSULT7ntJamdHiJSKDttttSad9bkFFT,2
1978,0x8e39864D1b37A56D1Eb23E6415C26ba90ffc0276,0x283AF487868CeCB95C3d6f586214C70E095e96Dd,QmeJRxM4f9qHSBWgrLwV4bWBwfyd8qxnsqQjocafZFpjhh,3
1979,0x15c7e888954768bAb36cE3b2A741b538Ba5f9556,0x72FFADC6008325064E0C376d3628CBCF4077B0F9,QmU4ubBNRjbsUCp7bDJePxGPDHj7wuYs4Lk9WqBAkFmX4V,0
1980,0x04672667d745279bF12aC45d6667bf7809e70Af7,0xedC47d87Aaa9067622EF6a03F4380Cc1B769042C,QmUqhEbyYXzqx3k6swfgP8b14Q9Dg5ZY1j2wRKWxASSrg6,0
1982,0xB6F7777D853f5fA08cfD383ee311Dd817a16aB86,0x12ec4e681195e6ac5Dd06Eb80935c2F2DC11f2Bf,Qmep4TYbDMGq1Pp54aLZfpFC1nfVD1PHqBBsURaonF2vJF,1
1984,0xf397957d9087E580efced66d3B681941322f74E6,0x0D7635E0B2fa8D06Dd207052A691DdBe2A34A530,Qmb5KGWQpzHHokj6Ee2MmjbehLX9MD66iNQRJLdn7ANsvU,1
1985,0x5037734E1203451bE0f06D9D1a6B520A10aDBA85,0x5C54330121Db1702b64CE35966adB186e6a6a7AB,QmWEtuPGVDniJ3zf8oGBRU2eGRuRCjnboacjyQ6qSaH9Wy,3
1986,0x9ccc200eBcC76A58090f9e3779B1c10908dF9403,0x501dE854259e41c339C03982629E4bB5576F9B61,QmPTjPLZXzUYvvMXGvCX5vhzff1RbpaP8at7ZJRkW6oUKr,2
1987,0x85d95e6dEd15f613f7108f061C566dc0F16A0038,0x7BdD41cd947B1202CE605F5aF5f80890aBf49ba0,QmdNxdRRoBzNwUaNnfDudEP2RSts8anTwgVZDtHsWfqxP8,1
1988,0x84dd71e49779514d034db39a5FB3eeec216e5080,0xa93ECfDa2a2F7faC49cCB24183844abD92CD864e,QmZr45D3f9cznsY3oWLSB1khh8xAowfT1CGTAnXyAwvns6,2
1989,0x0031e4fceDFE4c8b5568489a72b474Ae4cBECC98,0x45FFA6f6e6Ed216E9D9019238E50C16322027Cc1,QmUMvVtCQYbqnn6BhauGYTvfB25zQf5Bqdg5m3XbSSwcJk,2
1990,0x9B605795E6BC944E1b55841A3Abab8CA5C06D300,0xf4EF89DD10Fd0e6d6064c2fa2e476a48be2Dd097,QmQeJ8u78r6yM1mmYoZi64nq9i5TCSJhBs3aY1ikYQZS2s,2
1991,0x3b7b13f2BA0AA1cdA23A3D0227968de40990f472,0xB1073302989f8ebC30C363EEE24711f40F55207e,QmaLSZapPrL5bVs6zCiFy1so7Qv1sQdtJUb6wAXirxYSRC,1
1992,0x1E688409635097f3fA10ca08fFa34F41Ba557749,0x952FffA35088622f63708E37F8FB435f7c332475,QmeCVMaMmeiYSpT1yaSQwCJwKKBXrC1haPjGtfkoMkRhuD,1
1993,0xC49f94bBb3d870FAB61cC34CC319837dAED9a059,0x4BAA17b36018c709473cd7218a65849E12667E56,Qmf53hRh3jmipe3E1rZsqoncW9uYLL3JztHANhcjn3fLxf,1
1996,0x1017e0773e8D4D080B83e5599F94887327A0D6B7,0x30cca4A5706C21D36c982b58DEea5958f5bFb097,QmZKnFGvy1h3bkHGr3jj5FzTPbZRpP1tpjvpPKM3HB2ymb,0
1997,0x6AFBB257BA71837FBB2e31d101D6b60369c65163,0x40Bb0bE4171a888dA2a6C46aC6aE505A63FB3aE9,QmUyhGg6h6ym8LtwEQaWn2e4avrGqKH4zu19XU1Ug9iYUP,2
1998,0xc944C9827B0EfD3aD7cb48E1e4E7976133B6A216,0xe42F220a32bbb97C2ca68b8B5146A4B36f4c9938,QmYa5UdzAtMDGnr3RbTFek2JCALsu2xtxA6gps2JfMb1dx,1
1999,0x288B86E932fEFAb02418Ffcc239314B597298aeA,0x4F7F9456e36CadAa7c0d91d8899041d2cA701288,QmPzaaHMqtCztoMevgQqkhFn4FcYstRDAzFh4yGbrh8SzT,1
2000,0x4144567808A38C1A241264Ecf85dd3Fe0CA08A3e,0xC6D1e443a74374848b6FBFc5e6B892E41c1CB4f1,QmaBeEGmwHUbtUgMzeq4iDZQjMB3PoZYSB3a68eGzGJ3wx,1
2001,0x856B575B4dc7cC8CA8f70974AeCEEc1C5df329d8,0x91DEB31840A4bF1F6ea3Ea55dEaA7a15433E3151,QmUo3nmFEPtV9B1U3keRRR12pDxiu4CGrRLnan3iPCHZK8,3
2002,0x48474a5C1B33E8De4E1292fA333F8D3eA14a86f0,0x14326074ECF4a630A1FBdFf861b42Fc8e690667B,QmSctKngm89mgGYFBz25Tcepr2ztpaoBB3MTwiwfhaEpRG,3
2003,0xFfEc3F58e32E1618feAdFbD6be17479B5039Cf4A,0xB8aff81CFeABdFe69c0C4d12b77090Ec4d50666A,QmbyQkL5MipKCibBakfKgyZ35CmBva9ePstasy5LXf18Yz,2
2004,0x459E295C2AC9f9F68826C37C4fd3c04a362390E6,0x9e2dE6c3D858309D44B8A961b16A74CD1D21a35d,QmWCFXoacoi3T1AmKpWwVK4zKZfBqDtteGi8KLS7zGSWVH,2
2005,0xEAB9830795E2D6c2C669e6427152D7C358290F36,0xa74EF63BFFAc18eb2172126909145dCFae623257,QmYwYY3MNFXxUf13uPtBawQ7DcCJyfb8FBhXvsgNCmoTHp,1
2006,0x54032A50E6b6830eB3b1a878B26Ba4C73D80b388,0xfec391411c560c89449A1549A2FA37699453275e,QmUzS5ab4kTjyyeGchh2ae9AaRUema9rL9VRTLyywVWZ6v,1
2007,0x1DE6f06Fed215464c1223332Cb657E16203A17Ce,0x8Afe875d4c22254b7ac0343714B30A9bb5a3D1c9,QmQ7gWY5DWjoTkcBhdLvHzLTdAPW4c1RESUF5gAzv8V9oE,1
2009,0x381C11e744aa283970f3f53aa464a69256c140ad,0xf1756ef327719f941EB26cf8A4B42178436A1D30,QmRZfGciLDawKTdqCGHWoSCQeoPhHPWkK11YiHLJSZ34xt,1
2010,0xa75E862a88A199C4679A3DFeFd00f814a665E552,0x7160EBD4159504Bd30cEFd06Ff755Ad455b520d1,QmbHjXQYKx3ZJxuxxc7Tzz9F1LfreJbxzetugqUfBBGJqY,1
2012,0xC90885662B1231d44984049e414D71E78e5e6163,0xD5FA8c09d8535670CE1164D4F5102593f6BD1240,QmYKeeckpZ2dzajW2D1WuJUTfrFWtcacg5yhH7YtuoYayg,2
2013,0xfA78B2a51bc469636B2522B7aa3DFaeAC3F0B2f9,0xE8a0edaC2900E918A8995f7EA4d32259C77185D5,QmYPXzoYPt7NV6go8DbyVC7K4JS5DxVAHyfCTGcMmYDdv7,1
2014,0x09233d42DC792e588b68a6Db92c45F4555EE1D15,0x5Ae923E68436d29042c37ddcd037Db58ABD19032,Qma2Ady8BDhevEECGz9wULPZbzHZm1uCzdMe5gDp2YEqrR,3
2015,0x8E57aD61E8D17A5CB9e8543b7d0CBB483ae08278,0xD0762AABAF91221bCa8D926C4D87C5B5d509395f,QmU7jJqAZc3Tm3X6J9R2FiqVNxwuS9byCXoYg775QxSbTQ,1
2016,0x7A6C62388E1a4000Eaba3612CBD323a385bd01C5,0x7A939fBF5967De0FA330D6096863c50BA92829Ad,QmPMifLJphyJkyDW7FS4awP5mGo3HopMizaeGFsVwoeUyJ,2
2017,0x62f82757F8bAF8F6F4A3FaB8C9A4202261C135f2,0xd1F4cF428835a775916Dd767e11553b5649EAF87,QmdVcMsCDfF6UPAq5yN8RAqc4B76pTVUJiBAMT5kSvPhY3,1
2018,0x85748CF8c80fC9407C1aE5424912FcE6621f5e3F,0x409017A1C404E456CE93191929B06B1BaB5c918f,QmQGyuWvVX2cGW6FEr1zWh88b1WuK8h7TjJk435jeMRP3y,2
2019,0x46013A22E4a7EF9c74A892C3520B45a47160244A,0x34B20E68f071BB5801714EC8486d4e2fBddD3184,QmT3uYYozafkwBA3Tvzb9YT9hBehsTyYw1ErfLByP2BCes,2
2020,0x6c1DD3021514B0338d051F5AA71634517F9c6a1e,0xE36dEE0392194E0A4E592850CaC1bD88d9Bb719F,QmTuP6xEpedZsqM8aXPsqqZocqSwPjp3GjpnRfUVy9Da1s,1
2021,0xFc55E5a2F228bBa2Ead929259C2aCD3380dF075b,0x3B5893cfdE737818386F09AEC818d4dF44144B83,QmZsR8p7WSEBAN7ModjahKsDxtoXHEcXJB4YMvHpnhZQTD,2
2022,0x420543d6389F95413cBBf1a4d0192C5841692076,0x59c1dC548ed9B7Fc82e1B3Ec23C038Ea8F3Ef47E,QmUDVhUNdaBafwS1utvqrqDEJXxiKz5RzoWh5oK1Y6dtgZ,1
2024,0x88699b701C1a3E3219fCFBCE8E4Bc2c990Af66fF,0x2B565d4089A768696E9EAE80234c2E59E477bD5E,QmZzcUfBxhPRQuzfFeoi2L23YBte6x8S3SxHFuQNZkhLzn,1
2025,0xdEA25a06FF545f28451ffdCddcdE7ab3552840D2,0x6562c457388Cee705BD720e19FC228DbB6bc4648,QmRqT8NEihDawHrcptKtZ2FyWrmz6QuNfQ3agHCgRMnNrX,1
2026,0xbc9A7C1F0FB124372544A8E9Cb21972c8261c73b,0x6ad32e2a06D3aBeC622910e39221b58597e218Fc,QmcyUnCyCuassrH3SMEMTDGup4n2xm1mqJLtnJauh7vgXE,4
2027,0x37Dba29fCD313c10a167Fc1b1655786479A488d3,0xAb3f924101E3568dfc8eaeA921eedC3511a79A11,QmSK2CnDTMzT7V7GApMV9fQ4cQMCa4poY7EDyE3GX9YeQV,0
2028,0xd6Cd777C396345aA92137519ee21d578E976FA2c,0x0165e971Af8628b046a3b34D9981EAd252f17fD6,QmY8r2s3TFS2KSBPtB38QuFSRQ5SYbbwkQQPEWH3d3ZiPq,2
2029,0x2806Ed6488D5669b4c585C31D7BE3B950AE59B35,0xF6F81d31877eaf3FFF70Dd632DE273117c87d951,QmYc1yCrZfSkK7hbvKMquXDwzwjswBVvzSpfpTu9wYH8vP,1
2030,0xc091D2d6C108ea71E7c7B54c4C8704169f67C2ee,0x4382964E09E1c402024bd504655904fd90A4E981,QmQBSVveXxMR3aFi5zLwWDqSYK1YjYoJeMDTLPzS84w2Go,1
2031,0xb1E1272c966496d89Ecf32Da44D4bdB283Cb2812,0x21d939897f9998771B7eE3647bf81cd7D0AaE044,QmNnxtUGA6HnYVnHUKYs5XDUHnVzFLt93fYurKgzLvUsva,3
2032,0x5475eDe0f7F15974c648204982623DF105Eab9d7,0xe775fA8B106f428a5C96f80A53b2Ae01c8ac0577,QmQ5aifRsUqQPQZnoHZ4GnZMowh9dzpuhPLsJXqhP6RD57,3
2033,0x7D59bf25502ecF573b896A6bc3F68031b3c17275,0xBCcC65F96caA4D6b5D03628Ddfe2665360BD6910,QmSbXVE888hudypyQYBrtkGNxGmZTE7BQRotEVrgkNwQuX,2
2034,0xFa32ba948F71605F505e8caEBa114b17551f18bB,0x8666F346DF38C7e38430690397935259a3B782A2,QmUy2PXDWDvKaXWGevG1LKEYkeZTzJqZXrMi44PDoBUVY4,1
2035,0x739112a67Ee37187e2C1EeF0626E0E20B5F24d10,0x864a032FE1FC64998cC135808b13Cb981e532ce5,QmfUZED5kQYGAerfw7Wa3gzPJAqMcbZaVBNdeQodmf7FGU,1
2037,0xa932cB939687b9c9e01d9D28D6703eb1a484dBD7,0x8d4456e19F057E5914b0Bfa26abAdcFdA5664313,QmQVykoGU3E595HWurDb1fcrHAtfLnVpedgHmLpCFyUMBD,3
2038,0x04AEbcC4BD654636267C3Db67f7f8a2EDaBC34B1,0xA0bBc65077467317674B4Db02F33A6Bd986C7d4e,QmTuDsqkGD16F9PKVK3fTJLEJdqkaC9JvSeCcYKxGbfSsE,3
2039,0xA8D6e5dd1004ee1a12cBda26B6Ebfa9eEC6872d9,0x10890742A1a20A936132072C20Ae77b081486190,QmerMLXSvPhgcw1uZS2ugACPfSGfMieFzZLWEBwMYR5TNJ,3
2040,0x1835a5cade66C0C14093de76541F14e2e80859A3,0x2D062f27D9e7b6AF3bA00cD233A57a5331Ca97A7,QmWQbCg2nQUA2RzH7QfSGDdgo25Nap6DEZNfqU4hNWHPYA,1
2041,0xe362662E9Bbc4ed1997ca53519553eF7D1CF4b32,0xa315377102ACC6a2ADd99C0BAAD2c9012b95B240,QmS6tz9nHDQQjtimizi6RG6huThLGTn8aRxJb4Vi3Pg9qv,1
2042,0x62218C0B16fcE0d31a8c974872421540965E765F,0xE2aC0ba7441176e67FE542C42902e914569f1c86,QmVqq5dSfEvC6bvos3K7Yz9ssx5UTmCzLJjTN5Kah4AAJs,1
2043,0x17745fE865BB77b916183e774aB7B551AcdC8c2B,0x3cdc6F91d41F1738e8E1cbD2A06F64dc6Da5b0c0,QmPXuH4vjMeigcDDvQ11xx2M6Ku7B5EE8AwbCVyebK53sY,2
2044,0xBabba5DF7f3Be9Fd45ACD5C50742dA5E01792e62,0x665b326F1E566ab223B30f30B05B2C3955890a44,QmeDhwxPrw4YXRYZDhmtpthBVpTYW5kEQP7ZzRZRDf63N8,2
2045,0x261452340F5b0A1Ea45A9ABe39caE3Ee5Cb13e95,0x310b42CBF1937Cf0817aa9Fb023De7f08eE5e99A,QmdU5icXEh2RUKp3yWq1oS9Dm2vrSynAgD7ghpDWsvxbY2,2
2046,0x8e7e4C3989c7fE4e55E414AEf9CaCe1013b6D48a,0xA03212da26471B3d55b1DC5904010361Bc034f4d,QmQNufNGNiHeACp83ads8BkpzuAESGGvzvJ6bCWKd28zVL,1
2047,0x031348b6555c36649972F625f34430E966706Dd8,0x77CbA9eCac354862278091387e11455765E77c8C,QmP9EyP7oq3CMxcSVYJdDrMAzAmwFWgn6dxrrGft5izECF,2
2048,0x0d4dfda1Acd7777aBFf64f6dD5E64e92a4E4c4D1,0xB7ABdd02d437FE0A8B26547f2f44261F25843Bb8,QmVW9cupAuhJjpDLtbCFGXwgypM3YsfjJcAkd7wPnBGfLu,1
2049,0x3Fe3b6580E4a8cdd60C1e5fC439a9Fc69c7C1Df9,0xe8e38B3913df120A07Ae7D669e7DcC2f11025C31,QmSTdwubYPoQMDbphCXwd8pnswBdyQtyXL1mq7eQw8Ea7c,1
2050,0xA63021dFA46198591181B622ea630F1333586bD1,0x5EdCba2d941c9a43Cf31BC957246406Fcdc06152,QmSXBZzTPHM5WWh2w8Va43HgP6U63A64o8WTTEzhMzJGzo,2
2051,0x565c8db25070E877347913Cb9A407FEEC66550FE,0xc499afB7a48CdDCAE12c1BB12CcfBA65C00f6A39,QmatUjgixPY27JpUR2uLDAAHDnypWxNMeYWwxsPw7WHuRh,3
2053,0xB5bdbEcBd98e83BfFB76F388E22eF251BBD50CDF,0xf158a9704Ce17B87AC5118DF611a1A9a56579b35,QmbtnJvh3fLNFfA7F9uxUMs4d6hXD3GTKjru5QGK7RxvF1,1
2054,0x68492627CD8Dea45A9c11337a0A0BcF0678E16B1,0x886B629F5beB4654701f6432137DF3e56264bd31,QmYEvG8uDCewUbARe7hEHTkJHU1HoFZXKd6vWJpyVXKuVd,3
2055,0x0c5Dc8D62598c2cFAe4Ad32F173ef1e71805D9D6,0x507CCAB9c76c89B3Ac3EC124c8255bAEc1014167,QmaqhJzn1jHjFJUgcnWdZQNjuxK8TNtJpD2NDqcrsAu6A5,1
2056,0x4f65c7587e973C13dc11507fb1660b85F6F8F619,0x679e48815FE89662c12eb05c7Baaca9674973Cc0,QmaAJHqBF9GLo624TXb3zhqnBgfce2mq3qh61uV52C6V9b,3
2057,0x95165DC437a3CB2A6AFbF5Fe35AFd92bAf30Ccd3,0xe9D2b3587f7ddb4891b1aD3e8a07d58d5A3a2C29,QmcY4q6NmKgXUcmNZUDoUz2dz6xa7XA7qKGxqwXfC2DAiL,4
2059,0xD25A7308908A4f8aA75011F7A72cA443044146b0,0x261E97c0445cA180fC096eaB84A6d37726A2A34d,QmTkTLRqh6Dkyi3reDcs6ooJRByj3FjW7xDMCp4uDNVtXB,1
2060,0x19f85fe1AC5d79B9D76737b93bfb1655e4Fdb8d0,0x7Da0355397aA56ec7121d8dADCcc04550217a188,QmNjfJun4hXpbNAW3eN7kL5qdHYUVuHzTeW5xzeY1CCTxZ,4
2061,0x972D94F0b462867edef9F761140790027830f278,0x9eBD57862D98A5C7567A179FC7e53fF7176A0BC9,QmT7JPv1QFbomYmbtnApe6uCMEfDg9mDrFNCLy6i4pjHP2,1
2062,0xcd160D0839FA62Eb167278BB7206B91A6fA97822,0x7a0f06055713BA59c998e590B54C7Bde07c5b359,QmcDPhvMnqx6UmNFBn7Y7kMDWYv6dTKfnTw8nywAcCgnD6,2
2064,0x7fB0C8615e4e2E3f4FeDb70F9ab9b8311A4BA0bF,0xDd129C681C57ca10A93fEd09b70A55c7828813c5,QmNgVp2C4Ss3eaPZUMfqJnDC44aNaJuPUDqL2X1j7MwpEG,3
2065,0x7bDe8BC22Eb3d35Be0b6C3Eec36249c40a77B945,0x057B08b98bf2264513DfB0eCE149F454F82D1664,QmbwUVVudbPG7uDYfGTRUxDPkSq2QTC5HzihDmZ6fRCExZ,1
2066,0xa99A180F65C05EC6359E75Ae537543049dEBca08,0x066879174f3d41a0B481C0A66f62F7C1586deb37,QmdgbJu3REpbiUGnUAMaiEhN76Cw6nqj9Q5J49baKfAGY2,1
2067,0xeF69910Be662bb4F2a8C02B183c09ac518a7DAda,0x6d91a563E2D0125D45BDed359B36b985777fAAeC,QmQxQ7H9SWxdT8gaoRopcC5pFHGSW2rYr35NwQF7sDa5S9,1
2068,0xbCeD97595486f12cC779fb7fD25C80CEA9D0365f,0x83FfBd5B17F9Cc34Ea176916C017EA06379C906a,QmYBFjZMWsCANuUoroZTffnCNMdv4G9uYwtaC7xayNJdRq,1
2069,0xbE2f39F290004E6Da186248E4cA95715EF549C14,0x9D80BA83E105789EEB4125D00c571aaba08342c2,QmPuawNRc8HDCBBwzGL2a3h9B9mdH5CfiKECYzUeBEFgSu,1
2070,0x338C171ec06CAc8AfcB484119c3AE2c906A2A0e9,0x1073dB69BDD171348E472BAf83f801AD71e4444a,QmXL7PY1Rai7VqEkHWqYzADLHmRmsdG8yGSApPX7qiAfYZ,3
2071,0xd7e79b067a63284f964Bec1b049e0D3A7EEFBc21,0x19f5911E4cA69E30449aD6BB71De341F01F118BB,QmdrXrVch8s1KnfSPhC1bYfopK5zq2WPECCrrX2Q2eazJM,1
2072,0xeE4B3D4Afd84E934bd9Ed40086dBfdc263446D1F,0x8184eC25479c7ABafb62def5bc4cEAAe070E4d78,QmRmGp4V162mbFwAm5c2HuzbCaTLyHHYAU8e3SmyxFb86z,1
2073,0x2dB7585B6cB9875f93dBef928327179af2ACd13F,0x89c4E28a11c782524f73433EEE9964077c9283A5,QmYDto91BavGJ6YbGBHZ2mcecc12HJUSaVpz2s6qJMs9Pu,1
2074,0xD4470E4bAa5c9E7c8cAF7f81cd65cA2Da49773e7,0xd3638Ad01F849FC194969d3F301161af9049a198,QmcXekRP6BahYr6TJzgs3uL9xyvPc1LDZQmvEZ5Y3YVCYh,2
2075,0x4CCdb26cD23F218cDd0181aa8502B372b014afb1,0xcB7968aa0F1163958AF8417A956fad5251bE5DC5,Qmf7z9oJwp4k9xqyWUe4MRtAcQrRHYWSwhqfEYWStS5SkB,2
2076,0xb44fa98AAa5984646bC8A6CDc83194ef94f9E82B,0xA86F4e6586987Ebf9005c82301c5f48c73882cF1,QmRBdYQMggN3AkoRDexnr4sgfJfwoy5Dq9kQBXkLdszf5d,2
2077,0x9774F84d2046A952fe5616e2720B0259ED612e36,0x6AdaB59b84db267845ccBEd399E39F6F5551a9E0,QmSLMBz9tUSXWvbUT7MEzMpiKYjFs6daaPhCciiUpzps2i,2
2078,0x58464Ea0a83aF9ae14889aCA71e5c66585C3AF7a,0x10fD42f02D1a3fE88B489346537F9da8f4Ee66C6,QmWVzFMauhBS27oQm7wz7Uc7ekxnx9jwJtR5Yu123nXJYn,1