0xffb345fd64749d4314587f04f30dc9ddef8056f3,109677362072156000000000,1,0x59543A8aF8A67b3DA066C16Fe61f94e581354FfC,QmX5vADrGCiznf96N55CcxcYU47zYY8W28cW6RP3UVKsLf
0x07fc27c075a142789f316484abfff9221f0bc1f4,173118640908415000000000,2,0x1e78AeC07AaAc96460BCf98C2849b922F98cD606,QmSkhiLkSYSRqfBpmn7LLRsbU9z1psgeWmgo8MRzXyWw8r
0x5c7ab8a5f02acc6bb9d1f5304c588bf8472ffc86,3375250960700000000000,3,0xD38A62AEDD4F7F9C9CdAfC2ee750538fb406f040,QmPcM11CGtFoiwk5zxtGU4B5DNur5dT8Mn8CjjCsSHhhym
0x54cf29103d683104a37e8c5486010aaec8b30014,639580000000000000000,4,0xfF582d17C8124e7Ef1cE60211c798D822af8708c,QmULaKGSdbB6DFYZchsPGiHDRoAvyc1WDkWWYsbuAem1jE
0x5d1c0df7b16d122768502e853ff375a8d153bb56,40241577510514200000000,5,0x6034214b78404d37fD0C36cCf213b1EB2D2e2bd7,QmUXB65y9XP4YNfXGhq51Ub4EGpsp2XTYdSu7MXfgBieMB
0xa908cc36b87732cfa468ccc869d45437a4f7c4f4,3166758881097950000000,6,0x1B3f47686dd500e2f5AB8209f0EaB4c43111C9Dd,Qmd1U5jfyPpVixtZR1hS5C3Ezpx3jvD9dD3DrQp3CmTDwo
0x42280e048125eedd8adc22384017dfb88df896bf,2501695000000000000000,7,0x6cBf855403896EB231a6075eAc8BD9d08534D537,QmSsbHiLsYM2iFt6dPrxoCwAzfb4TWPFPVrHQB4xbhK9o8
0x4918894d4a98930d3ec574b4deb429b11f1aeb65,10456521934890500000000,8,0x5a9eC032F3E9fD7B13891DA7Ef22022503286647,QmciXzKgp4VDESJKNokyqXcykotuiNFeyn7itf8qM6TEb2
0x711437c9ea753167994f538aa09da1432e73d35d,923281356936957000000,9,0x53bD36D5ca407748Cd41fA30c7F12F45b4bAB651,QmT5nNEVexGUL1iNScF4GogBfiFY2ZbDd78o5PV5Q3MbFh
0x7f0019ac3c11c90064940e7c80d32a8ac0988293,64880904007617900000000,10,0xb7E83d2442AC3EE8290b6371e5BA7a2E4e2fF5D5,QmZ9VoYpH7rbUPyPTcK3PDabdMRRuxXEyQHdzTmdHteMG7
0xb8d8bdaa717ba881250390fb2576d136d1a61908,16045809661161700000000,11,0x91Cd803f1c6f20555C58710bA5c555b0dcA0a25B,QmPYzd9D5cu7W4iJsBj3u3Pxd1fd8rMJMS5yow2efK33cB
0x8fa33056d9067ba93bc89a3366aad64952743028,16411746732053600000000,12,0x7DAF9D49602E4a5236a573cDc6936ed5decF7455,QmavYtPesHq5J9EJXbuDKNzBkNvq5yMgknSGZnQmbZccWh
0x20e76b9e84e1f77e3b2280e7918d63ca2eda646f,80052894831551600000000,13,0x11d24cf59e3ed3EF4eC663D5F24a4F50C06311F1,QmSP319AaiUEKKK1AHNyFatbuxNBDyMGuQBtbwhG5rHg4L
0xf5dd4d8016a5b99e85259b328521714db5409d45,677416472871679000000,14,0x3dc6d213c133ea872141fD8726b02B30af8E53fE,QmcCG7MTtEe5icN6M9akGShsjxkeZ7LasZ2PJ9oySbSopm
0x507ccab9c76c89b3ac3ec124c8255baec1014167,1974956326197770000000,15,0x0c5Dc8D62598c2cFAe4Ad32F173ef1e71805D9D6,QmaqhJzn1jHjFJUgcnWdZQNjuxK8TNtJpD2NDqcrsAu6A5
0x51256ef00c2485f3a40fe1b6e4e779147bcdbb58,79982904224647400000000,16,0x9677558fBa3f7da89349a68CA09e36379803b70A,QmRGpiVtr9dUFaSe9WMThi73Z6PmEsLMh459jYLdE6TyK6
0xaae31efb56af2d4da4f8b98aee5f269e03d1fce8,110875854331943000000000,17,0x49d573A684Ff5F12d443eB8159ff4c679067db39,QmUcqDHRMUmZjjX5nXAyaYiZwC1cb8kZraAYLzKWTbKaLB
0x5c541e78e4b4b0860a4187816b17b7bdc505cf6f,11729747346907500000000,18,0x651271863363e9eaAc9EbfAD48fae2b09322B1eb,QmQ6jwKs5nvnQJdMuk6bquQqktcdicxFup81g4sZRf4Ddv
0xd57b37b1b4e94d7f37349ce8336e89f40691cd43,291540000000000000000,19,0x2216C6e4BA46f2Dd03F1cfFC2D9Aa64fDE03F190,QmeqhMrCSp4zrbbo3xgAJSiP8T6dcUcQYNHGuKXRNz3SV1
0x02d6379c1106cd0df0d577235fb07a60b8b67dbc,12500000000000000000000,20,0x15f5168FF6b71dEFF288b93e96921715492d2aED,QmQEtBvvaxSvqCEsD5NTQBghxqTB8aUZy92HSzx5xU1aK2
0x2b01501c2e2e3200e68f1fdc557a10c82bf05626,195247427337362000000000,21,0xE73535b1535A6af76765A20506E1fe8409e03b61,QmS9wb1kUtV8K4mveq5EHNwNpkXuMi8ShxQQcBEquZiSTv
0xf12a25fdfc7daa4aacaf8a3263443ff59e4c2067,625315883946749000000,22,0xd15fcfc7D43C2d5b237f9723654FAcf91Ab521dc,QmcUvV2VH61ZYNvx451iUdjFhwAjNeMTGZsRYBV82PcLZf
0xeec0d4e7745059e465ac8bc70c9f934476cb9f4b,2261777639158640000000,23,0x9ae88Fe32D6Af0Cb9193575EDf1D06F0D79d54Eb,QmQ761rqqVa7yUx1Z7deLJsh5gXX54znnKMo5i2SJ2i6eP
0xecc7bf36690534fe89a317ecf71b0bf8f323ab0b,833999403309000000000,24,0x938C7867A14E8fEB2ceD18F0072C948f5Ce4698A,QmcmjergubRpyHaRS43mGvNd2UNAiiyAPdhxYx3s2GZvDv
0x79269c79e84ad6d9ed1b913e1fb30b26c8384629,291053785179156000000000,25,0x2afB5CfF63EB98c67eA5b88de612Fd5014b495E3,QmVYAUi1yRwViB3enhb8YkDh6u3kuwzmd4Huijoyf9M5qo
0xe7c2bc18aa6a289590487138dc96f9da971b952d,387588347648008000000,26,0x9DbeCEdBd4465ec00FBA91b954dA3d97aBe604BD,Qme1VVmccW5Ep2uXsbGeWdMzsEL8GwCrPPmU7MpepMNA58
0xc0a3af1d9643e240a474ccdbfa53b02fcd397acc,10219718457769600000000,27,0x0ca9c1031d4b7fe0BCaF8aE39B0ccd912ce30C18,QmZ51qrZib7Bg3eda71xFjiMFgndt5Vb8b9EFFy6Pnun1L
0xf06c79c4fa207df457295d81914ba74a7cac6bbb,84766791283727800000000,28,0xAe3178299910E121AA1026fF76470Cb7631C3Dc7,QmRDzuhosb4q8H69ib6JJrDUv9x8VDMeoucRYA61qnfiZA
0x0d09b99fdfbe0e937e3daab4f50eed2d39cfff50,457100142292670000000,29,0x635C8f4bb5b8EB5b0E11174E31e97f1B2B354c90,QmYLCQ95uC6uihVAVSACATRoD6rqH7FVYk4ira7UvcWWcn
0xd6d5c94b4c6e27590d119c94a0ebc6595d02f11a,1420730253034920000000,30,0x9E0614174B3cf1606bFf21B4947ca8B1fDC31899,QmTQYX4vSy8c8h1QhH1uyx2ibEeKPVduHwGSHcm86Vattw
0x3fb7a7aaf5bca21e51c5e0895703243d8ed63104,622396777631894000000,31,0x49988Cb9E8f5558257581758e79736068152b058,Qma8cA7fAwcF3GFVz7fVEs3kE8mNnw2zjd9mAYAk4zPF6H
0xb69d7f30ba4cdbcbd6656b4fe3e079e0954d59b3,5789040487561840000000,32,0x276685Ab7680aa49dAe07bbF0afbaeA90Bf61f43,Qmeg9crpJDGmhX2KTpd3fevQ7dFJGv9rtXkbMjomygnJfS
0x0b473ea097339f4e4dc002a42b7a9430db0ba1aa,400574572563626000000,33,0x6adFd37Fb1CF24Fa1b581A3D8C4E2007f90b581F,Qme4jWanBDh4G4hJwCgzKKgSHExabqNhK5XbpMP1YL4vuD
0x12afc6451f21feddeb1f732d6baa02684c258d9c,945627722499010000000,34,0x796663865Dd02Ab217efBe47D60458B1217908F5,QmPJdbTkzePzwvMhqX4SbMcur8wSGx6Skx6DDYWu8H26EU
0xa6d9a105163fc67a61f0a4d1d5c4032a1e51501b,468924808338169000000000,35,0x96A71fdf600eA5e8E0cc3786e5c781117a39E224,QmaKmuvMLEiSskdFLtNqZZnRmDKyvT9PDx5S1ZMtQpMsRk
0xcbfb60f6a39e9e5e79f48555de777b9aab19c99a,1873956156008400000000,36,0x9e0B780595848C338A038F91cA2811f57aC8CbcA,QmeVT3MxHQVAWKsnXZvsQK5ixow4sF8q1atvp3DMdMzBwE
0x2d8fc37354796ef2500fe87b0593060251b8ba86,2461300884482240000000,37,0x5C6Afe8Ea4d82ABf7DD829030239eA5ceD5C9de8,QmeGin6H1et4R1MXnKn27DuxpYR5vBqMu6hyFzNqNBAKfY
0xde698282e354705d609c0bc9067174160b3dd5e2,98562539431818400000000,38,0xC1B3D966fb562F0A5De659DE72f0cca8bAdcc6F7,QmPqnzk1X1qntzrZKZCrQXAKCf7JMsVTBhPD9w4nhsk4Do
0x0861df2e9a325d084409e433c5f7ce874def0111,2517158649024940000000,39,0xF14084eC3AC8aa62A8C6e8a99eC7fB2548c8eE31,QmVY7PKoffENPJq7pFqSyzWDFcooEHzBnwZxPKACjuNJ3E
0xd24107f89b246cdf0489483c16ab25094a233521,683402558526059000000,40,0x7dCF5BA5422c93bCe0b9291e1175aBfacc45701f,QmduPhEWpFuYVmUNei1eoKJhFRXuYFKs6D69Vv47ARMze4
0xff4b1c13a4f4eb28deb65d07b2a380849402a2a5,363647906510093000000,41,0x311CAa836c96201B8b8f64613D70738D1124C2B5,QmNtnxTazXyyrbsfzyRSrTRWffuYbRU8hXX2u4i9mKsCht
0x5aaacedf5a180e084d5ebac2e55ea484cf0d2780,36178638296286800000000,42,0x50182fE7ac6775C0ebcd3C84F41eF4F6f0Fd6424,QmXjLextSNd4k8ySUxMafCTwbF7PpqJbnd2iNg6T3enMaf
0xba28b4bdabedef7a9154b16387e7c456cf8184a3,4716191036961170000000,43,0x8AbbD962a01926aC1901a167BcD8a76126f95584,QmT9qjZroZhNnkD99BrPmDrgdthm7oyBX6wqv1iJf3FkAy
0x75fe3943a6c8866e1c41e1f35c74a9fb7a77b835,24638599196297200000000,44,0x353FcC068B288CcD5360Bea949DA94D7326eF34F,QmWVu9JPBmqydf1pBBS49y3CKE3KVrdsc6Gi2iBEFdQTSF
0x0f3c91dd4f416ab4d555da56bf83570cdcf796ac,19499015830213400000000,45,0x602c240698682e6410B95352B54EEa003F75732A,QmXdAMkAeu24xfKgmiHRCgwTWFncem4AqMiqD96om1iprA
0x87ef4cdea43bc27fe3fa64e73c257a841cbc0381,285166640386167000000,46,0x3F6e1cec2e34cefc2073703D3Dc63B16F70E6461,QmUdGuAzR5JHjr3nfoQddzx62jsvqcPSiX5xw6e58zCL29
0xd0b811b909affd5b7f3e1201d450da173796b7fb,2530691997831950000000,47,0x66c0307e0434499e95D98Eb8e6D4A846C64A085d,Qmase3to5Hbzbjo64erPWQcr7JZoX2b7c8QU4nNeXxCpWg
0xa6e63f1f1305597171e093195a0e28de882da740,43903572194732100000000,48,0x0dBF15f786Ea468194BfAd57F920432e460c12a8,QmNMS3fwj1tUN5a3kL1bb3AjiJqqgY5wCdq3goD4bJxed9
0x6ec7b4fec23015ed9daa8dbf0e3573da69e5d36e,54522787789291100000000,49,0xA9a017B299c123065302644DD481a2E3C2C5Cc51,QmYLEggdCx9V6wiht854sVVXpAjQufBJiP6rR62fwHQuuE
0x9c1dcb699e6af3ae59b7219e5ea7fef6d9fcf9c3,175633838999660000000000,50,0xcfbCA02f536308dE3dDa67D9a1e226611473c5A8,QmVJaU12foDYseW2uwt3Fou8yan4mktRjysQ1dKX2ADtkT
0x81e63427b2336bca62555e655a66655e0dad4c67,6031918920990250000000,51,0x60b15b1ABa5F920a988697f1f8eB6e71FD0A2a1E,QmP6RT6Eq18xEhM3L2xiac2Jq3hzEps9RHoGymS8u39g4y
0x15fd027a2488ef14da9ec9f8cbbff2cf2491620a,304108989130958000000000,52,0x2E284aB266eC8bFc411bd1feFE51f2C7D7F9cc76,QmWXHzcSLpFJQR2KzPziizqDPS4K1L6QYAQJSPEDB5bbVf
0xa745fb542476c053fb12b92a432494bbae685ec0,1635203280966300000000,53,0xA6abe94e598451081AFF5FB99A06EabB91aD9F33,QmPaekG8MsbosdNSFgdHwfeeASWzQdFxT3XaQEJ54RrLeS
0x0085d44ca01551495585fea5f92845121eb7337c,122664666216665000000,54,0xeDa16F742F7168ced602986bF7B99a6af205691F,QmPVwY9H61ztGp3pvpvGE7GCXpFyE1H9w1gSssQPYTkK6s
0x77884b7aeaccbf1b8a0c5a33e254391b9b49ea8e,3750000000000000000000,55,0x5fD8Eb3a2A6c1C4B3B3707bcA8afE596f0A95FCc,QmPy5pyEdqCs2qqzLYfsGKw3bfD9eAYsTbg1rBffAzczht
0x05de7185d0a89c40ef6a4b684296debfd2e7bd0d,2093130396021360000000,56,0x860D439Ea1Cac4F30F15c533040EcABf4f7727c8,Qmd5ujjMjoFkenVDTrAeLDsMP5zKVJiFmw1e2zA6ZLqwMw
0x25d8a0d5708bca2130ccb0338e3d564d9827b07a,153671180347030000000000,57,0x0b40E8d48E65f561837E0ECc3f419B4aE8209501,QmecKWjLkFPcuWwibKGtw9umA3s5AeMdXZVNu7eA4AbjEZ
0x6375fb9311e409fcd134e7db885c3c4f59b096b8,14141884278015600000000,58,0xa3c95ADcad1326A5770940bCC90837fB672B7644,QmPT2xSvB37doVyBX22dKyKTVeDPDTrDe4V4tUF67TWVG6
0x0c9c3ba64072eb566b0e9a4b6bb0d7b204d68469,59862393177849700000000,59,0x77Ce32d58669896f426e5C7bA78a9c8E07B7d9Ef,QmYm4suC6LCn8PKEM9nuf4UQkDWeGYpUX3VphHvXRafU7T
0x0028f13af6005beb678a14e9825cc5de784756a7,145564775377735000000000,60,0xF2a9F3860DC29c4cAB8EBD5470bb7026fE4F04DC,QmZCkDmxaGiCs4SHJrk7A2wekvm92MpBquT3XUQy23CDEF
0x203dfaa7a2d1ff5185af9f20d7c34bc85d621ace,14949649726209700000000,61,0x5Bb28926C582d303c2EB24E1E990db9c0e37d6aC,QmXRN9vsYaLfptJ8HCqaxSxXTLAqFpENc4eF2SHGpCo1Kw
0x05747f0b9472f2f347a5e8e60c174d31bc233680,178918550000000000000,62,0x13a2F7fe49E6f2AB8375dDb1ff33C31eb2355f54,QmPWZA8zwKd66tFBv1AkoA7NPdVhbNb4tnZqxWrU5mrVNr
0x31e5bcad42eb889f8a190cb4292922276959ed58,65193903810590800000000,63,0x85f3a0dDc57F3D734026395aEe0402d61d250A02,QmQeKqUHz6RWpBQXXZZFahX9ee6s8XPjJ9Q1tbawLCq4fT
0x4cc7ea3889364099f0462a4bb2ef8fa5f9d1ffd0,138810825634526000000,64,0x05573fA3418b74a09b777f330C6AEF7Cc03AaFB2,QmPRDBkk2Czh41XuvRW3TzFe6YxFfHZd29RcjM9Kc92Fyc
0x1e2d6f7995700d679122af822eb66c687dd589b9,1570920725277290000000,65,0x833eEd7F1138a3d111aeFFf011299F4775B076E4,QmewXvsKpZ1erw8ufKdVaLQosSQBks9mHRvjfufRcjPKpF
0x5a3bc55fd22bac7ae8603d83baba5e91c3ffa462,8362874609351450000000,66,0xB374aCC6B184fee5E88deB3e91E17a76e94d3C46,QmRfGuKTj9dLaYaYk7WA7zVHRTdRwqw7Do6syztFqLrgP9
0xeb86036b580a0f76894bd0a7af5723349813011d,11238546448608000000000,67,0x8b2fDf41B7635F99faFb5747536Cbf3Ac3F1bEc1,QmdXyPtPfxtHCpD4hcKEGH1SwNdG57GUXjQx1gMaKQsuHb
0x2ebc92768ce834cafc46187427d5ea47cb0baf7e,136138886518776000000000,68,0x840D77230A43674554C6Ec17D1027CdA921C4abe,QmNTztYDiGUgGwPkVHJxhihFTVtS1KKiJzK6q46WDnaDmt
0xa10c62f91299525046232197dc2ec016f1e9aaf2,6599958249811550000000,69,0xF36b751B55A50b010818A642e907d3d47BB6a93C,QmYPic9DkFwhwRNstXEezx9gcznDvFrafrYDwPf9KM8aWr
0x2aa6b66ce9432a67953d1f37533cf0b05a5f6e08,7209988946609510000000,70,0xDd1397F0e5e38279DA01464972fc320cBa770EbE,QmWuzSDE8P5ei9Ebah3bzWdbBayVu9UhCFqbApvYxhMnUQ
0x5f9c7447129fa10af4cb51e24be323abff1759e5,646328635905885000000,71,0xf317f46Be7F206497C18de38E2483b7027EEbAe0,Qmc8jGGiDvHEPz4vNSYSCmqzg3Kt5Q8MKUdTmJCSJAkdw1
0xbe836bf050418a7f3cbf54284d49daca491fe3a3,619695431593831000000,72,0x485f7e2608019c14F4b8869bB1dAD83fC9811538,QmR17jGZPtihfRM28ZcBGL4BPux3frd2xPTGR5iMQPe5Pn
0xdfa2c28076ded3bf7c80957976a3bb7b6259496b,2026553859250960000000,73,0x926747f62231310f8E0D050603cA0F9E14e7Db5b,QmXvnXT8coTGr2uqEWqGuXuSsd9RwEkf4eJx87JtLMzNsk
0x82c6c1a06c930ae645e655981ea1fa11c4aaae0f,1050282116702840000000,74,0x32A975a71357a065603c56C79CB126934396A4a6,QmWSSSdQkfx3HTK71WjNAghVCM4wamnGiHp3jQgGGD9Wu7
0x6572b4ea0865f71536dc34c12a6749a3993f8ba9,472651062294484000000,75,0x2A855220d1CBeadb8EAA303808bF5b6EdFc73836,QmTQUUwwk79dQtsLr3jX3qg4FRF2cJYcs83xkPAQ6KsALa
0xb351369223058deff43ec30d32086947e54a30e7,2500000000000000000000,76,0x860AaDC6be8eD71fB84A3759f991830C14AAB618,Qme244L6BNUWDMFDr15oxzeyMZ4WXLcee3RtwgifC3oFcZ
0x33340b0d083b0daa7d91b915bc9e4148b25ee96f,2414119139127860000000,77,0xf1626A47Ac3C8213BA31CDbd71f5D033C0dD5350,QmRgYTwPSPYSgnHQh1VaS75baPaWyjMi8SG1k1DtoAeVHs
0x8271ede9e5deff03d6853eb82f3a148316d09aaf,31650708032880100000000,78,0xd5388C26Ef67cE99d952C0995B7fFE40e3bdc15f,QmSEJguKFzXUJeWGzuhSdMkVou3Yc4FKdeLfe9uTX6jdNf
0x8b3160e519299c387b5624e457e9e02c73f62ebd,459781454856680000000,79,0x191e38900ce0856bbBC56f68161eEDF06E28a8DF,QmeXYrEoku1qb3a6CCSJ4pWbLGWea2QkNvd1kuBF77W2fV
0x81c5bccc7d61b1cc0751c23927da1ceb38cd161a,2079832090448650000000,80,0xe63cB3F26ECa687e3c5404e381ce781616367476,QmedqKfX4RJa3EA8aV9p5mTSNbtYM5SiC9bqn8j94GD3RY
0x1a57ee63f38af9f1420d9a556f01736630976f20,339000000000000000000,81,0x758d0aC2fCf3b04FC6368f194e26a89176F90ddE,QmcQHx51uVgBaGmj9kBGEFfCZpH23QGUt2WEqxomqsxZMJ
0x9bd48e08e3444b30113812acd52458b35c33803a,20354925341633500000000,82,0xd17dA4Eb0Ac54383de3188c11274f1Bd2530522E,QmR9gvciGxYJ1ohRDD1Kbc3jFNj6aSc5mYvHhXaqeNykWk
0x7c9457a775015eee6e098cb1a4ba6cf9b0fdf3c0,107639533806048000000000,83,0x6D80275Fbd2837DFAD02eB8C94b2574Ac2FDfc31,QmeSGCdzvtcSCye2buxdSGpe4XgKrmwEzd6gzSA7A5y3M8
0x4a395b0efc9907a195c81564c10a985c7e9f6a15,5357535156393460000000,84,0xf6E762F27902Fb1f36B9a621f1Cb1957010CfC3D,QmPB7Xx4QfxXvaVSppeFTeE6eeeKHjqvmUwZup66Vop6fc
0x01b86aeebcd1ff94ac1195cfc8fd9e39db24db45,19883771356904900000000,85,0x1DB048FD63C864BB25C2E03aF79DE8171cd60A86,QmajgJ2sdVyiBtxpv3ropv1By3FtLyiLmos3GTrwxsRVJx
0x2d46c06f048a8a34b92dfe61ce8fe696eee6d31b,76167903438703500000000,86,0xF0372ac84F3Bf4788f0dA60dB0D454394666A72b,QmYULYktT9RyTDety76Gm2SNkYqjQPP1DgAADdK9RwJGSH
0x47ffa510e72734118e77027aaabd1672bedf9d4c,2037768532424210000000,87,0xb7E4263451A2AaDF0aDF047F4835C1d4ea3F20e6,QmQwobxbBG3Wy2RyffRVuUMuVmCsJ9ns3rUKw16ctmxygq
0x54532813cd5d224bbed1c011394daa138e3dcc47,3406059836014370000000,88,0x7719Bbf409Bc5228466F9A8fCF66564d03f567b5,QmQg48FYUWhH9UCJF3NkakoLGAXBcDyMMDeD84nskodUeb
0x0671aec56bc2e358448162677bd110d673cd2937,1909236924517380000000,89,0x5cFe1748CdDD9957BEb4538770eB91ca8a6DAb95,QmcpGcVkKRJPaFraRKoP6RXxzDrbrTBToujcVoqPqZXGAj
0x71a556d5efd051ed77cd2057e09b31eb45b0d65e,241906282238642000000,90,0xADE410aEF750D64ff36F65591B54eCE09105BA25,QmY5rfLCkqqWR8Z644A5MKTqPcLKya4G9namLA4SruvE4g
0x7320b08b56953b9795fa7d50aecab533e7ec33cd,7314239302182010000000,91,0xF96E5772998d368E712288e22A63cA36A21c6e4D,QmT72kMW6nkMXuK1RvjTTjUk1GDP8mMJL8vVE4izV1wh28
0x20c285e69e1747564376022303988aed8afe1a4e,411949576250685000000,92,0xBCa964a207f0b8515E824192edD401226261BAD5,QmU2MaU9ZDg5QRzZRAPrn9DXMrWusuLWNCZPx9adFiE7hP
0xc9f0dbe892ca0b11a06e16115a466fbca6b1b76b,1306040351525160000000,93,0x4459Aad0205fD51817491A23810CAD51cd7235E5,QmP6oD5ZcSRsTobY68vgCs7mPoyfkWsWoRLJ35P5k2tkRa
0x106bf19d7f44dfd1e4d41b0890e568ad7fb5e511,73104125863339400000000,94,0x2D7e39931e4E994BAA62C20459418Ff1AB3F2e52,QmSQcCVkV4bmsojGuSPVh7QdjM72s2aPrbyjnWsWo2JrZa
0x46f617253122a988cb62ba12f83561f14fa8bd65,317785687430173000000,95,0x84f59C3B1f80FaCAD052458190B7a8BEE239a7f6,QmNy2p4mXqGtgZEGtmuoKhCP8oRr5aq79pTKK9HSQspjBh
0xf3b8869c906f5c185084ab379de0c607f23f4747,73239799120777400000000,96,0xa74e110864F053ca1525F31125E6B84927A152cE,QmZJpFyv7NhHz6isRYX6rvUsykfsvsqYCJyH1xmj5p8fmq
0x70549a6eedde254e72a9adfa73d54ca0879ef8cf,5281030302381810000000,97,0xa6bc8984309a0510Ec32f17F9309bDb2cD49493a,QmUNw38sj37McxJ89MTjVWAjWXLLGZutsy838dpFk8oRB6
0xff1453d6877c3dcb6febd30a7bc706fb23a7dc19,910230798426040000000,98,0xf91d6A5462a868A6CB411cf2B47e7f0c5f691208,QmeKcB3YopZxSQKD7kep7SNBzPckmc8Wq9QNMpME8F9b5G
0xa166d209e139e4c3885c1c8a84cb1e228b4e4274,3787677803492750000000,99,0xEeF6C51DA6dDd4a3693ab33B92d707a3056436C5,QmaR9UNCho57HUmWqRU3eTiyjiU9k4mxubCfsyzRc9my84
0xf352063be1ddd2611ebb4a7af9ff95c61dc9692a,2996385627777460000000,100,0x36223fbA5DD3f2428c9D1088B91b189aAad3f902,QmTKFK2esGyB7SWFFhVqBrCFAsjs6XAnsEtG8TZyBbNgdN
0xa5336271854c8984673a0406c799556def953890,559350000000000000000,101,0x42cE78352FE84e243B73689E36876177809c83A1,QmX6MF2TqTqYzV3FDPKKBvJanKJ8nFHvfPNxJnZYaR9VuL
0x6ad32e2a06d3abec622910e39221b58597e218fc,167170541592110000000000,102,0xbc9A7C1F0FB124372544A8E9Cb21972c8261c73b,QmcyUnCyCuassrH3SMEMTDGup4n2xm1mqJLtnJauh7vgXE
0xf7f9ab8850078475632b76ded9917b3bfcd08818,2923405274535400000000,103,0x19a77AF4A90d699Fc4aF2FfB7591F43df0f6Ec1d,QmaYxW1bzcNyXtp6geePEBN8eRWEUihPAPhJWvu2CqKnVL
0xb6ea1d497ce6a0308113ff9dac6ba4c7ebc931e4,30049030479307600000000,104,0x8C8Fe94f6C51382b301476f39Eae6987B5a9e528,QmP2KZrq8C5A1feajrxvwTwpsCtRqy3eHRpNFWoFuuxyhC
0x5eb838305942b93b143272657bc327dd1cd0ae65,101174641819902000000,105,0xa922a05029C4A2F04B48b8F25d9592319977F415,QmdNob86aiBKxPyLTxjDdwzLkgG28oUPKtre3SfX3DXECP
0x9abeebbe3b9eaa8b2156e9989c86ac923ba10175,33406478121232100000000,106,0x532dc5429c3d957D5E887e65129a4Fb2676d083A,QmRrcSKsomM1KTrFQM4ocfbDK2G97ZE8TWAXXKzgno5KA8
0xf7fa835cdaef18fdcdc845d4091fed0469776837,13924167638779000000000,107,0xfcb74c5971846b05b23074A3be6267Ad60C32D2b,QmQf4GouYztwST7yGH4xtCcyZL1BCd5dArmnU83thT86s9
0x3b5b4611085d527f991f0eebbd3c0adc5ce1e9ef,59178100000000000000,108,0x928Ed67a967e2e1aa0F8737ef52EF8055574e5E1,QmZBB7jrqHc3pG6QmYGqz49nZoizi5Ddqz1R4V3GQLcet7
0x72534b92c950b9d4739919bfd5facd81397178eb,113000000000000000000,109,0xde6412E5F3845926948CAf890CA8192680cdFf96,QmahJvgUYAKJdhYiDMEcENQvFNoqYCA6gvJsTynv49GUMh
0x3e448909fc3f9d1044dbef478482a5d1d064efe0,28086158877920500000000,110,0x7224A7953C28895476708Ba1f8A4b00de105Fd50,QmczN2xhh9jN8Ex3SdsezM3xpxNjsnTi1XpQ7E9DiNGfxL
0x45c4224f1adbb8779478cd2f8c420c7f62698220,1746149197759420000000,111,0x0B42f160f761708f6635c9451878e5914094BFbF,QmRGfCtmtXWybwBAyHCNVqcNfFr5tezmJU8qMYuPMUcdxx
0x80fba1f1f11b7f4e2bbf0197da045fb82002c9da,11981624305691800000000,112,0xbe25C2896e95dEc166B7dfC0ccdf91FBFfE73a4D,QmZ5XJ3dirPU3cdpH6wk5xPyLK5FptW674xcp1sFhTFKPP
0xdd6b62a1a893edd191609d18f35046017ca9d528,2627936555236500000000,113,0x57f72057a534ea2677fcaaBFEBB7C49eEDDBCD38,QmRH896Bg65fEGnK6D75yUmtZPitDLmdd9LXJN8PpqCPt6
0x2a5cafd3d0d29eb528a377f7d6704103e26b0c0f,3660797260443470000000,114,0xDD20877abf271D6bA0D724ba3309ABAdBf13aE23,QmQshrkcTgMY8wxpsfv4Tbwn7XEmgCK3zA6jVMNawjsHaJ
0xb310e66dc463a595a5ced4935d4830235e0bd3cf,337751816305348000000,115,0xee704D1cf1D1b4dcd7267257930995c943fEe852,QmWvLNfp8DxLQrWCtZ4HjHooNfdqrs1anV4gNrETBf1F8R
0xd2f1294d3899d52e68d4947601c85b161a260713,4032624739440630000000,116,0x6D3ebDfE8259B31a900F329Ff6B41A8310Cc34f3,QmPVa7FQGZk2Ki7YWuvAk1MdGrKhGeBernk4LaSygfeaCx
0x5951bbbcd6ffe9f599a83929f37d80a03b4d6260,169799124342268000000000,117,0xc6bA6E98F493189089791Ad488aF1FB70D0e102d,QmPQJM65sbjDKxWxTTM9yfAixNkWcjx9wN9eaP1CwqNfMP
0xd39ec0556b27bea894718c981470a15724278585,17421324298752200000000,118,0x1304657a129b59daA2aE5C8656b452964a7260ba,QmRpkGggaSwacg4WVNburDFgHQhcagKqAopjG71USbguKt
0x0e997fb7e026e478eb1eb702ac68baddf1a4d0b2,293362339161894000000,119,0x5e2B964FB2cFddc9D8817e11fa745CA67678C034,QmZa8xFAb28AE9LYYqXdtDQqzsmktokCCUTasCyRPyEABc
0x325409632bccffac706d378a2eca57cafa21ab11,23746637610901900000000,120,0x1D0993Fd1843B2469F4ad5d5bA20EFee62b4dCf6,QmRhrmWLzvxx52CSvqgCgxNsU4uyE6TG2S5fHv5WgW3WbY
0x19f94ac4c01063f4c2c291c5f1e3e40b6866111b,1267814480493970000000,121,0x0d92F61030f0ae9F8b8B048CDa5F268201940516,QmYkVi1V1jdakKfH6CBhPw6PuKBnXTrRTBWHLCTocup9iv
0xb04ec8614d0c1fe88717c96ac7c64963ccc1dab1,189094310686438000000,122,0x29e2897Bf83da2bf8150964eb871bF4e625720A1,QmT1UvoP3916jVxq37dEyzEruFWs7AC2CNFERZpAhECXSE
0x971740ed368934875f1890898d5ffc10ea99fa43,2500000000000000000000,123,0x14Bb5a91Ff5bd43eb4c955C5b69Af132bB397a4C,QmbMYXpRBbLCV9ow1FDy9MEpfV4Fp7V2fCRkVPJmn2Evz4
0x5b283f61308a17b3ab4ef17801887718e59700b1,701856436527386000000,124,0xeD9cBDd8EDe236f26fF4b7309926dfb46AFD7F7B,QmWoBf7psK9mjGj7gvvjnKNHqT9XyYd2WbH9DvvVtrQpSN
0xa7eef766b1f3f3d31a0c7c6ebd0b3f31e9a87634,7825000000000000000000,125,0xA84e0D1d8ed75385238fdD78E3dAeE69c5bE0AaC,QmTSMzE8QdfHsXQbv5pojHNzpthCUE7d9o3GYaKVGz4wvX
0x256ea4c0fb6c8840ea26357b09c98351cc2861f3,198556892443057000000,126,0x56272A94Cbe1841d848692755474f5C661e8e9e3,QmdnsRjGubNR9FPavFn1uMZoppe4eMPjoLkjJxFXWRWXoy
0x7d4a090fed6ac99348fa95abc228cd28f2949fea,1683967624357880000000,127,0xa14fa455Fb70188b5a1dFF57a4f762978B6d3d79,QmeCvHRbHeBXyLrTUsfisT3wKbxfov7P7STFJ69FiMWHMb
0x8c232730623037c0e11c9f83884182ba17f27f21,5313190740072880000000,128,0xe7259D8794e89aA4C12E6158B61a75d1e2dad383,QmTCSGqUfKEDfkUKoyEqhmux4QmU4USq8TUKd4hQdXVXYP
0x1d08568e9e044b384d1e1662ef55e4dd2e16c39f,9984950543219650000000,129,0x8D8Acbc7B1B753Ee501709378c72b2b9651B57f9,QmV7FsredBdmTb1yD4Q7GxmoWGTEJsCitkaNhAjEHTHv5P
0xdc4a9fd8f506631940a23724becedb562584ddae,2060054395616230000000,130,0xB6ec72c3Adb97fd9dd1C8CcBE3BDd404aEEB0700,QmXkSnLTkTWsLpW8ixATdJptHGy68YEXncupRwf6takNbc
0x494961be42776bbbaedd81714ca5010fa3e79b1a,714241367905932000000,131,0xAEAfd4d1e8cF85d1C063Ac17d4C89f43eb25b3a6,QmVHchk6kxfXRKb17brE7U6GBbSLswX4Pje6ZZ4jHFX8ew
0xba9cf060c5bfb19bcef56e230ae8c21fb2047f1d,6771183019410060000000,132,0xcf71dC2e0CAc9f7bdA56F7b78859D0FCb1eFf4aE,QmQ75HiwCUEcVPvUnBzTgn38QNJoBzpkiUmq3qCcwTwS7F
0x6d07fa7b60cce5b70cd01842310462783b00b770,2500000000000000000000,133,0x4c33260c691E6238578685A8Ae89B8ad3a20e36C,QmVpnud8RPmYLu7QxYBJsceXVGvZ5MaMuVXuNkcYVTvP12
0xe678adbdac31443bdec06003cb23995f8841aa6c,2469945100834640000000,134,0x82F1B0207dAafdE07152996C9223B6b5D9a30e43,QmT2pimcUXgpFqhBpgNA2JnfqyENw3wPba7wdffyoxpRyq
0x413feac7b3de32b29cd4c0b2464a644e4911e869,204460506365718000000,135,0x8eD5b8735DAD614e3D093AB0b3F5556B47FB5B40,QmY7HzresvEgHRfJ7Z7K9k37WQmA9L8Fq2FYNVjUFZiuoE
0x068308c1e42cb29bf0a7114a400d530c0eb59f7f,33234831292934000000000,136,0x3608A15364Ab71ce725be38783DfB7B3C3c9E8B9,QmawvphVwoQkWXh6tEV3rNs86g3HTHKbSnUP7Q5rcgDaNs
0x4b5d297614ec43385775570dacf12d1b238e046d,31386679782134000000000,137,0xdcf8Cc67b777f9eEBa268B9AF159493F3CBbCCBD,QmT4eC4gGKkWWxUyFeWBcvuTdS8Nz5rjReHRiWM4B71izi
0xe012b2132e6a6819c617e225ca083296992accc3,531100000000000000000,138,0x2077D1A1ae3E26a2A384c887e85bF11390D80071,QmchJBxjVnqtdaNDqEtbnEwBHoEhvB4R9UXWhQwyZMbnhA
0xeb0ff53700225fff045dfd2a574e28672f1d9e81,531100000000000000000,139,0x3687751164c2325Dd975D93A1deB570bae4aC5e5,QmQmrLYKLuEV5asN6km3utCGwk6R9TU8CUGUwzQSj3VnZ6
0x4610ecb3e80cc038609a2f6d87f3c5df4ce23831,1190756369567950000000,140,0x3d9D690e86e339fdc4883c354658534E6c84FC76,QmebRpG1Rv2pbqw6AU7DLe2T8CTABVEBgr1Neyxch2Lo2T
0xea36b82373cfe68b57ea68db47183de3630c8574,1184903752186630000000,141,0x7127287ba0088BD54E3806F717E257e810D2BeA4,QmZeK6W9dWzUkCVQZa791h4ZzN4eD7wy7HKZzLUH2dHXkn
0x5ed17e8eb9f7079bb2599cdae5156b28fcee97d7,4043965610924810000000,142,0xBfaF6d5F71E50DceF803D049a2490B4AB91a5AC0,QmSbVAExdMu6DArgbwfqbDkRzc7X7qnipEF7r56ZD6mZjN
0xf2d10b80f3e07a7a7bbdcfafb854c0074694fd18,192211986409888000000,143,0xc52660C0Be34f2EBa27f158D4256300F89047872,QmQrUPKH8BEp6cp6BWDaYXKnMAFWQZFojbZ2SWsVuyqavN
0x1b47539ad5ae28d095c9521f8ff8a66a17f184ab,5192383486940420000000,144,0x6EB46eD140CFE946841673694a8Ea6D4bE3dDEd4,QmSzNj33ncmsbNEp4HnkD93eMSzB1ivjF43VHy2CXc7PBv
0xbb1110454acd8d188bae6b2d05fb468dad2953f6,145015130279644000000,145,0x87C74d4943EA91d58b63f40f6bE61d13347a8207,QmTkfNduF7xkRSHGtQD4kCALrgyMerC2DTJzYXVHoDwWL5
0x66f91039549108e595a3936ac634f57f7558ddd9,333793315250586000000000,146,0xc46Db5Fe12Cb2e365900c9e4DdDdE4F1A3b4da2c,QmcmQxiAXLQt3JjuuY49mK8NnPcR6R3stsbvd2QtgHiiEj
0x88ef8ca9580b7218d17eaa2daff6338d725b5c54,290481435253844000000,147,0xA0A04b0D0872Fe0Ae13e8B1ec148cE6bfbf5B9A0,QmVXG2maDsng2WJ1uvb7xMoeSdfFbx18o8QhsXAHMVj1WS
0xecb8e55cd5d1a011d443abb223ea46f64cb3abdc,2500000000000000000000,148,0x118F58F227503fB9DC9E7B09266a54a2F32B799F,QmeAcQW6oYVVMXK6jzBVTYLzosD89RWX3eZ8UgwbYHxwDr
0x2c59900b9442b7a865f93219c04f553a0d7bd003,2323405459146370000000,149,0xF028626530cFcA2ddF116e33c58DFa7fC1782e7b,Qmbimi3kBsQpL6siRwSub3E5oEQKQhKLEgitR4MV2iGRYk
0x7df618c193bffd172b2194a0b66f1c726f069d1e,12398900318879000000,150,0x293a16B67fE8AE8261f8B7b6F2181Cab5751a811,QmRoJZES2vLuRP3zbEihxdVm4tsDxcWdbDsCGxQyBq5RrK
0x9a9a7b53856f679dc7823409127623daa0b7a973,1305557572586140000000,151,0x0aE23b5B7482Df8cC0787824dd892f6F31930cB7,QmPxqiBTefbLvR7MYLTRWG5zGwCK84SjbJP9i6rDy3aRc1
0xc9ff9bb3ecd8c9dd09f72096db38bbea03d86624,4766180286197570000000,152,0x92Cb40637FE2B55ADF20496Dc8AAdE8c94BE3a11,QmXmBxq7L4xMF7K139YQnSAEcthzNZ3U8jBgaDnpiZRRYR
0x0e8d670d40f8784c7ebb1f1a67902a6086f5f87c,80887063622451400000000,153,0xCC1aDA2105233b00363623A84b3034F98c1c1d8A,QmZpnCgxxDrbDLnx6jq554AMqXEGmAbRVc38ec41FxmDCM
0x1bd80e642c259a38fd062ede004ee8e2e9835b91,206973849036512000000,154,0x613C29acc6C7A50dC79503f7cDdB7fEB196CE628,QmSsz5msXbzV1VJpNT8a2uPoHesE7xFMEo3QsZn4JiyGHD
0x560d03f2b20e9047714fea87cc113d95a3fc7179,212581789606609000000000,155,0x9cCDfaB61e75dD8386f83728eDE94e8d8D1793dC,QmawRxT8PiBYkY8H2uNuyDYA14aNuewDvCRsbymCJfhqBz
0xf4605a6a0fc095099b9aaf7ffa37c0f5e5c41434,21470000000000000000,156,0xF2407Da9B9841d15Acef14BF25b0b776eb8d41D8,Qmf311j9AfMRmD56wphu7XVq4ZGaQSifncLikaVygW6ZeY
0xd0a4f1be6ea0aedde2d7bea62925cba7ea10648e,2509021710535140000000,157,0xdf80b7543eEEbc2d93b70f76F61384Ba75B66bA5,QmVgpjrtyAidq9PrhCWavXNu1jQUFrqUCT94q6HLttv6UL
0x5279e55f5587814af72c91355d416ebf72dd72b4,283957460352538000000,158,0x2212dD725e430B238ae113bed29AC46412468fa8,QmfCReBAtBGDcmfrgWtqjgiUxZYCxEV86XMLsrv4LEJYnB
0x10444014ba4831fa355bc57b2d30a383baa11285,5166854273143040000000,159,0xc9f5fd07ABe7b8eA84BA6f4A8Eb867Ee1BC3476f,QmU7ryWwaFhbP9BbAvgVPtbfJ1pFXDNUNd5Rg5xXpCqBmf
0xb7ebc5670e5f9cf5313d577a587d2bf3fed030e1,508624472541734000000,160,0x643b6C2f329F3946d3F2A744c0C5D2155C2A7322,QmVikLLSjBmDGVa3bUnk1K2vcDxddG77pr4Q8D2mJrUJvT
0x5f6388f02804d8b6c0cfd376bd7fb68224666d41,620196879732499000000,161,0x4AC004451B24Ca1abb32eF572527cF658E391810,QmW9xiTxpq6w4C97tCguk8FSYcGxy7asaZ5RVyxij1ZRYp
0xc6cd72c56d94792fec8aefc492b185ab68dd9a21,398383289512082000000000,162,0x5FDffcDE9f3C40E108e4d8ea5e649726b17E76A3,QmPc72HyHHprn32GnmyswNgNkV6LV5RqBPoRRDzVBjAVBN
0x7b44e63635f86d6eaf961c554bc4552e8e9d7888,2558755940757120000000,163,0x72cB01e2FD4F9AFfeC0B10AA1255272C359aB285,QmWcSzo7PkHPH3VsoUezCyUCFTRc5hyW4cHfTXkWKAyW8L
0x9118711e7f33d7b12a82b0e1104730f93e551c80,264501389452207000000,164,0xDa4271e12a636Dcd569A4ee6678834D63ec05152,QmWNa9rNgX6SYMLJBhrZpkGoo9sgpUjhwykqipEVm9BzQM
0x883f2017d51e1563f7eb751a2adf3750e2c7edad,1738655141851350000000,165,0xDB9804fE9a58A6330D4f0a84f871A39592d84f32,QmRPVpGUekxnhWtTkWZLCthj81R9rxo8C613UJBkadvWiB
0xa4c824dee616cd972987d540737237bde1d8ef6e,10901710432326400000000,166,0x7d34822BD8fC30aE703135C0f3420B8d2Ad9a818,QmbZNRg5eB7USz8bA3CjQz9UaW3tUZZ2akBttGGmb428jt
0xd423b323caea2b09c5131529ea8a6fa700490114,3758994238380380000000,167,0x16179433D7f74101170924B1928Aa096F9B24fAb,QmWKLCys9qsi5xpjUpguCEoUGGWfBPTTRDhuP4n2o3gjGN
0x7a0e830a3d349c205957840e91d644b51d031830,1194196738041280000000,168,0x626aA83e1a35cA37873D38CC53C3ec3A0bFeCA59,QmUyhv1aovPCrPQmQJPMTTreGPutU7KrtLsF6xjPGsNyaE
0x60fb4b046b07ce529fb93598286339873d26dd0c,267869690277036000000000,169,0xC358c891a69Bb56AA841B31A538673a7fd2EEae9,QmSJyhHnp7TLeL89s62PiTj2LSpZiMf1tkhyZueASGfM2t
0x24025a7e3591721390932057f872ba9922379877,440462700000000000000,170,0xe8fCDdFF2A6c5a1a2deB9f2aD2B91E22bceFdac4,QmYETBt68AGwDSByQSaSYGictpHbKvqoqmhG9sHjbzMybv
0x104d3ac57712a780666370a122152ec6265e8c59,999407827614116000000,171,0x0A14F0aC4268bA13E7B5582Cc1850b789ff3EA4E,QmPx9zX6S4aJtxmPDWDbDnjwkAD5LBGbwATbqC3PyFKKfH
0x61c00c2127b958df33e992185e476078e6c4ba8f,9206323140105120000000,172,0x42be4638b477326EC6621Ece2675220d967e652C,QmbrQGiJpz5G8hncfCskRVmKjFVNenf4Vc3uD9DMiadNcJ
0x825736e7336232cc595c345d049474226fdd154e,351524720636363000000000,173,0xBAD5f42E621fDE7F12A64AeF26a406f449052714,QmaWgzzbFnJoE3jQzEpLguHdgxxRFS6dUEzhvnxN2rPdsL
0xa85bd394c93a689b37c76abb444d65039bda3bf8,19981684002607000000000,174,0x92ED1C0A835DDfC5654dC0e23868343ee038cfc2,QmaadinAVSPH4WawA1sWjbeH1UUroUdRspLjksknUXSxsh
0x7a4de1c1aefcdf9b58edf91ca490b383929344fa,1731520468293640000000,175,0x8df7aE56b166a3b3448a86F8a38a34432D3209C9,QmcBW22VGGqHgju1mqJTy45NSjgzcHD5HuTfXiY6mEj6Px
0xf7dd33f4ab790059b9ce53f00f8f14f39e10657b,16621465885621300000000,176,0x05Cea6e06C3c41C1a69370e9A7248796ef9b33CB,QmdHNTJoFnyYyBFzX5KGdq3PhGrLScz16wZYS1wW2RBFG6
0x67d3a0942eccb380f2277a5b6158309e7a6963c0,503027390685588000000,177,0xf4b9D7532F01fC44f842449F9610c47361cbCFde,QmQ1dALFcN6QotGbPfaHDx6LtoWTWe5AZyoj5fQP6fBmEW
0xa62064b45e4701b191bf2f9afa6d9ea77b5e8204,15821508656495400000000,178,0x6A389Ec362Ec5736A923A53C7e413DCdEaB560a6,QmTPV2Ns3jz7AmvewmJBzLDkqAdEPBMPxdyDSwyuZEdy5X
0x776268f7a98d7c04e67b797135ae129f8ed866ae,156606700000000000000,179,0xe5bF4B44a7F06b5060407f48C14f739d266E3D52,Qma9JbnkFHUajzmhukw5iHt4zBgUyZd4feqadYmh8oHvw9
0x14a6e7c49a89e6e90449b8e59ad97dd8e0ce8881,9000000000000000000000,180,0x5e3fb06db0EfF7Db10BC7E3Dc0c56D7B2D249233,QmWF1Ro78NoMx4RmzcDRHwKKHcrNF4cPPozjvmn43LJBGh
0x2a0c21e4dde9411c6fef20e8d34afafd4addc4aa,8348021623974450000000,181,0x995ff5c17B285AB012D0468b7FbFd9dB88176c29,QmNp57ush7qmfwdwgznJ7dcwYtY8KxDrhSXAFpg5zkk1QB
0x78192828bdda122034de3c83a087412f9a1c464a,26968424296276000000000,182,0x4741d22325D47C4239aF7d6e28C9faA246ef7A4F,QmVxKvZGLbry8R9wpCAQeq1NV8gHshAzd35STjCwtnjgox
0x21584de00bf9a041ed0eeed10a353d86381d85a9,2294788784942450000000,183,0x0f6D408cC0964953a32Db4cDE11f2ab7a5546ABe,QmaB8cds3xyHHTZtVsBUezs2g5dHYg396G8Cv4y7rQLLHS
0x5ddc115223b000e1c3830fd6481178f185a69e03,15798189430110000000000,184,0x837ded57940899Bd2C995E4fa4D479D4B080Fba6,QmSn4GBhwMjzPyDjA9cgKT47xk2RMXGTgTq64r3nXR8PPV
0xdfedc27aec3122628787e65972d04d4c151273f9,6429915703620970000000,185,0x05ec575fbee2F026e8Cfe35a071f8bC568C86d86,QmSNs2e5TdjiyWjwVKbhUM488PAKk7hgx3LfjECb5tk7XE
0xba777a22b482e51d65fadaf9a8a4473d588cf43b,4544289644123750000000,186,0xB3cAbA6Db59Cba7DE4af0cAbbA61Ae1cbF598fFB,QmTUcKzj4rGvE9gPQjov8DU5wEePB8PP47urPDnGyfr7Sf
0xc6d17a64193ac172b8cd0d6dd0e66331669af894,6571090450367420000000,187,0x9a91f82f4123E46b831Be5D7D08Baa6B8f825c23,QmdqFoY8t61Lg4jLAafZMGjA418x5dPmAJc3Vb4R47Sc3Y
0xf6d0ac9629ec7a86e1eaa739d558a5ab965d0f78,806748780487112000000,188,0x190f2BF3D563dA669f495e80c75bC8cA59dC1B47,Qmcd4EfLsQTivtLonmZZj8uyuMpepya7c5NVbv92VAfpPT
0xa2c10b4c19b1f5c285f25531ebce8eeb0158d079,5918729715294430000000,189,0xb9B5C05596e1b7FE0C881750E82FF60562F83fc7,QmU8eLMCgdhKqXhDWiSET2d6SbSqrpsfjaeEsDvHYXQsGC
0x1b0ad0554a151c350481852e02e9a76a171743b6,2717984181062680000000,190,0xA2d7149324ba97fC809ED248B62EF6C64fe4c3b7,QmPj54CmsMGAfG5CXzmkMGgnWJDE9cGidJsXvHQZATx4Aq
0xe8e38b3913df120a07ae7d669e7dcc2f11025c31,239483938486587000000,191,0x3Fe3b6580E4a8cdd60C1e5fC439a9Fc69c7C1Df9,QmSTdwubYPoQMDbphCXwd8pnswBdyQtyXL1mq7eQw8Ea7c
0x0e48e4411ba537a3fda2d3c439d14cb121a2c80d,23089598352635000000000,192,0x0c61a9d0F4D2dC6360240c529315510AEc272e4B,QmZAndHtPvTCmihV4pZS783oT8xoyFze5zaBecuVGvZJbV
0x755ce5f31617ded6e41d15cc51d8ff642ce10e9d,93462704560293000000000,193,0x764abf48BfbB7266DF0F18E1e459329F2b791C27,QmZA41wN2yRKrBSnow9Ldsdmr8zuDuKWHmpBcHgZRQh9aK
0xc87d3b013b45deaf38010aa23d9a3c5cf8a9b098,3117102635484450000000,194,0xead029dAa92512753b01E4EE0b9Ee727e7D7878F,Qmdz1Sxpba9d7KtouVJNtYw3T8uPU15NeAmiLe4Xfuocyi
0x30044b7c080a6e456386d5b9c370dc7c259ae2cd,3317643193970840000000,195,0x64e700Ef1544047EADb41f2cD0F41a965b93b33E,QmZQ73a3u9mhrS9EXowyeyohxLBXJfDNeZjwN7CQg3F9wB
0x92b39b14aa07c309317ea0c1d5a76b2808ef0ae4,190186222387077000000000,196,0x46E3C7476A34117444885B7e54937C2c032415e0,QmWLJkfsHupBCvTkhn3JoggtXo5iB1TExy9hgiJAFxNpXY
0xc39be3e63cbbaab9d2ebcf7be8acbd1e40bc29a5,4034506364249400000000,197,0xA50cd02bb599ebA9DE84ea18fD8da0dC4F856cc4,QmdTY2eQDA77JKZ4YhuJGgt4D1gqRmNDFJYBWFGWW9eGfF
0xfaf9121c9ccd31aa519d2c5d39665d5d406121b0,2346582706048910000000,198,0x0FCc0Fc1B92337c3E1817C41813faCC5b7828E8F,Qmcc19Jdu5UVLF42DSRpQ1qtmrsDVYCkvES6gBBUsP7M2q
0xaccb019890bf879d19f5aab1db068057e4cea0f4,951166658207697000000000,199,0x33B6CC7269eb775a82F3353C533fe9B3D0Dea537,QmUatpx6N5GaYMmK8J3NACGWqrHJdeHF55kFrUyjcSknki
0xa294ae96d616d7921b0e7c9cf5deda7bd051234c,4569297422861860000000,200,0xf84ef61B544A880F3A2aCB2Fe812B32ad79bffEa,QmavfoT3yhquTCNNRnGqLBrg4txEPUjsar6izB6jZTqBWv
0x3462943f79dce59770faf5fd087ee0e77545dc33,251181959284481000000,201,0xE81C71310434DCE8f6E518120DbA6d0043e7b9f4,Qmc7QPr6KaR2P8z3WxJv1N33WLZZv2mpM4EaMxj2svAAtA
0x6bcaac99abc8f7befd45b495ea284a4995ba76dc,2511425000000000000000,202,0x25A46DdC7b9Dfe9e829bAAC01Cd72675aA899d91,QmXYF6FE59Tb8GLZfthwhRZ2PBUZTgdUp1BpndDZoPoJtb
0x037215c683cdf72b93f327c60245b0cabcf59acf,4201555378248360000000,203,0xe475Dd0Cae51666F370daE5a66D14B68bc25bE7a,QmTg5jyCUw66nRte51RfH8eJSSWfPTjqPF6xxQ36Xf9KbQ
0x668808043b073d8e42ce450063756af594824bf3,8067603633329660000000,204,0x8A09Fb4f80fc26B08320FA52Eb383475a8a51C24,QmWgvUQsCQLdp6wDxqnR6g1NTTQAr4AnzHc64DLbEEfqYj
0x62f84f58091c6a0484807a1b7450da324d583e09,3525246249402590000000,205,0xe1b7cB68D7696fe7E2d37dEF0a898cfa951aa264,QmPACTVUCrEiJKBJQ8Wa7Q3Eae7dW4fDZpJ3Q5HcYECjQT
0xc3d9cad1b5233cb4261b27dfcd68bd9af8ff0191,2835547329610590000000,206,0xbDA81eBC38A529206644cBBdB2227c01a5A1F243,QmdcVeQgpCnLNbWRc5kvXTY7HytVzzF3MswAWs9VQFXR5F
0x67f08a674fa559445125d10b02378dc7ae6a44cb,459182227622353000000,207,0xd6017B276A9dEB2396FE656917aC28816CF31097,QmZ9qGZVdNjn698Dri5SRxnigiVqFJ6m7vUTNTUoJoMYcL
0x8851623d6712b2daecd8a48d84f1b5c2ec9dbbb7,4083867705820650000000,208,0x6EA97A89eD9C822ee09c96Ff41C286d08C930910,QmVRqhg1Js5VYDBSC77Xq18jo17FLE2bBDQMQh8824nXmJ
0x44bd6fd314dd5aae5100f7a9932575207fbc3bd2,62822587988099100000000,209,0x3763927Cc0803f4870cA721F50B8a077f4132954,QmUe8jsouARBytCZ8PmdZRN9r9SeX43kPJnCkupZ4TELvS
0xba1384d2b8985180dca2b40bb1c547fe7eb65bff,3951625408023930000000,210,0xDAb6F7BCB8525D077023F1803A622506DbBFd33e,QmW19bQFDQrtrmA7ea1NuWzBuSJGrejStKhPKdQ63TWXPw
0x714ebcb602a96e12af74a1d6aa4305c32f1ca8da,877088028585542000000,211,0x8aA22c6b465502498f2925C0D63862BcbcDf999b,QmSHwj1My8k3Dq1bUTZruDV2YXewiNbyTaGZJQLza5HtE1
0x5aaa71312455676861cf8ad1ead215cbd274c50b,4074837395040300000000,212,0xc85ac54817b68673268423DCd3F124524D91E47B,QmcX8pCnz63NNttjfuuMcbLpgeqjMyiFTveDTapc55XJ7B
0xa17d339a13f0d7f5e4960c0726b3cb56f26c2790,4067908264224800000000,213,0xeB9f54dFDF1742D77E191E5b96FA9685E0a64040,QmNfj4uz72M9EZSmnBAe5CBJKZLKLpaPkamPeC8DsXATm2
0x4ba1baa896b240486fa8986e036c67da8058670a,4012015221191410000000,214,0x58898fe3850C895859935b14dA952cbA586f05ef,QmawzR872EX7PatFoAgi2RXC9GLu7JqHKc12pGSdXnUWxc
0x40266767654758fd94c71c5cc799b100a2247066,4250888974238520000000,215,0xA7D75F740793512CcB49D37A5f2C09270BE15FE8,QmPD8aiDL7uF558SzGSumXyVQLPdYxWFMdRAHLzfkFQJ63
0x104040c2a567e425a81a883832cb3d05383a6c3c,4560116091386660000000,216,0x5c9Da054A63A4B08f47b3E97c2C6FaB322Ce1493,QmeByiRoXCQ71vozGN436kjBwCruj4tVi3gWMgtbER9o4n
0x2eed1de354d1853ebd5ad40f6ebf7d95a81daa20,5844943206242610000000,217,0x1940A6B29F3751380eCA8f6F0c0C9C0EFAe490C4,QmewqBMGY5JRj9QERx1coich52xcsmWhEuHaRAnrgdUobo
0xaadf6679401647581ce52cfdf1277567b868b522,4538714833453310000000,218,0x145928C092c34E56bd9cD9746eF1Ba5F30986D1b,QmYCuSjtm7v6XefgdK9qREeDKyvc5txS1wcQWghCsEuDgM
0x4ff751eb0ab9568a058f89cdb5eca09ed5f5e04d,33541875025840000000000,219,0x1CF9f5995EEC275F21F49E46939787aD18A00D45,QmPLUp1r1Kppp6xr8YQXcvSGAhLECkqEkJNhyrxWcAhQy2
0x6e4f9394e93a91c622aac8821a6c2cf8dc02ec78,395500000000000000000,220,0xb91439Ea0CE982f8DB739eBAC311AD55b75890a5,QmSpTQzZknAiibr9jTWximyePfUAqdCXuWBrw7EiiDwXxa
0x18e78acc521939e26b7d1592a9f535efd711b789,6523489669073290000000,221,0xC38B6B6B9270E6807F77ea54A8B5d538cBbdEC63,QmcgTiAHBSWdwiURiA4g5KVaAkNeT2raEEWWA5QVyP5wWa
0x68b6c1d3cdf519171402e09356fbf7b9a6cc8752,2438229523341890000000,222,0x6B535F6b5137a0D7E0C061A0c97DfdDDD71a9E9A,QmXNQc1pGsm1v5Xsf5gaj6SSu6THd71iNv9TZk6PGycFLK
0x234784032db05f1964430623be7ece26fa6889ce,6730495448093220000000,223,0xc5bAB2E8e6FF187D20efEff747ad836c585fD507,QmZmpqddCbvxQdKoJvMQUDNFh31WS3KmK7jwSgwFjpyZ5Q
0x0bdf5920f4a61d32eb5b85997ad68be04a6582c8,4177748956418970000000,224,0x0004c77F40243D7dBD53368b4374e65dA5fDc9eE,QmRb6dznY4tH8QwPeoEkqLUkyjhb9AXmy9ra6tsspK3kNC
0x819949c31dafbe357aa2fe7392d7f2656d0c5c89,898350000000000000000,225,0x7Bf5C8fe5B421F4A2112282f78b319FA9D7a4f04,QmU3UUusnXYYTG7aRZpdrzAms2MZPgr16PrtTMb82Sjy84
0xcf24f9db11d7cf69b1f6f438c1a5b576456f6df2,5317051211976750000000,226,0xb17eF5C6F226c0cE32F69eDb15d9DEc66692C787,Qma8nnwaqM33nmNA3JFSZA5aMchdYDwsrG22AgxnUrgjMm
0x4f80feb704498052fd6743eff287cf238622672b,7993356333383300000000,227,0xD5dF28B0d686f06473627ab61259154A838967e7,QmRqG1LpDreUZPC1EVxSHqCAsDJrUvmd6znP4UB1y8ZvQd
0x54b325783095132a996027a622a5b4cadc8be876,417154531497768000000000,228,0xb31B91Ea47A46C453381960E48DD41F187aF8654,QmVuE6gdGmyY5WHy6sSiN8MetJSmV7Dnbz4KuFjbuTtCEx
0xff1882511a5673194b252c35f2530562f74f47e4,2500000000000000000000,229,0xC269ccc2F17664530F1A08418c458756e23ccA80,QmP8Si4KVjAdCG1Vnuo2scS3iZtmjjxYuw6LvWLw7YY9kM
0x224377df89271fb881fd53f1fb64c709f0b3086c,19009338985558800000000,230,0x91b5057760d97bA115BFab821Aff2d597FBF1f47,QmZNTGGv58mYZhirP8KcnhmZxYibsMKJ3UvsjpeaRRBDhW
0x7911fa8d5bfce62ef68b714d5b51a65a5732b101,65173099486135200000000,231,0xc62A62C140E93Fa0372938Cdb5cd0F82447e39Dc,QmeoyVMBm8JUbT4uF7QipbPuKiXf2shVQAPHUEVX1hbmd3
0x8e441287171988c211996bcaf20b26dc40218b0d,1603174169991910000000,232,0x21ca188667Ab8b6577f930C407Bf9675958480c8,QmSqRFxyVcSMxDQadY9EYAgh6WXsuFsEK7ngMY2hq8VxBN
0x05cdb88b63e609c0fd52a6a9d346b5698ff6f711,2500000000000000000000,233,0x2A75ff5009fa1B45a4A4F95CB04cDABc95332807,QmVJTVtPvzfTsXRRwVXDifNFws6ZQCujhpoW9treS88jUA
0xd60bb1dad4ed8df7e34ca61d3a9c37768da070ba,2501130000000000000000,234,0x990233E104cb4BC478b54c3C2820d78A447d2A92,QmevfUgkxJKXw2WoS9EZtV71g8p6qKuXLGfzG2CgiTFcTy
0x5d2ca9c220f66a5f181e53bac510fe1e1a0ba268,2500000000000000000000,235,0xb4A82439709edE497D20dE4A7Ca941B55D861e50,QmXGGVprUKmkEtPFG5TSnjwJhsVN7gTafTrB9qN4vy2KdH
0x71add64adbb965bafd01437295968502eb61145e,3321510000000000000000,236,0x5313a35Af938bECf71870283245D8e03Ea714422,QmZVSjbpqKjztb3hrRr2hiEbwxMDrNwGkvnGCQABToeJUj
0x916e316e270f0ccfe1f5c73f96b77838a2c890c9,2318317040000000000000,237,0x4b0E6b4DcdcFf0DB19cd13025E248Ac794790240,Qmc1LhK8TEmDP3M5swBwUEUFiWETDQgmDnJnDsa8RUvm7K
0xed50c2f2b42b9888b0ad80a4b7750159b61f4a5f,5616497707329530000000,238,0x0f200DD9A0D124AA520D73AC69d7c5B2041Fa978,QmNkVB21EEoB1pXxaRua6hBBPRzPAs8W6oi2fiNVs8gSiN
0x2b794662176cce58a59c929d80c70d460047d08c,2500000000000000000000,239,0x6A36FCfD37F71900D6Cab77dC2f13549aA3bFDC2,QmPVpzBvhFsL5Sv5YgmkFScwVGt9X98iL2Gdpbz9DDjARW
0x19799f272574079a8dd591c13f7aed0d2f7aa011,4512285941799350000000,240,0x70A9c229f37aD5f33A2b071343Ff33bD2786A5Ad,QmV73Ecvvbkbw8T1Bxh3S9DfAsoGQEgACHxJU3jt8jHB1y
0x44f735d776aafe97820ac7796d547336d1563335,6555233659124170000000,241,0xCbD93b8C32E9A478A9B0144f6778f3AE48665d4F,QmRvjscE1GMc7Gj8trosWd4jTYagrP8jjENLnnH1B4HF7p
0x0ef696b2da7e7c6a3113681ce57344b66bbcf559,1830600000000000000000,242,0x969D3Fbc3F25F6463909323DC960A666a2e7fd39,QmZi6QtfeuGqoDBeN4RTV1BacYdRWY7Kzwb38cj5e7G1V7
0x3d84cbb9a498cfa03b6a012ff5ee30239a5689e2,108897269630219000000000,243,0x650b3a685A922f7d8b9CE729361D5d9750537938,Qmd6vsxR6sbkNhsphdwkst3F7RoqmppKipQh4pdMiSSmAh
0x230c2ec2914ccca9bc654d9824aa9d144247b27a,824914760959932000000,244,0x4b394C74c26f7B4c29F2473cf7661b0F57F98597,QmVWc6rzP2JAyC5CEcbhXCm1SyAqg5RAm7rtcyXFHvx2qE
0xc9c06e8218efab67730dc4c3a1876563a36991c2,14394497744699300000000,245,0xEDB7C9C3a671491dAf943893Ed05bC520478378B,QmZdn28Kf54SRaVLuAq18geaQAtpbRf5H5McKe8J61fSFP
0x54f20208d5c44337e46ff23411c1ed6025be284e,2322031486808540000000,246,0x0cE2d0c6aCac8e9663748b1E5EE5401ec96cACC6,Qmc4PAqGsr2Ma6xYTKLxC8JT9jJV9nmRuPhELDs9AxQ6m3
0xcd7d70bb7034102ee0c828fbb83776e0137dea8d,79521531665587600000000,247,0x7cd1257917240482635D0C1447AD3A1031389782,Qmcy7o8esa4XhgU2iPPGBqg49jVDMQKaEeQmKhYXQpy9kv
0x3f13fcf31d1ed321e91ebdbd74b4e815f7130b73,3853336701034930000000,248,0x0E7DDd7C0a3C3DfDE9f15aE1a20ae5f9d3ea567c,QmP5pDBdAtR7ysRhf44AJnxS9YZQmusufoA4tJa9gdEYCy
0xe9851b0d4a88865ca6af971a42eec2f55f1a9691,1808000000000000000000,249,0xBe024A43782209a5025DC951503ab1c24a9FBaC3,QmbAZMbSR2GaYbXf1vzPrdPS17z4PSNDKKFPC4TAAYxzEt
0x99afc0f1d580f5baccfe9d4f864a1f34aaf192ed,170327784104784000000000,250,0xE29cea38D0199F719F57068CDB288c535C43242a,QmU4LnT6Akvvr5ob7LFw5usqSFrYdWp2gewQeL1W3FYbRq
0x9d0442c647d42c09f18a46ac0f4337889a16f749,2500000000000000000000,251,0x6aA5eC7C0B506ef23180B952d3A0C1450538b2fB,QmfT1DiuevWoarZsrYPgsHFvhU8eyf3H9JjUnutcAzEf1n
0xc6571c2fb66825f13b7751b1c334810d397618eb,2500000000000000000000,252,0x38B0057e0b758DFEF7b8cd1c022622e9dC9Bf6C7,QmP5eg4s3FQ9dzxDHETiTXuk3VjUWY7esbHt4RYKTX6oD5
0x18a031539a43860f83cb5fd9ed6c5f4368d0fb5d,8974507448989040000000,253,0x861dB9754891E8BCF763d302553accA36bA2052a,QmWV5qUfveNwsR6voTeEpmjADpE7RCg7gxSGrkatCbQqK6
0x8b59947bcfd847f623a90a58e89e45bd814c87ba,2500000000000000000000,254,0xD6609d68b64a15527FeaA7774Dd26Be0a2F942Ee,QmTVdaLpmM9n2rbuz4sSk2YwPBB3JaER8iLcbyH3hbDyje
0xe391bc78f648bf1b99e88593a3497e00b4192959,861441188729116000000,255,0xc418cb5075bcF37ad8Ec85510C296398E1588045,QmfR2ZiWxRvEcGmznPfkMfJbtQnz1CjNA6tt8gE3PqEVgr
0x73f7cbe1cdd6b7be50502b451e6ea56fdf0f7b91,86851617560822000000,256,0x86fB1f7F153F1e0DFA6ff77C0CAe3E54Ff00e0F7,QmNtC59DQ3bHemwRgv7YHHJuASCpVUA6XFXQGViUHA7C6T
0xde1d5bd2c0520fbaa844be002a646c657a39f66a,20375891265131400000000,257,0x1B6EfeCEF1FDC8Abb56417a17cA3fa9007768022,QmTxm2hZhYUYkBfXLe5FrthnH7SPo9cX3DneDkk6U2EFr7
0xa12eec92d8c155c8ea9159cb87da4e062bf9992d,15827172897084100000000,258,0x5f100571a61F842CCA48ecc2F6b5220F4E46232c,QmcRyGy8tJ7vkU7LNKn6q2BkGPvcLRqFcGD6ezCwig8ig4
0xeeda7f71df5a589a9b8c5794aa3d28d66a4ee672,2500000000000000000000,259,0xdB2e4d1d96165c10E57230c46dE90d282056ebf9,QmZk3uNdZgiqBRzkpnf8LN1iVzfNjNP95VQnZKb4tjJVSX
0xc45ae31e112605ecc9d083ed4eb27779a46b1117,2500000000000000000000,260,0x131f574208D58d84D09660a3c5410e52E0804b25,QmXz4iG5uh3BJfYyqo6M2FrKw2xcaTd83fVHVvxnVFsosW
0x662d18647c9970510e734611349ebd928bb331c7,2500004490627230000000,261,0x7Ee57d8691cd003DB41cF104Ee86E4EfC18586E9,QmcwecMjRSvDYdciDAUDjHK9hL8G62FSYa3YTc4NacHJUc
0xa1d5e9cb4f6a09fcf8b938435b0de63270c67537,2500000000000000000000,262,0xbbC7BD8Eb916A5550A7d7d821D833D05B55584F8,QmXxu36VM7yXhjays4Y8xoB5cgZUkYTXCcvFRDEnPFmrtH
0xf86981839c942020f907d40a5b9eea7279f9b7c3,1540274585158430000000,263,0x58Ed97843e7e130f4254A41FE55016E6daAc11D3,QmWEn6GtWHmPXnnsWKnBoSAa2gf2s9Yo7qPMZq91L89eiX
0x765e9af7210c2d120096ce5b5709e8060b710474,12500000000000000000000,264,0x79b6ED896F7dc7692eFa2B856FbbFdd4e9344C96,QmRVJ6dm8BaA96NHzYAzVUSr3z1ShcwghrQXTKjeWx7E7g
0x7f519a1051a8e091e3bef874a1b6b50d9b8295f0,74984861783752600000000,265,0x9eEb1934A003638FCB9B7D24D8d2800A6BAa3e2C,QmcT69iByy2etEjRAH5uoCM5vcZc8fyKEu12k2CSpC8tf3
0xae821dd30d5e02d0e14fa443dd84f90a51b05030,9404009395210630000000,266,0xc7f2594F5C8F328682a3eE5b73A185849BFb54cc,QmcdT9MhT5Csbs1qaPoZRPNM16M4dadxeTa5ZSk6fBq4Ve
0x52bd084ed2258bba6500da2a0a40a2812d0ac7a2,886698875350295000000,267,0x38b8461aD3F8C5e0fd510Ad924eD659bCAB5FE86,QmRBYctmiy9xJXTUYZUM4Cn6fSwfVLb1nV6jcggBxemqff
0x8abb2b1ebc7779a95e2d493e5e1fcff1a3ca5a51,113000000000000000000,268,0x4e591c27737345854A2379A79EE0Cd6fb98432Ef,QmP9MY8Tfc2Z3rzuLgqgoKgTpBagDENDboTE17TQ2zPtTG
0x1bfb00d16514560bb95d4312fdd39553395077af,57604372654919700000000,269,0x30B6349bB2E3Bd90E244b2D26e984df08B4f90C2,QmR6YLGr8qGARbJt9HrwT1yPtFFo5szk1LvrYVUk9Xrf2H
0xabd263d64781a01fe3d9b17f12fc95f6fccb2943,4766530391479770000000,270,0xb8264A036C17f82A1C7F1B6A56C5473e62dA0023,QmRCL4T3g5uZCtUgtxfwgX8b9WYaWGX7jWLCe4ceiZG3G9
0x2021aff1135fbc831e71d84f60603cdffaabbb18,1861949213030190000000,271,0x88429cE4cCBD24bb3A00586854854fAA54A5Fcd6,QmUGscCctowdetY5h36h63N2N7aWV5ToQdUFuTrwLWSA6V
0x9b3426690374e24d5ee89ab9989e921d51588e89,5966674979179680000000,272,0x05d10F52d8868701558B6760cDf42Ec17b45a30a,QmRCKXiDJ1FY418eRU8Ffo8ooX6xCrm6DJ4FWBsrMUzAzw
0x8efea4475ded9a1b41f862cbfc9956a428507315,268262623955071000000000,273,0xD69645273442c5dea3fd6cEFAF8aA991A5faD44F,Qmc4HAWq8c1PduicZUwDD5xFURnJ1HNappsoJSBctKDKcs
0x886b629f5beb4654701f6432137df3e56264bd31,84436192051176100000000,274,0x68492627CD8Dea45A9c11337a0A0BcF0678E16B1,QmYEvG8uDCewUbARe7hEHTkJHU1HoFZXKd6vWJpyVXKuVd
0x5ac8fb76db775a06be1b75878b7a40c0cca4694f,29337714780886500000000,275,0xddc724AC2527FCf3475e5061544F0827D900f69D,QmaQXQYjKHZxqp5Le4Wt3QsJV4UNNQVmJ1NTfjuxvb5U1k
0x23ba19d94fd1f9bab95823cda2169d3d6e3c2086,20172668260842900000000,276,0x0baDE173a680C59355Fa906f9e477f9456B1cEc8,QmVfyfs9G9zFgdJNcGY1MTWfXinESgemYE2dL3qykxsD9y
0x9ebd57862d98a5c7567a179fc7e53ff7176a0bc9,591366666666663000000,277,0x972D94F0b462867edef9F761140790027830f278,QmT7JPv1QFbomYmbtnApe6uCMEfDg9mDrFNCLy6i4pjHP2
0x2b4e19f8d24b33937ddf3210a81d6aea54402e2d,368591255712443000000000,278,0xf0282E97dca5333C6973e9d4F07f32DF50F6e02A,QmYWCrbjjoycpzh4grksEPMgnA4wvJiyCSb5q2vv6mMyxz
0x8eda0bd868eb10604e9f773edb8fb0cf25c8a3d6,2181281664818110000000,279,0xdc35398e7ecb643Ec919bB15550E4637B39B42fd,QmTwTFPUiXMncw4dBZ1XdcA8B1j2j3sSgECC2miAbqkUS8
0x75f2d6790159a878045462d01de7115425cc2898,22442600294244000000000,280,0xD5FD00C2c3E126B9791faBBfFE3292e7545b447f,QmbiwTvRuZkSnzMdm8BoQxVtqkzismL5Cxv6XpvmVxy9B2
0x1319d571fa92bcf6ed9b6954dfc485a3505eae36,23112644884223100000000,281,0x0c450b6BA29A97b63c371e7200f0C4F34EEB4474,QmZUMfNpSohLpMHw1wN7QJJHMq7a7VzxhNHXEgKNKbLb9p
0x8058a5062205d631f7c9ae042ab435012d411484,233039937829010000000,282,0xD2Ab9Cc07Bd980E2DA20AD9cAe3B9F00bD23aB8e,QmRqHgGtfACSLHJW6KGvDXohcfhozLj37j39XuKSBjKJ7V
0x6a165d814e92989b6d3a1368a51d8a9b303d204d,3635012425055530000000,283,0x780c801627A9ae8F7B5C36Ac9C1E5Ed4A208272C,QmQpE1GjF3xVsJH6QocDyKTrJchrQ7JyXxmNKuRtaxDpZJ
0x9cab916493d31d1114a1d4f9a497aa886c1506e9,3318120000000000000000,284,0x947975B502E0b61D2b0C92E7239EBD2dDb13b24c,Qmb9UwXbRcR9RWi7hSVTTZr6gkqpc44BAiGQeGfn9c1myS
0x8653dee340096c801aa43cd763998bc7ce38d63f,122175600000000000000,285,0x2658534e0d9B4B447769F7E5F9867761f100476A,QmU3X4UBJPudsM4wdVip9ofwN7tHhuhiY2cAFZ89SXtPAd
0xda0e07866f6ab48572d1e17fb0608810f0b1b48b,1126237100000000000000,286,0xcB74f38E0d1D827C8680501E859AA6E5C8D47A00,QmNQrizxmaKLAuDJgWoKVVB3e3ktGDvLvGBhb4SHQFazJi
0x7ca355f576fddfdc73dfe3379410636579685b4d,11300000000000000000,287,0x4a97f88728f25c7F8A40398C8F1f1F6C08Cb448c,QmQBSHjQRdnYKYih7WUzebcyvMwhFKCMGAWQDhkPmfL48S
0xd5e124ad5d77c836a1b28c8f941cb050b857ab31,787218945900442000000,288,0xD51851842D154C69677c1E688E8c1E2d9D394cd0,Qmcp5ah9XkHxximyLVw7hUmAib7Zkeps6HmmFvMzD2tQ31
0x0f638c2cc65d72c1aecd056d1fda2918126fbdfe,7344673860284070000000,289,0x0574Fcc0b6768c220d6702874233dA25d2Ca97eD,QmcKmp5xgA13sM6Tp2Q57i7LmVf3FMSSuJFy6wjCAqc4St
0xe97047f83589719791d6da5d016ecbd129bd2fcc,666700000000000000000,290,0x4585f40B57a738A48c6993Afe881051D567Eb2B8,Qmcu1wPUxcTMemGWa2htEtX3ujEVTX5fqS267TMQUs5Sk8
0xd0d1b2def7204152088982494a0b6461d7c27a8a,354682817875361000000,291,0x3f98506C763bC7522F6507622055e395862fC5bA,Qmbiu3axVTcTqSdLWJ13Q5xsavw7o5p2CNLXoNzkqukTLQ
0x869d7b9ca8b385dbd76929e4baaea302cfc45b56,4159309109299920000000,292,0xf55D18bF9ef36a65A3638D7B3042b2C56fD3486f,QmVYpouty7GtYZKVLZunERn9G1qNJEFAYkcbsRqsQfabDz
0xf8926a177273202755f9fa930c96285e612375ac,3319250000000000000000,293,0x10FA59e4D88622e7f56CcF3Eb777e1696Ecf4ed7,QmaBAb2XpcZFhGCnmqSkaQqHNhVrSEqMxD5sNwxpvMZ2DF
0x3fb0cdb134bdfe1d80da4bf305d57019c18ec8cb,4179572395009990000000,294,0x50fc2cDeB99B1C652290984aFbEcb54Fd5c264b4,QmdMiKXA62upghzZ3NY23UFvQFBybCPGu7RXNzVbqN9kLZ
0x771e326008a72af5aed672d21139f41563fcfd79,4132340988463650000000000,295,0x2b9b7Bf77B0fB37A14d8F874f332B6431C620431,QmbmB5UMYhYrLZBVQEdaKFodyA2kx9NLnDCXEtYZQm55Pi
0x7b362ab92c2eafb0b7fa28818f5ee65af7711720,29033703993630900000000,296,0xb3C3741d2a3dd16C458b29EC8fb91F9b343E5f60,QmZ7FJzDGmtgdVE1BmK5meFdQWu8e3ZegQeA3HS39V5U4u
0x25bf2711bcb147b31bf3753f32c6a89a688b3518,95458503796515100000000,297,0x5F765B697FB8C10320d94f24776f05f29546C5F9,QmPmFhafSAsJoe68a9RbTeWg3yUtFFjPHqBzY3TA7rWHU4
0x9744bccd69d5b574195628114b82081a4dacb5aa,4666482807245470000000,298,0x9Aa7779e8Facf4EDDf2aF31c461CEA7d09A2A2bd,QmZzr1FmJfj1o1wLTpfdoATLXWvsiFuksNv3kp4kBrnbps
0xfb0c1380b2917f8c1072b49d69873445abe2e34a,96175510920951800000000,299,0x78E6D97dd72BCca2565506D1B632c50C6d54c1e2,QmcztUVraysLZunuNHXL8ZMcs1weZWtJwwmm94sXZy6pjZ
0x9234a405b420a746eaa6631f80c8df3c86629505,1142759735553520000000,300,0x8FE7a4cc5139fE6d61aF2f0208bf6915987fC8A6,Qmebdt5QLfJReu2U6VEwQzS2fG7e863E8Z6RpRa1ZdryoQ
0xa75efeff59b9cdb0b1abf6e58c3fa024ed7661a2,6298711281300220000000,301,0x2b863a4f3b5dF2353C904cc2771691744F7FEB80,QmfUAz5bSBBKJGEbSJaF4PAyxVFY3iwprWJfDQbqAAxLMD
0x5e160708a5abe101049a1f5f1e85b2f9ac16c05e,95359775949874100000000,302,0x5cdcf476ad4842cB1dF4F45C9721f01a076E8139,QmWWCwkN68ZYD5bopVyEHrFf3vcWHLG9iZRQqCPHsPmbPQ
0xf9f1650ad2c9b4a96e8bac5eef25d1b0dbe2b691,2809554673790760000000,303,0xeeE19D2C005C723DFd01cec5DBF3285b846E2fb0,QmTiuxJrWdHNWRVhVYMrVXNoPAihjGLj8XEqpt2cxVbzEt
0x42d8b35f9eaa5d21cbaa498c342757205cdd72b7,8861895050000000000000,304,0xEc5768aCBa8D76E0a0FA0fe2E7275464d5726409,QmQwX8LZrKMcHFQrK7op11npnpQUxoQB6xx1QPhpHkAfsL
0x7eba274d01c609959afd6ea8005cd695b3a62b18,1646171776120990000000,305,0x0ecb6345010e8706c3a8bE092408c75d85630bce,QmeVvun2wKE1ArpnAk58e2JKPuBbwAEhsPC1UHbgzUUAmF
0x3e40de5c19627d5f354f40a34c6c7c1eb33df01c,408697936405183000000,306,0x86D372E0cd51Fbd15E873D7af312e0456B399b93,QmP9ZmenQowbTTyK7Ws4AEQBBnRz3vnixJ5r3DUtFZPeBi
0x493409704ec5e2ed28fdad4f48638532228ac693,94694759662117300000000,307,0x165EEcF21ea1c57dCA81ff6cA7750b355a9fA1e4,Qma9C1tymtFuVqUWZNPB2KZy6bg5WDmw6m8ShxLWA2d9vA
0xc6003171b9c32426d743a6911e36207d14ad3c17,10844553500000000000000,308,0xc7e122E0B143C79C8530b6696abBFF52D064540c,QmaNUBwmxa8evu7ZpEP49Vx11qZppHFX9qzxPCiEigprbU
0xc6179d33238b7af15a98cc90670842cdcb37e50a,292330949024909000000,309,0x827B0FAd1a7Bd8C3db435723b29717438768C7a1,QmY49hLa3xSsFm5AiE6dTLFoudTt1vyGrvSaPbovF7kTZr
0x54841daf4b65308f9931e68e537be53de36dda59,1684422507339250000000,310,0xC279B924Dbf1e041d4C833B5841452750A2AD4e7,QmSdyMkQ17wuzjXSQtXVmN2PRL9rYE4SRNyatDNQRoW5yP
0xec712ce410df07c9a5a38954d1a85520410b8b83,318003866594405000000,311,0x914E65F37DEe498591d94Da59fB271A2340D955C,Qmare1UvbkdTf3ZtfFd1zE71suCkhYmYopxHkyxyznCoe3
0x7562901cb12e98c7d0a50f3ce756134329fd90fa,53110000000000000000,312,0xB1703541C91a09f2e768c95581c2be2D9134f99C,QmNandMPEzVoNtwZUWNKZHMH1vs5SVKXbttXFuHXtMAkmX
0xdb1f202d688e7efc426328cd4efa0d4f34a9191a,247368309440020000000,313,0x4541986Cbd69871910adC7266eb4E590a9b3987d,QmUGJJTSkksMfyFb5bSCbB2VwUzc2YsJh7GcobjN9gPQ42
0xe1452baea1efb49489cf642021c86480965c9e03,19967932341197700000000,314,0xFfa89cd3b90754241cdf2a037dACB09e6deb9A77,QmbhbWWLtraLxQxvKeBhCBYb21KhMrLQArKagqShZe3rK1
0x982dd304cf5d140b5c1673999ccb4e69dc1e7e53,251827314723797000000000,315,0xEc96D109e77002fC1Ad45F9FE00Dc307Fe9B4291,QmaWuM1Bm7YFhD9r8MGwbrftzKHBXiH1msut2e2SUWLBGF
0x85312d6a50928f3ffc7a192444601e6e04a428a2,29869186930402200000000,316,0x5A40C37224746333691F9cCd7f8D48bD7EbEd000,QmU1CAmmK3kFKe62cDGhbgfBLJWSB1EAEQ56rqWEE5ehHw
0xf1cc2f3047cd31edad0b35de19b45830d2a4e281,1314258695073000000000,317,0x195D7c7c4339fA1cB847A278D2e9F6b0Ec60943f,QmZkdbjUCLWddBRhAqsG5MLN9zbaJ4RsMtXcyPrxA5QxK4
0x07023c87471184ea2e837037ed6778999173276a,2357473629681300000000,318,0x336Ea6e52cc4aE80d9e72B493f5493c416825B49,QmbdM2TuV3RTMoDraD41LErK1XeLtSEKiL8ddyfCus2B5x
0x8d913539a777b13d82ecf6b97f25e1564355b9f6,320106749563127000000,319,0x5FBCab83506A198F8DD57a31521672d05e57e2D3,QmNreGpZPR1ZEPDAWAFa3uxQAex1HBpb8tkorUzAyou9Hg
0x2404d0170536a843d7fd024c10a4059ee4293915,8235953696251040000000,320,0x8CC31B7A8271FB64A60E1A6D0d54A0BAe604C0A9,QmXcRStzBuPwp39KxVrUYGPo22Q8c8Zegpdg5DPtttTgLH
0xc0b961945c5832253c70bc346683f3be3f566376,6160722426286380000000,321,0xD8612C28749C6d89F9039EdE4E9717137B6C774D,QmQdcyxktYV4WaVZutMkZfXUZzgMoZgudZAt3vqpRqvTDp
0x29dfa3b040a65ee3fc0da515343c18cdd49c635f,32382068788974300000000,322,0x61D725B9CA91B79E732acce0f366D3c874e7F0c9,QmYnm32VvN9ojt5Y4Xy6xXxTe3Kb7XuWQXCPUnGGgvnvL6
0x8343860e53cbc64b4f232b0a336dcf953b2eccca,3512588255720910000000,323,0x862D6F71Cb570D8d08f855E3483f074Cb8be4fE2,QmPmetTAhdFoMP7vhsqAQP8nkpM3jmFGC2zGGFaBFh84ur
0xcb6eac76e563d0007b3514ba1e4221b1e2b810f4,407838430555768000000,324,0x1FbCFdD40C499bCA3793a042636F601bc61b60A2,QmbYjtV89gYqp7NbEsYjt4Rmf5o2yRrkq8cdFFKg1b63Uy
0xeb057c509cf30cc45b0f52c8e507ac3cf8e78777,61306058794809000000000,325,0xb9EF90389AA55Cf84850db31dae900495d813ECe,QmTByhksKELqHVG2rdQZjUBTW4Td3VUWGmMvLtEsrp8C78
0x0ddea4e685f6320a4e89f57216ca5c6a4bf16bad,479609008156191000000,326,0x472345C7C2a8d63b9c8B7Ee1B20085FfCD1D365D,QmZMQcDhmAd8JZXCiJypJF8iEzfLLzfWVe1o2LACZSadwX
0x94440b86b05458f07e58cda1db6891e099f109f3,51709757189486500000000,327,0x93F0E733e499077F67CF2Df3FC48537B35932D6F,QmWtm2hZtq2Brc1iJUBeA8whzC4dV2V6dGzTtanc2FCp9R
0xc8e3ea98a439f57851d04240c96683c3eec7deef,16131822654744400000000,328,0x9c755Fd0e5134797D03F0b9A225534dB99b195E9,QmQd1bQ8UTKJuBDzSSSHvctBSagAR8rj87A9FbNSYr5AT3
0xab9c304d0be3588e20ed794d01390501cdf35434,139694428459549000000,329,0xed7242a8b17b929288F68A70dA03260E4d013A7f,QmQutbPBFUCVHZ7d2YRYFWZobQpfeJ5S3YEZYcWPUKKDQc
0x0ef27f6ee5290b4d38868bc3efd9aa09662c6d25,14027246022771500000,330,0x2c605c0d5ad2160F25820A7737434a53de7ac44c,Qmb6373hwwKi59qixyRRivYvrPYmftc6PvzY6kNjJUas7Y
0x90682ab7de70165dc4d4347f20278417461db1c4,1223494675774190000000,331,0x3A22759d010945cb2F9f880bA4743448e5D30F48,Qma1Ww6jKr6zVJjqtw6wvH12D51Yj7BgQVQAvLy5GChBLw
0x9f8df9a4f490aa987fda9d7c549c97e9d6095ab4,19872031824928800000000,332,0xf8A269c07Acde1509622955D0a599e405A24Ff54,QmaTKN4w9CgrMJhAFrXuwssdTkE15PV2u44H2p8YmbnsZF
0x3060cccd9c0414d5796244311fb3bc75c03b1a53,754691001314067000000000,333,0xb8B03deCAc7F9084f24439604506db9f0A26AC30,QmSpc1uzct7zsxAUHCkZhwQNuzJ4rQjo9dTteyJAskiRP9
0x78dc87dd50d82ad55c39ebabadacb10696bef96b,38293620110952400000000,334,0x419ba720C9305C1B6d950362ee410fDB39f6B251,QmZ6YXmnxt5y16eVLV9fTB64dQp7SSjZfUWbjTJAWmjyga
0xcfa4fc9b13e58c907425122c9dde2cfd6e6bb12a,31628784078610900000000,335,0x01a4C94C6Fa5F3A0D7eac41063898c0Ca03a773E,Qmf2DQ7MeCBf7qqcm3cCNnEr2fLiL4APvtLaULu5YcHvE3
0xe36f3c32d9791cb67e21a6af651432c875967ab6,15274613773584100000000,336,0x6Bb335F5a02ad99A25D8a441e6E84319c06939BB,QmaRCLjjA7epbEkixtydjXUpsXmA9geKDdPaJSjMWg4G1U
0x0333f6c7b94c154f8c3d8f89cc34523103aab704,13138664761753700000000,337,0xCD832927E69302649BAa3892b9a0f1AC9b8cDbd9,QmZEqstGg53dcsVjHv61XtBPrPh1hxML9GD64UR4tdX8ig
0xdcff443d0b70884680549e35c6d2ed75789d90f4,14654770476278500000000,338,0xc84eA5173227164581bdE02bfe812bB571b15639,QmdWAAU7Zhvm3VLgPZUPw5nLoZAsUFFaq4q7V4yHtwHUHX
0x57a98596b5f7396c72a30d66d3ece70dccb46acb,39817490785432100000000,339,0x7C0A5874817814102e77D92D7b8bB03D47A5238b,QmNYkx9UZrANEnUL3Rx7nTjCvfqARVoSKk7Dr83b1cUzfL
0xe4c518dc76aaf80be0a3c13020d1437cfb9fdfbb,8821102261828350000000,340,0x0928E50bC839c76100daf0d7E5dE161ec30546Bb,QmSzDM4ABoF7whCoqMRW8JjnoVp7gZv75MHSLZuwbWS3ib
0x08d545c5c8fb179e136141146bf4562e3db1c6ed,2034242217208100000000,341,0xB79F4bd5B0A6310A47e6750d76102E1BCC224B4c,QmWu7dK9Sy4hcCMpbCzo7KU4WhQjeTcwAuHVTDvZSrGDwQ
0x2d674857986b5c052ca1cb07b1d2ebf304e2ac5c,37991448904753600000000,342,0x70FDD4AcD08Eb0448190521E7d299DC3e2249ca4,QmeNXB78ZFHhUdnaFG2V5NzEs2VwcvgjxdSgM4S42wfu6W
0x543a986585d42b10aa4c76c930c68ef8b61807f2,436478769925885000000,343,0x41c18818299ccb2d55Bc954ba6b98CB74AbBf850,QmSsP4NjGTwzy36nZrND5SrSHmVYE75ojk2cp9UxjLPPQL
0xe18067c9ef5985b1716b14311aa57a7de166ce43,3359775129699640000000,344,0x31b49546019bb761B98cD23d4d48a2e6b123CF8E,QmX32ZjhMzcPuuH8vV7rxqTydfYVq9DCW29AQ7NMtXuERx
0x68820e5cdbdbb1cb131151dbb203d4fef563fa4d,16780001305292900000000,345,0x4C11754fE55399013BacF8d6CF02f3B810250471,QmU2kXArbMyVsU8iFtg2dRA8VQGYivTD52FmUdv6HPsVSG
0xee50c3c7b7cb0ea0aae889219121534f976e4974,3400612885797510000000,346,0x323F51E1b8000634f28ad491fBaCa435f7D2c2B9,Qmeio2ADom7GtvqdCKj3Yf8yufbmi2AA7uwwTB1G87ipqj
0x9c09926927201527812364cf97aa9bb962a638b5,30283805970992700000000,347,0xC8D7Ad60b9a55e389CC7a22fAA469Bf82aEdEcc7,QmWSVBwazScrYzvBdCELWiqzuqoTH7hZuQK8ksvYS5xs7H
0x50b5d4768efb012150ab4c24c39924b14acbb9ce,23605553098571600000000,348,0x50FABc55FA15eD1CabE95294476fDe01b0B6ecEb,QmPWpZgVHoT2PmhxRA77tySKbfUoPV5MBSy8gFLYwtpmPz
0xdb0eb9d762b9a81a3b4e0cf124be93557fbf19e0,3612406230625370000000,349,0x8fa1AcFE8F72a4D834eE17460Ab94Cc7EE5fB91a,QmbtaPTUzX2opaphhEHy6aukb7UcgAdxfxAoBckfqa6SUN
0xa95587aebc2713dcc3b992363280de9979add61a,40286122521260500000000,350,0x96191c335Ac357784A2bb1aF4a093ADf49D6D377,QmWLKNJhGviWzVn9ok1xsZQJf3vWzBtooELFoDBVY2XCnF
0xbae2b0cf575cf2ac9d030f4db93377ae8e656057,638263550000000000000,351,0x18D12CE68FAf2dd88E6B3d7bbC67EfD26D997c98,QmRJJhhoo2K1nqDVyNrfDbTvRy7R3TPEXdLR6tzHEqvsFU
0xf158a9704ce17b87ac5118df611a1a9a56579b35,225206158196359000000,352,0xB5bdbEcBd98e83BfFB76F388E22eF251BBD50CDF,QmbtnJvh3fLNFfA7F9uxUMs4d6hXD3GTKjru5QGK7RxvF1
0x79728646bdb30ea6b697395b6d3eafcf74057579,1043639628982200000000,353,0x1708750cfB0b66BDb9aBC9E813628d148e0C9CaB,QmZdQombZUPEWTUkmMU62ACm2SkzmEEUNxshtjzgbmqgqo
0x04accb2c2835f0fedb1cd67a644d3ebba49c7399,17776628686527300000000,354,0x0A270A3F0065CE3E33B9E8ae7069Db1151467880,QmaJ7E9KRBdM2BuVZHPyRwnUKRdhqZp3qm13PMo9v137eT
0x84b81987f6ca3cde2a50daca42a58a132099c731,2202206369709970000000,355,0x814a78369dC900c080B9B07c3a9Fe77D4E57F239,QmPNGhEFtRyZCU92Unf9r554tq9i6nen2YJoJTfsTvzeFS
0x79f930b13f8d64db58717d142cfbba9747ee0aa3,1023352178834760000000,356,0x3dbe846597a5bcE48b63365007E9f0A2F69defff,QmSjCZeXLbAR6ZXKMjyrdKCK9fEk4ZZ9Xdeca9MDz7HS6j
0x2a35ea45f23d8bea3f8737e161fcd730a4c5910b,3796412903987130000000,357,0x59E9Aab5A272d8537484F5A7a2f5A9C104685D9c,QmU6v6kQh5qHpQFbuxazVgKwanRu4Wpmrmzyah4pPNPhDt
0xa219712cc2aaa5aa98ccf2a7ba055231f1752323,15148157749773800000000,358,0x396DDee7E510bCA46b6765d9e9f86620699A0284,QmVGuJVZ3i8qRsz6T6EwjKXxedHTrLMrHRxeCT9m5h7tV9
0xf3d09f199e45e30f3da7f70723ef22e0facab580,169500000000000000000,359,0x4ce96735B954abc7A659b8dAa849f8f4624440f2,QmTscfNZyF41QvQdgXYbEJR7xG81i8Ay7WfvnrAXUXk6wZ
0x7680460d2332cadb284c88a36ab4f8dc239ec055,166110000000000000000,360,0x8832f26f8Fab942Db396e64B8C480b7A95aa7de3,QmYswCw9EuyQnUhtryjL49HDAHL2Fux4h5QmprEi9AVWLj
0xe624ba6d7e7e1ce6d11c8a47a4915c1636ad0e47,1045952608258370000000,361,0x4F9EE3D0EEB3B6255E0F4bD7ec13667A7eB3e1Ec,QmU9JnUXTX3YL9pu2vCShxsWB76USLacPhSXVsNmh9YeHQ
0x228118d3ea334f8d34694a4ae929c5bbcffa625c,384964306989293000000,362,0x47Ca0b4Ba199f64408Fcaf3Cd55Ebc0a11cd1Fc2,QmUYyN2YLJt63yGCSR4WbEQ1yWJ1ygCExhbsP7RF6r2ysQ
0x9cbeb2040dc433a34d00b288d54a3693ab8f0c25,2637507287976670000000,363,0x76C7Da3860f1B0F78959512b4AfCe313Cd3b4992,Qmc7Au8crTHX1TqDbRSimfGuEU8ThCN9kJRzXuiAiPdxB5
0x5ad03d8940bcfe6aeb09bb2e80a78d759ea7907e,1335796911887510000000,364,0x9C64ebc38912116e093464bB1b5b7004C2e14586,QmVGfuzHa2HTmfT3jYkCQeEqPn16EhghZR4UQeWtandbiV
0x7e66dc013571b49f347905431f19b12fb0bc7133,167455501877910000000000,365,0xEF8ef53166d07C95Ea7A68A3F059Cb2e276F691b,QmZxFfkXBDAHF2PhB3gdqYJ1e1Bz1LbJARhxMA9EVgoudA
0xaeb2a714ebad486958b247d3add47f8020b7ff54,46502354533517800000000,366,0xC9cC3f935DD10635f015fB572CdFC15D3A3114A1,QmVEoRdnGPWmEoMUoCm5jxp34VxUB7n7WLXXvLTLhPGztn
0x24e2ba010c4c02a8b9e93ceb013d2983332a301f,324550125000000000000,367,0x90f272Dc5cC4eCEc1584E649f408DF3F1011774d,QmNNXaQsaFAXLk2fT794hJEt6mPM4o6ZXBKscq4jATg3Yo
0xb43ee087df982bdcac0e7ea519afec10d14842d8,5519662207102960000000,368,0xBB6622B33E228ef2C8F81CBff7D61B7eF5B546B9,QmcuzfbYZbKRvmioRA88oAU3zhChb9NicQ3RzdEXPHrJgx
0x7d1dbccab094f64ab3b2900f88d65b303d817176,4909536189325360000000,369,0xd0d0A2190a8af41BC31E13Fa4ddEb9343B550580,QmexJzwEbjhkES6UYFLqzGaVjyvMqR4pxongTSC4LSYaVs
0xa00d260f6c185f2ff5932e99c0f2af84c9eb06b5,1534034290577490000000,370,0x253E6523F34F29B3F27bFd66116123E22BE805e6,Qmd3uGZtrhBbySoNK2eWp29kVDERnbfmHsR7xngczbd6Ud
0x25aea2a746b2d9b4f3f11a2cf98b83410adffd67,277458830281471000000000,371,0x615fE607023d61f1B897b631F20783078Fe4c08B,Qme7cZWxx32EejgwCAS85HwBandpWA46MykQxZgBpZaBm4
0xc2164fb26ecc6ce4855401a8c9ef2b7a653b7c7e,63427185003359700000000,372,0x16a0AAe0Dd932Fbe5047D381F842db567c249BD4,QmfGstBhRJ3AQJWW5Uhjge9M8AZLK18BT7WPdV3Xq6JbE5
0x33e60aff189db40cb187e679c25dfd1bfa58cfeb,1718673129782060000000,373,0x352b6aA911389B58DAD57faE610653A52dACda85,QmXnkg1PrQEiKKrtjrTdBHXNxULpXzwFLCtJeyK4nwg7Sx
0x25b1cae86ed898b2b01cb650e049a457af8943b9,16241085368725000000000,374,0x5A3be0b12931133d2F0B151b5FDb1FB1d9Ccf361,QmYWyVCkwXDJC2x5eRh5ca6ezDZ4YmsE1RoVC1jyiQUJ8L
0xdb65979031a4011a1fcd7079bd6f298161586139,2148037349194710000000,375,0x067b133D27F542233Fb5b7ccD9581445C5b969Fd,QmQVQ8q89NJ2RsQnWcqA7Ks5ykfcRLdYXRnBX9YeoCpqP5
0x08c3e8473235b40deede4bd2004cb388cfe63955,14618317363959700000000,376,0xb551f3c2f9dEE586931Ace3b704200fF5F9A13F9,QmTxMjNUF1MBgid7FhqJyduE7tvsArgyqoP8QqK4PckTHQ
0xa67fb8d44d23114311505ce814e82cf6401cf155,464170530678256000000,377,0xDEae0C8f3B4B78EeC052b532cBBD2075974f2272,QmfXfePnB4b2gDnbBcXe65DG8nLoCVjaDvrjPH75aTdvqf
0x0bd6cb52b48f084282174304a434eb44c995667a,748209046615000000000,378,0x011e9d1a2106f405C4AB699850289b66fe7539CD,QmaT6o1h21SgyKt4YUVAZ7HEtmDrvZ5LGKQCamgwJEDTGB
0x3cdc6f91d41f1738e8e1cbd2a06f64dc6da5b0c0,5013017750036000000000,379,0x17745fE865BB77b916183e774aB7B551AcdC8c2B,QmPXuH4vjMeigcDDvQ11xx2M6Ku7B5EE8AwbCVyebK53sY
0xdc3c8cfeda33b34cdfc1eea82c53bc52ef26f2a3,1830361933514900000000,380,0xD956bE5D416fB1dF5B6D0be2f71dFA393E68fcA1,QmTyqXE88wsPd68AeEssMfLhr2n7dXUqcAubDAs19uuhS2
0x6a5f44d24dca8417db339203d9e07d23321f030b,2500000000000000000000,381,0xae0e008c5D3Ef2428C3dEb0a40fbD4051904d262,QmZS3Y1VaA6jKDp6ReakC9YG2HAAAPN5Fqu7vKGqWP4CN8
0x5d020f3a58b4d66831da90ca34db4c44d963132f,3786075155607240000000,382,0xB6B300bAFf0B682D8daF1Fc386b4954744b3DA83,QmTRuGZrT1iDxZXHnDVkpANM4RpVdAYzwyi7mPuwcMME8a
0xb94330b6c6bfda6346018474018934d9c514c862,2250605917423060000000,383,0x8901E5f0184a73804a8A10453A8C9f075Cd896a1,QmezjKa89NtWhVgkXJE6NetRnwP29AumREW5xkbutL5prY
0x0b3db7657eff298c552fa97e5e7492612b8d8fee,409553612933622000000,384,0x542c5CA348ebE0816429422c769F0f30f6b8B742,QmS7BQKToHVxspVBDbqpbYB6KHPUosy9dF2HukCc2yYP3b
0x555bd66cb8d0ffb2af7a16d06750ef9283c13361,1619454824505670000000,385,0x83c50B34b6e148E2940b9552c0a1a8d705B8AF40,QmbkheRySm4NtruQMwrs7MTfgLcf7TDQVj9vGtZmuymXok
0xab0fd3f3d44d384a7e4f3b0d764baeb8df44c708,3101362795551820000000,386,0x93bc1814945aAf222E3333000335bE483A447aDa,QmVpCEtD2DEmhozQDkybacjvadMVbLcfPXUbyAmsc1Ecz6
0x8db68eb7384f161d8a5427635c4deccd8961878b,1637283046228400000000,387,0xF1c4ACFBE6967CA4F468f53ea66a1F85eaCC122e,QmRrHvkfokQA2gL3M96RHQRcbpa1d2oV1RCfx6yPqq5kjV
0xe5fae1a033ad8cb1355e8f19811380afd15b8bba,308127495194091000000000,388,0x6E3eB6020f3bF2b4bf814c65b64763fEfdF954e0,QmfLwGhHWfMxHnmyt2vfmXnJdj2hsfhGhaoJJQ7kQWie1J
0x4d8cfd197a001abe5c77eb6993280a328570c4e6,950750150569993000000,389,0xe611A948AA212C238FD5cD809d2D86BC03E375Dc,QmSdnWF8eo8XFfFSX32EPweRJq4eXDbBVNV6z2W2yenTVi
0x602c3adede091b9954f72a35f2f0f26867585cd6,3763599751914150000000,390,0x94082A65133350B88A32B927f414CE64efDDA775,QmfBxfpaztuK8SWS6bJy5E41epUDq2jEk1F5kaFF4zBDHp
0xe42f220a32bbb97c2ca68b8b5146a4b36f4c9938,867894737737835000000,391,0xc944C9827B0EfD3aD7cb48E1e4E7976133B6A216,QmYa5UdzAtMDGnr3RbTFek2JCALsu2xtxA6gps2JfMb1dx
0x1b5a6186c4bc11b8cf0df4775f7e209513c572f0,1479925345640250000000,392,0x460F0687f47a28Df5790345199242BFFcAa11602,QmdZu6vAwn15wkyLQHbXnMSLT5VQB9ZJECs45tED78t8gd
0x70ad81d18f2838b8650d88740d8e337032c9baac,3749999550000000000000,393,0x771Ffb4b8Ce73457a4f85F5922a5D779F59859aD,QmVnBA4Ct5fuCuqvir3KfRcY3UqJTzdNqkwmdkmSR2YKrB
0x7c9002921381cea5e36996683fc4e8d4468f3491,1000200000000000000000,394,0xA5399eD52C0eF0B9ad04006611cc3c694CfdC90E,QmaxRy9YnQfWktC2JLJaLGJxAdkxZdJ3ohnGmjxARrJRhp
0x40cda1c586d11a17a984f4477c5efce89c2ab8b3,951299737971819000000,395,0x5d07D2744660c077dD76E9AC137087a29E900E58,QmWK4pYswm1JbEtK7QQ6yVPv9kKTau2nwF13Sv9cyAH77K
0x02ae7f5d8f615674ec39db0beab15768c35e6756,365555000000000000000,396,0x03ff2154738d04935eF8459a3FbE98Ba60642CfA,QmSTSKZn2nnq3tsa5PPztkCzPcgp9pFAAK7VJrrK3KrFjy
0xcfda1c7946ca879ae2189a89f1a3b52914840d1c,4422120228360630000000,397,0xb5FF8a16a3184de71F7156e3f472989B3E1eD7D2,QmQ1JEyzr7dsyNKRiDLJZpToNBD5SRYhLd3QoxBghLgPao
0xf43a1739838c99cb3fc801536d3d3b62bca0da0d,9676014613636940000000,398,0x21e45dd709F07b6B30f7Fc321676A99725c4bA5a,QmTbqwQ3v2X9xTd6JMdgugrNPeKzeZyQiizTYvQJosde8r
0xa2a28521ce9d9b30c0c969e882ae09f417f716f4,1029302428050090000000,399,0x4A6726e408B793Bc832540Fb84A0aC8F52075E4b,QmcvVA99P3q6vCDzjpg9ZSPPVUryKjrY8mFrNFuLdP4fJv
0x15aef876f022053f28eb0551378934c798a4fa82,27666938821695400000000,400,0xf9DBcba152a62d6A5e2F3342E8B5e4fDD92614BF,QmcL8VHqmpUMeGi6p8bHQx3HSZBSGAcNHSFRBv6bS9DZEL
0xb9e0831bf34f0cfe8948cde4f46542b51be9afd4,74466768919382700000000,401,0x96f5F0185b53E01869b5dad26cE546FaF6365b9F,QmV5zWwnCeua8FQjdfQPpwqXSBmYsy1mK6ZWfVg7YM1aD9
0xc99d24438690f061e522a6bb3664fc200fa4f4e1,2693165157729120000000,402,0x30949e05F3c7c60a0C5D35178f4cd9F55DDE62bE,Qmc8JaHQW6VqBH3NfHjUHbBEeHd9W8BA6tNvvrPjAJanSc
0xd996ddb8b48e3728206fbf0bfc91b4378d6c0c51,4209582998214190000000,403,0xfDEa9B64f43cAC0b5ddA6156e409eB0aC4b426Ac,QmcHfSREqyte79JLAcjVfbN3wxK6T6WGKKig5auvNhsA2t
0x3838c954d0629918578847378ee22e6778473239,30392761394200200000000,404,0xD010C4CCE8C7F6142C8909d57FA34451ca50cbB6,QmZucHKZZebm6BUNSh1ti1m4UhLzvpYCYyD2ZpBLVHnHQ4
0xbb47516fbd74b6149ca7f85531ab51d2d11cb6bc,373634531728253000000,405,0xA975774DD6B89f7C7e77b343d10C685Fc7361dC4,QmcDZ8vQo8GBaDWcLszTM66qSBvBykGrBGis53ToDry8rb
0x5999498c4eedba03a6d9dd8b52da5470d807d921,102723791481169000000000,406,0x82c9d94c430Ef209066B8aA8E9Dc5Ed0FfDC2D1f,QmehV1zmNBf1aCrfVUfg81LcCrzv4SWA81uhpN394oYNRm
0x7e32e412686efb5dd7957d76a224c57fcd998c1b,269740094571768000000,407,0x17DBe24D6554075134AEeC82860da885A6db9Ef1,QmRMfkDMJvbfgK78xzzSRWwQcJzKfuh2ppPQpvuAjPuoLR
0x392add568c8c910d480d549e69cd86630942c0e1,1166704367205240000000,408,0x392ADd568C8c910d480D549E69CD86630942C0E1,835
0x5816d1c63729a2f2d546d5a7f4a2508d989fe6b8,426533848929442000000,409,0x993dC63D5e41FFA11bc8AE10EB4B9d0900b9C1EF,QmVG6LuwB4hTgbxMmVzThiYQNnqJ3mvhZnQWXqYAcjiXVa
0xb8a9ee50eb8d7f4144f96e00306be960b87b904d,1177359149512080000000,410,0xC7e6aB5f545e17784dEFbb9812a30199CC3883ef,QmNptnMYP2X9HbXjXJiEYW4CrtVH6WNntHPWH6yPUUVTBe
0x1fd38adb7d1a21806d0907c1436a4e84229b9419,311483412725413000000,411,0xeF179B7db7925CC6c9674d6B07d518A184f2DdB0,QmRG4cbLJMsC7fUthfj82kZvUy9tuvotcL7FZfFyFDxVBp
0x52b0c7c17effe49914e241bec55105b19da4b8e1,6082935343263860000000,412,0x387e36A5CE070d7fe1d6f3295999Cac04a0a153a,QmQzS54YtDzzcebRwkjMWNqePV29cUDcXT5VzKAwwZwU7x
0x3585ce928de55c1f74e81cc94495f44b6e410128,4675026684608800000000,413,0xcbBa0f5493873Da09Ff3D5Fef52b108f46f43Bfd,QmQKGLxN8dn2mZVuQNetWyPj6NzMhchJkMrirXrpj54vsV
0x1f507be0f25fded2b4acf27c5b3467e61477c39b,23244902536820400000000,414,0xd916CdfB411Fd4256805439a07aADAfFab911575,QmVFzWH11JTzX6fxRP1xCidrqyQRjKX498CEnVkKqJBMTS
0xcb3833a6a1dab47376c94ee9ca15bded513ca883,563022162041800000000000,415,0xb73cBc6ed42a7dcc31788b609992819354C89439,QmT8k6NbKrsKMenjBT8PdRVRNrcEbEVxc92YtCei1fwc76
0x0ad5312a36e634dde8b332929cfc43c8b3c86c07,3656680682883230000000,416,0x918eF4618e021BA1cd0Bca5B1A22a3f553bC9E27,QmYaoxFi9uFNBqriMoZ3KgV4GVtrBitc5A9vqoADcrvQr9
0xafe24a8f46b78b09b46834d513bb8da715cb8e56,60141157766835400000000,417,0xB4B5A00E5df4749B2Ca563906Ce66Fd8d48d5987,QmaibJxqATY1oLwjFxrde2HYJiiEqEKCKj1U7jLvfS5H7N
0x61a92da98595a05232f31e0c7dfa6c712d35907c,81901030452602900000000,418,0x041181dF6cAE4eC474d2394D9B2478A382894254,QmYmtJSSKvsU8xrVDUoyaDr7N7aBfLrkWjgiHucnBF8zDD
0x3d3ad639333ea99618f4fabfb791394574dd17ef,1112752829133160000000,419,0x64cA5a1e1001dC056aE1C8c695e437B65901efC1,QmUJzZiYRGcU3AgR1oNoxMZ8kHQaX4cGQSTdUiCuCkgT7L
0x8d005cc8c0ff30ac7e2343351107de2591e3c59a,1000000000000000000000,420,0xBe030dd84bb60d6bF6EeF671fc40eCe91BD85D0b,Qma3pyhsctL1spz68iWUK9S8oDzXWFeEfFNvdJzb8pxHBj
0x0cb90ce56a6f92a972151b7d5f88bf56df425367,3065000000000000000000,421,0x8B08B3fF9dDFe5e33f5F1d9325EbE2F7b57CF499,Qmb6XNwG272fRsRUx38VAKRikCQKYQAjWy9BiNP4AcMd4Y
0x71535aae1b6c0c51db317b54d5eee72d1ab843c1,63632450982100600000000,422,0x176E6916150d1fE8caa31c1B7291625752446BF2,QmZWn13KrgabrYs4tBYs8LgL8MKr6ZRixNvxNpTSymNkRk
0x6002ca6a5a935171345c9e25c3cd6e277a4d6631,27251134401785800000000,423,0xe2066Cf4a1C1AEEce69c309aa78f52f169964366,QmamdDSfwUBn7LzyFRgVZJLVMU4zBKEqsz2WVLctvWMosj
0xb27cb9aeda3cc03ffe6d0cbd93976eebe48f02db,4994444370863180000000,424,0xfF5015e0275a36Dda03ad422EBe222C77C0Dcf96,Qme4q2aKJf2LCZmaCoAoCWbKKeVWXLuaHRmmHAcyk7xxSj
0xd581e286911bb17f067a826e25305b798d65b1e2,4531897943207200000000000,425,0x9f132AB89f871f185b066FC5f5c54a445470eEEF,Qmc6oqYeAUWsrDLMnm3aUXSobbnpSTULqsuuEmgqZb88fS
0x72b72029a38f6a954177313bf5ff01987e5b8fb5,5010875091952000000000,426,0x52A0CbFd0f12768f0D904Deb2Dec04049F3Ab165,QmRi9WxschKEjSoCi3vhEHSCxHagdeXM5Z8UqBSGX4RHS9
0x825a976c53fc561bc45a3ca0c2d6e6c18111e0a4,790529281356996000000,427,0x17Dea607Ba972E7c3c27c383d0BFbafaBd08D0B0,QmXkoWau1iJNJAsiRF9AfwUy8rHjSKCqNmU1buy4opWVwD
0x4bba504587d11f490c56ea02e53f77ee7af50783,1673493821632260000000,428,0x81Ca469D0E33ccC5E0114c5F3FdDC65eff94Ae4B,QmWpJmNJzzVQqRGjWiXLQQMtigxzV3jG6U6bbhtwYxzFw7
0x99ef4f146d654b9075f540db62b07e1d6e582802,8137661532328960000000,429,0x1091a392f561a3645752bc608A0521d9b5B19168,QmaDfLshqrUZsa6E1TBvq7G3BLmbjmcjCwsg9midHd2Zso
0x90b7d3c9a566237c72b3c304c0810e74ccd238ca,4766725369238220000000,430,0x5f1B34Cfe32CBf0c693f3bFfFA25e81cD9eBE273,QmVT363jMRYtP4mzbeugvai3nWrfmWKg7BbrYbD6FrWNvS
0x2b95c5afc5974fe382d9ccda5ccf01150c9bb9dd,5213256989844840000000,431,0xc47891f751AbeC5A2e05099db2a95AC081979DDe,QmZeefQBVsevDCfGrDWtKGkvsphfQ5ygQW8CirrZZFGqcj
0x623321a72a0394be496c12cd0f833a35715924fc,1698954452836540000000,432,0xFc6229D5B4386404CFB5B07900f51A9d08178124,QmUMDq7dBpZcDTwru3NTBawYzVoitRmMjRW7EjGotTcuEe
0x7e40dc3babad6dbb81b92d3107f37e21877759f5,1018803598077660000000,433,0xe4A2BeccAFf56E0137eB3394C561376363665944,QmahtCpQcC6mWMEY5h1gxg9UpPBMLQKU8TfnK4Gtez8nfV
0xbf479afb9eb8b74500127e5f32245fe1a66ad6ed,1401135406292610000000000,434,0x5D325193ad47786a5Bda5492c987738dDeAbc2F0,QmRtR833Kwos9af7TLwWpJx1Sd95W1NSUT1QmYRqJ41uki
0xf4f7957ec70b17003d97f0fc194d2610ff3a4440,372346460163601000000,435,0x3c22f77D00321eC7693ACB3fcB6B8e7a926551E5,Qmbj6Xuc8qTSfGXbiawHbJUGM4LaazU8qNuk2wsnD2y6Mx
0x6713ac30d0b578c50746d12cc5d7de52ccdc0ce5,855855923062383000000,436,0x389c6420F319a7841bd6597666513D341cc3e5bE,QmSETZEjEZ419BF45BHt4oZKbBu2ucixcSi3ZYhcUmkUVH
0xb26d6e78c2a2d9ecf9cb70a88b2e571278904a08,2500000000000000000000,437,0x3cA43A0165D4486664D465437C1123DaD8837124,QmVnzQnT2JiGh5Phoro6SRT9BVdydRM1U8YqPxCVZUt2tW
0xd3aecf9e0856822bd320873e905ae9f78a2977e7,2500000000000000000000,438,0x22141653e44B78DC23764A4be2792776c4ff1BE4,QmPZMuxGAEexCxQuE3UFAFoXrqbq3j2EmcVyiVv7NsL7aU
0x2b35e7543fa9cefb8d5979cd4fbda8e699cc5c14,651737592100625000000,439,0xF8705a6E7A223D95282B26ca76E201E411376565,QmTKQTeUEXyefJ8f3XkuM7mbaDUqh95rZEfUdUZ8D5EaKu
0xbcd5981849214c1b7a69ed083182792687ea0b42,1583749733665420000000,440,0x8bD9edf3A144B9b710be8dc396F2cD4E42331076,QmbDuNWGnRn2i9VL3Abiw7C4MQic6etxaPfn8QEPMFAGpn
0xcb609b14c532e5eabf1b62bf953ae9af26ba33d8,684964289107328000000,441,0x6Ac06fB7fe09fA6992D0Cbf59fa102838eFe4c8A,QmNfoGLuS77gobsARi62uzWfw1VS5HsaY3yAmWZxVnQasP
0x06b417dc51d1ac7556607889aaa6a15f9b86e1ba,1704612372110850000000,442,0xA0E830b5332c230c2A898a0cE2Aaa2ae5d115aC7,QmQ1DD9cZkcA8p8j2YRxYzmqKgbByETeZGgw3As4bTMa96
0xcfb9b07ea027a29505180d3956a306d16dff58b6,754628879461563000000,443,0xc2e905324A97F4DF144bBB53B3DF8436FaeaA5e5,QmTkNpqbcLUiaoaLnipv29pGe2FEVbVMRiuZ4oqdvT7duL
0x14dc2173313e76c16ede4003b72ea081d6b7abb2,502080804313777000000,444,0xfD33F53cfee3657a9c2cD644C5128a34a99CdA46,QmcDkmUJLq3JsGR9X5cufAoiJXZS4Uv9PKHAALYMyTuAjX
0x343692ba9e51ba5cb0dfa7310bf81feaf91b1d18,761818761830589000000,445,0xb2712A612B86a9EC95C607A9003cebCE0070368A,QmY4g2dTeupXMHAxW8bEaqtnYkj1ajqaZxp7uRJm8ndwjZ
0xe6b1147f43d14d355b2697382fc58a43c3ff9a06,197162401632576000000000,446,0x429DeF23d527598d620bb85bCBa11Aa4BC018f6E,QmV7fktzp5BCTouFNdgKa3nsdeygHvAHN8gP7xbUQokxFV
0xa49224407bfbcfced35d70657f44041b8e162ef9,4627256351574310000000,447,0x9BdF18ad1FD5D7e23e713c6CA0b032E6f43F160a,Qme2pQb2BccxZvhvLJVav4SezFCdSmh8aFYBYt3xJoTZj8
0xaec7b2720df0332b0bf4355cdf09b799a2e650a8,122818700909301000000000,448,0xfeA4A56af1eaB3AC5A934a66Be542caC2044bEDD,QmaRG3uBQ9R2BCRtBHiMzQe6Ldmexzgf3ZZBpYUxTh8qqs
0x4c8a825eec24d49cdabc86a5372726dc85f33ade,10741732345567100000000,449,0xf7018D007B18d3DAFCb6c564C1cdBa1dCC2f2C21,QmSk5wUzY6diz2bQKx7c3xcseEdUotFtM9PjyjxFVPdCyv
0xaef4e5f64711839ceb1be829de1975be49d28192,169500000000000000000,450,0x1E10a1cf466bE1fE1bed91433E7e9993f84ff36d,QmRfummNNCyxrJwWkSJiH7BAoh33QGpC31Zq3x3XqUMdQ4
0xc19d1d778abaddc4fadeb1b91cd4f705bcfe45e7,2985286791573840000000,451,0xF70D16337c3B15fF213C0D544A5Ff65E9BfAEd59,QmW6n7YARHYq7SUJ1yZFwocUnDY57CYfq5d6tdmMdqvVNy
0x8646516a78421efb14c80eeb1f28b1ddab212577,12180378520112700000000,452,0x9D916f742D81E629B6adB92E169CE76dC581c39d,QmNrjRXGtcCTfrVuGcEjUBK2z2fithxCPPvNMh5iJzFbVK
0xa9e6a69c86c991ae39cf4d45afd5d77a111d89b3,29435641128717400000000,453,0xa171c8DD134249f42c9CbFe1bAC0058436058D61,QmXMk6iKYwA2CDrHnD9nGZeJTqcWLKDCfasLQYgVpcAo7H
0x1995b9085d6356c5b9afb87f01a79f009c3c292b,42284742435921200000000,454,0x77E9A4C907a29E127984491eD3d508209F529B75,QmYv3sgmC1jPF2mVxV23kk85HiNAHSd9HDzyDKwBsTBJTc
0x33134db5bcfddced0791a0b6389a4c621fac0616,2285691886600500000000,455,0x7F834fd2F37437298ab2e69a48f7F84329E95e87,QmVxxqZQXxpgmiwExyWs3h1WAhxmtPRLPd4HCsNuSuJo5h
0x3973f248c7aff534f21834087d2426b4e1e054c4,786819708540245000000,456,0x83824a93d64d1E3e9a5AD0E6d974e496b0011790,QmNdpJwjyyjXtUkaz2J5jd2KGxQSoxkXq3a1KufxZrhaa9
0xb2e2e08fda9281b41318781e77f6573520ee6948,8983577494676010000000,457,0x0442Ee0cb444f8bd2B65E8bf20eBFfd2Dfdc8317,QmPQeswHVssgqCgCvSbMLwamyhnM5q3BZXr27Zeu7Yoros
0x5f151c016c0cc5197b62449f732512cdc2c63a3f,295339258413592000000000,458,0x6065d1051f5A6f8B57e0134eb2B45254E95702e8,QmZk9TKgoLvS8TixwCZnrpBqkoGdE59M4BKv8qj9EptZwP
0xb792ca8551f5fad8db7ee9257e5b8cdb57998834,634686552336110000,459,0x3aF81b69D5b22a5E59a2194AfCa1468a0Bc009b8,QmUoLmf6HPie8mVVFu1zD9yKWG7ePPk7ypqEUKEsdXF5x2
0x67841533da735fe0c0878ac9b9feef6da941f98f,666924685149289000000,460,0xF2E15Fa842990c38EB13f6CfE6bc85bCfAa5f58a,QmcWkoTLc7kJb3KoSibL7USFivYW5M5uD5hVacFsU3sk7N
0xb35896f842243ee8afcd90065b2d09fa0c68e2d7,640612939635586000000,461,0x0Bf1Cc559F595b88fA50248804a31Cc5029f47D3,QmanH9tsBS8kX3fqEdTKbXXRCj6b4HABRC56eEAv9HNFuo
0xbab7c5b24198d82de2ee502896dfee88a15564ce,31309457256474700000000,462,0x165E33a0A06d580E5F437B6aC87d3d6545331BCF,QmR86xCV6cp84N7Eiug1ZvbtPUHqGcSQgHvPNYnzHMdM7v
0x29f5680f38e32b2f6c30054adb943ce0a820c416,7716046324293560000000,463,0xd1426b9BA936dAF7dcefd8716aA0d0c8B16Fdf2f,QmQZytShVGsvi77A55uB7FsQZs77gjLNXEk5AGVkUDUagD
0xa07503efe671e3363ff01227f917f83e7700df2c,447794198253308000000,464,0xc959e7BeAD00C72fad013710ac81233d9571a184,QmPWCm8TSVi1UW6ceF9JhtUgz1WdCvMFUmFsgrNr5RytJH
0xa5e57877db7fe896fd7ae4db6130fb74f3b46931,4630269315870040000000,465,0x42029588b714148B03a9Ed7514393D160734FA23,QmXvzJ1Kei4iYhkGpxdoRNJEaLDyV9SjSEdP5KiGsY6Scd
0x1fc34caf8c66dfafb61fc7b12fe7fc3060fe21ab,3007305969068360000000,466,0x448C4D9d9B0bC8DBEA8B7FA5dB3d155702cfD3eF,QmfUQzoEcfreyVW2pouKnJB16EcH1SBrrAjpBMJiikxo6T
0x2ea539b3eb3dd50f750881e27fdf406df4273345,305842494371789000000,467,0xd989848dd02bCF00fEAE6852E3fA60A1A3cD2C4D,QmXmg5Wayy68tQvjy2inD8Fc5b7AaC3KRQfNZgAirwnEDx
0xfb4cac430725f5871b80239b162b0c9f10b687d3,214700000000000000000,468,0x5A81868d07E0451276270fE920584037E0661A9F,QmYqaWbsJuzDqW1x2rUh6aNC8StWqrV3qHDnZH2XVghBGK
0x5c981f5997b2dfbba93b4570221373fb429e3de6,12168186445273900000000,469,0x6F5A893975425C16E4e8ebe7E16DD836D7Cd125a,QmUqd8HCtJjS8fCVvpMUtzXeRLUrv4vKr7SoCxGsbzLsCG
0x4e268ef3bb2b0eb025b42b7f1e93b9d42ea2ebcd,3014525375000000000000,470,0xb5Ff797270b4a3e31861a4c762Ee73B2F6Ab7805,QmcDzN16WknKs9QoDgZPXrUKff41grkVjWb5aA3UptiYjB
0xaaa082b4f1c46d8a5ac3fad0516ab5c1a5ae8790,739420802540481000000,471,0xa47Efbd886253Ed1992a0F15c6b4D635ADdE286A,QmTajHebGNZJyioxJw8CBPfRcHx9ohStsGc7eSvmKG7Koh
0x66730039cb232ac1e6c39606c56c1b87eefb3d1f,575795369969534000000,472,0xF98A4b9B39Cb889404b4CA8374060aC94C1e8fff,QmaPEJbzGCRB28M2CsLzagZhKBRLeVmrxBtpdM2qYSku8U
0x588ba26579a52ee81844ce7f46583e06314b58a9,1061171700000000000000,473,0xE316C259e899cd45830CCb0145236F7efd05baC5,QmWpjE8JALMWCNEKa7xqu92iDua9KwDJmTJUTYgnQcezxf
0x682e7fc3206ebcff095f36a2827a46f00bd3a318,4503417435037280000000,474,0xbAf48e02C3Fc1a7BeB109185BF6C1E6D69D183d3,QmeKDdM1WgVitCjyfh3sAv6336J1UbYKZ12HroEEupLeGe
0x41477aa998e49025c5098aee2e6950c0d7a9da6c,503771604603350000000,475,0xcce42E023F9d4253746Df90784c23a4FA902f260,QmZsx4HfxoMFLvJbR3kv1DEqDHqCJN7xQh7vk5ks5MpBiM
0x65a7c3cb6d1c3cef361063c57936d9d4c9d7bcab,52738645409880600000000,476,0xEAbf47C679470555Cc15b046522B11FB2b0305E0,QmdM9upJNuJMooRALLsGr24MHjBEX7SCr7L2wjUxHVNqLK
0x45a3262d276f55950c3a5c48b61738598c920a03,2044576536756440000000,477,0x640d3426a0A8097Ec097085935ceda96BAe6e556,QmeHCN5pfzdXkuiNJ3W7UfR7okcfpiCNDqdYeqEvVSRsw6
0xf590382e9c1347a7e72edb10d54769f63fa18cd3,25510645461907000000000,478,0x7db33DD78a76F3Ea11c119dDf6B80fa22d3175E7,QmeSjyJNgiixRTkoJENDKXSxRup4FsEBkHZDWvMSsmckym
0xbba7d68f66336626d23790896edd94129218f65b,381823334269491000000,479,0x2Ee69d4CaE700D09ad3cA70817a21438cAD4c058,QmangBxRutfVdnP1RZT8k8iRv5NuQdYpMZ1GLXzmVuVHuY
0xaeb088876149865e660dbdb7440f6263a4acfb92,1755318245512790000000,480,0x8fd1FfEdA1161BaC9F70905AFac69F4e0dC80063,QmXTda1ELhj743tNk9HTWu3WEhfRGeFGDhq6zxZhCPdKwL
0x66755d560e4447c7d2a50acbb119d4896b6eaad3,345974729754645000000,481,0xD9e0e2f82d359dc8f30B2d5f33Dd297524122766,QmWQujb1HsD5a7inYCCXtjvjzMmYTe8K67Wzv8fNiSk3vy
0xa1b0b899f843ec4caee771ed7c15fac333f28d7c,922383402434787000000,482,0x3e7D1e773Befd77Bb4D8C7B02CDA820D9A3A9B2b,QmeW4FddiHzbSmcXHyY1qSkLrfpQWowXdbrsNvEcRxYog7
0xe0d1ba9c7470b623063581332d124c31b2cf207b,311939427101376000000,483,0x7D765E9E5424f2a924F8Ced0bEBe8A1BFe136464,QmTcoyd9PjicEBzogph5s4FGYT1mmUYDjAoX6TSt68Fivy
0xe3ae90525e2c0dbb84477aa340ef6a7f04c706fb,456167423643589000000,484,0x81eaAA5333f7bFD811E93cb69496bfbd6Cff6597,QmXrC4wSpa8n482rTV1X959dxtDRR1NzLJkLKbfMt3xGDa
0x6d9b7220961ea59ff1b020adafd338f51c802427,784500374312817000000,485,0xA2a6a983E0223CcaFfea1d1aFBd8744a99aa0331,QmYUzsBzrvNLuPazAFneh1kiyZB9MMLxTtPf4vkUDPp76y
0x40aa6b4479891c4bf2e5122ac90bff31f4e8d324,30269106215988800000000,486,0x4e36F824A53850ed1f0389A6Af58198B9CFA1a1f,QmYhpRcYRfAUg81c5fGkrads5gETv5trNVgUEqLdNmr19u
0x0c1f0520ebec973756ef1da2e3ec851cc47419d1,40837998255138600000000,487,0xe108d8F9AFCcF5580AD50b8871D6438Ffe90133A,QmNqh45s6oXyjugdvcf9jFBPqFzFNxEMjQCPRt83qYUfWs
0x37035b0571d76c08cd56ca1b0b1e9eab26401db1,2475819927258820000000,488,0x2b937C7b039D6975AC549DC158D643547c82A593,QmZ9FwpKkrNk8Vr3DebVLa54p8C81FbzbxbyJHyVAyMLJz
0xd529848a851533b560eb7d72522205b0dfd7a8a9,10605114920993500000000,489,0xA8Cd36D507e096909db4971444F08B09D61Ae7Eb,QmYqwNRaSGKZkKi1D7SdNVtFSr3VDuAmApBRt5xBaQfU6j
0x1961034e4f5f1b8c495d17480163e0179bed845a,2251933156922800000000,490,0xcd49B95e7e1D20c97564B9BBE84F1841b90153a6,QmUxz1LwZ4tEUThAP3fsRwWx5Zq8rm2bJenKAjdqwJaC3Z
0xaec4935a8c8c7691d406f176a470e3c10aee83ee,3280768550000000000000,491,0x8e5cd39E0733a273AB0A6c2045c1ce85E7271543,QmSPTdMJA4rmWD6uQryibhvvgcv45no35YinyfDWikjhdx
0xd85f7fb2e34e59d57908ddcdd031514d593e874c,836387024152175000000,492,0x76c6ECd6ae48c419ce4eF430188CF0D26AEa32B0,Qmf3Pe8FXsh4xaY2gkhnKEnRZAsfu4rz8NktZ1ka5dXFoT
0x39dea24a2a495e181edefc0d6a9af9bd8a52e5ac,594293028755045000000,493,0x3E775c4804511f95B4e937d0faB0Deea309942cc,QmQ2S6b6b8pWitg4U42V6nRhcA2WgUe1QdomP8D8rLepye
0x6393776f946669e367209ad9c4bee0a924c73d4c,2869587511798860000000,494,0xf56575F5104771aa63A29e908520b69F5C5B4232,QmRaCfNpYeEXdp5h9SPio9SYvsjeUkeUNuMLdwXkV6zoiS
0xa4cae4d3f59a7360b649bb43035c14ced7760d88,16580031648230100000000,495,0x9e8E940778727a2cF28A319b4f02aA82f1eA733e,QmcYGQepxcShwb46qW7MWzPH99U9THwRszQAMn8cfYpBdJ
0x974d10847b7bfd3a20048dee6fff926cd133c1eb,7314200557605050000000,496,0x65784A84d10CF495b9678D2981E1E52B8cbF016B,QmPfVhCwPDrCBLdNVFgNjktwf4GENGdZRuN4spf2XBfBbA
0x5612dac82676dc6cae976f690283395ee647f419,10565000000000000000000,497,0xe6cA9F60692C541905a5C7F5c45C04ECA83DB6Db,QmVyLxWPu5SeDbuzdTZT4FtZdVs2EnSCWgRG3DoNeiYS7n
0x8f5a0a123d6c1d96abcacff3b11dc54eee0ea2fa,542880999477726000000,498,0x30153b2295Cc89233b386a4A1910250E49984F18,QmSKVyLHtTUAHudVKKpRAUbvWH47mpE3bTKYMxVfCavHv9
0x2a309ec427e8a227bd3823a65da2dafd8b84bef1,3573084364747540000000,499,0xA5f1dA73d9eE737207c2E31dCd9780389D7432F2,QmVqA5TSG5yNHSKa8AqjzMhhuGRBToHdrZrAr1JideMckk
0x84d0f74d21a89f86b67e9a38d8559d0b4e10f12d,8163856802773470000000,500,0x82EB163504ABa841e57114dFBFe7CFBf8cE42263,QmbnrJCgr2rgJNrsgqrdagx2bGRHbBKNCY7cTKKmtLYzVN
0x31ae02c71f1f10d460ecf71e10325fa4b6792061,709024513217991000000,501,0x3f6fEF4e11F664f5f506010C5DDDcdAcb790686b,QmTmKTg5gErFsBSuodAKQiSZBBhrKdP76knKQM6wjaNMDE
0xc5d12ea19866d7fe0db4dbe613b6c2c915d4f618,5802155061430950000000,502,0x82a7b280C3eB24E24D614b20B3e09e4d5FbD3E81,QmRynDTV5GAW87aM6SqyscWZKX9qES51LgYvt8hnN1DK4m
0xe13f6ee087c7f63833ac4c6a36b5d87031a59229,4326154948864720000000,503,0xAe5fb61521208F7F88475a5A1DC3e1D8c3713662,QmUTKVgwSAS5cjzUaF7X6B3dbmc1vXaVForX73G9WPUKac
0x9216ee2d2767b0bccf79940a76cd3ecf07097ec6,6515470953746290000000,504,0x051f29ac739c4bd89DeF643f9428bE8bCb0EA058,QmcWsyyJ8SUcWkn8F48nkkE9Ba18ohpBjMrNYJ6bQ41U6F
0xc9ac0fbcebbf6ccbd0f16004c645fa49b160061d,349484191533989000000,505,0x221651844fAaBa263124D1e638dB0D0c70a974a9,QmZ5Cf2pM8FrhkvTULtuQLqmjW4fGZoJNb8bvjnKUTNW2Z
0xebecc0a1eb0a05f3ce7100f20ec6b97cb93f0965,178918475866036000000000,506,0x18a6272cbb77C68612109bB5057D2Fc058136385,QmdQcqMSCaaUQiduXWVPbaAaoWrGScn95LVU1Y4g4tLqjk
0xfd2a87116f29b3bd71ad85450881ff4351271284,4197561845173510000000,507,0xF3aC9e52936889B5E0a357650EB2E55FedAEf8e8,Qmc2pVodwEpf19A8H6npAkuE7XSa3fMDJ49S3nofAba8YP
0x797cb7f07356ac6f77dceff2e7e252b77627ae11,4284159975676150000000,508,0x69BE10b06A12bf8eA2855B3cEdF5Ba97923AA618,Qmbh2gPrtRptSyeQpPvc7oPPgBsfJLLkoX3oyXJNiewN9o
0xaf6b08f1c0891f022ba2457678b5eafed1b62404,298177974656715000000,509,0x9715Ad9feE43A60841bd610B89aaF92fD9DffAa7,QmZ8JzMy2k7hdPNnK2MpsmWpayczLQ9m9oE9mHT737wvCm
0x75dad1f315c1bd5c4cd60328b949ce75b593def8,22590991080060300000000,510,0x484aF67f2d4e4d93AC8AC17B3648817412334f32,QmekbDswV1duPSUsL8s2Ew7nPqTCsymqgmFj9BFhbzaofd
0xde7bda3eb5adee97c3ef250ce63bfe917bf679ba,2505775723464510000000,511,0x2d7Bf339ff18Bd9f1eF5F3728B4F1B28C2E48712,QmdPqcqQa2dq2vFdvYu7H1UvtUUiHo7UqFPWXwtMZfFZ1y
0x9501cf1fa271623ab506e38a0378cd25c68cb391,2675940195890800000000,512,0x724E9186c4aa95099D0fF823Fc799d299106e8E6,QmNqE8HmWCtZ9e9YwNM7TqGvzgvQxv7U2e9PXoDATeHpbu
0xe7d473b0603e813f69f59e6fc595eac08df819de,2584809795307240000000,513,0x512Fd8138254C309A370A00fB4625cB3d72C415B,QmRNxvVVJM6cAEWefwdbcfCMLTxd7r5FcAngowbHS3JKNV
0xc552fe745458b1698b5c277866e8b0ef7d1d04b4,241060595403216000000000,514,0xcbda094eaAd1B9F76B33B007B95C65a560c11601,QmVs7FNYHcMAcxYxJy1W1XjhcsVVdfmPCszQPmQimQyRQW
0x0fc6e891c8485e205802f3120d1e485a659a62f9,49255321547814100000000,515,0x4bB33fa11E9994F24dDEDaE5fa23c6Dfa3d4658d,QmcdDMEeWWDsxmEJuhjmkWqGPH3PyGdhVBEth3pBd6YM58
0x913a825ddaa4088a7b80513cf3a54f2561c24cf5,44192093735815800000000,516,0xb73A2f29C965bD000aD7C64E74815aa2dAbc8700,QmYCCGkoqvApqdQhSeyPZeeB6uMLr1TEGUY9bjwc2Frg8G
0xf8839c9fbb071d4bc07f5aac415b6e01f5205fb2,5236192434653510000000,517,0xBa3ecd9F830340a1bd8dF565189186Ffdb59918D,QmczdsinT9XCTQpbMX7tZ8tJLw2VPfaP6M65DgGXEz5NR4
0x8c952cc18969129a1c67297332a0b6558eb0bfec,34687486251523800000000,518,0xE56CBe295A3247e4736E23B88a377c52251FD211,QmZ9YhZVrMdfkT3AvepqcdCXoQsZVXcH9REPUyKE5jtFUV
0x8a183976686c15797b86aee156e6b6c451da3ace,3621090309911620000000,519,0xDDB581D8C083FC5426A823Df9A0BEad7E6f0D649,QmPjhvqVMLN2uvQWf1yUBKeBe1jnSwqkaUFWnQozMS8CyW
0xba3d570535360bc9383b28691c872959d4a34061,25000000000000000000000,520,0x1563f1858C9a81A9927421ab01c731C524A0EC19,QmbqUm1KW5syAzqYCuMFdAzGgceZdqfrKBDoHmkKwTzLpD
0xb5cce7bc0ceaf22e05b254c619ce8c1a7aff8fc8,4054915050053120000000,521,0x24CD6743498b98534a2F66B31CEe54EA39e5E850,QmTjXpoLMq5EgU49AgY7w8oUe4dkyZ95t6gSv7hJ5tjTGb
0xc09bb0a29b9a8965e17b00f85e63f353543ac572,6153993926555390000000,522,0xB11a21949Bd92214Ba7400d535F43A9f13c4080D,Qmet5C9EjntJyW2aaK9obMM1Kqdm577z9c1jUmncFvM5EF
0x112b0704447829f2a15f6f31c0845d1e01624579,16383686053522300000000,523,0x91D2685C4839aCfEaa34e51B348f2956CfA1a6C7,QmVgn4mUNgrwz5EyRfXU31QogWUxA6yi1uXPzp5zJdCFZ2
0x0865ac88224f30ca44237d9a3d79fbb1119db9b9,18026744779911300000000,524,0x68d9bdED73a6CFf4743925a58887036F6e82021F,QmYWiWBu3QynesPtcjoRWJcrAMARAAJpz7YTeUFXvFqpnt
0xa37b188ac91ddf8557cd01020f0c2068232deb81,2557499403239560000000,525,0xf77025ABa656Df9F9D962C843b605475f57BA516,QmasFb3mYAixNwwbaSfCkwgWx8Xy2fJaWrxR52MGeCQB49
0x024989a58913a06d19d5ea36f0828a15cb680cae,42191648647849800000000,526,0x1eE9Bf8889f31A2Fa77272a3b21B6a0aEBd43697,QmYGqttcpWdxheJvgTM31a41993dQzDDKe44nTqC86YE79
0x80411fe0b947266d12153378bc11a38c2607347a,126559190004248000000,527,0x5C7a18A24A1C062e56a31a8b7ece8d86A09Fdc18,QmaHbUAoDu6nGhdoUEyUvauLhpETPdqCwr8bU9ASYQiQWM
0x3ff215b85126b0bc7f65519bd444b9b90833dd0b,106806139494052000000,528,0x730C8d1fe427D384e1462F720bAFfA6F05852e3b,QmRLfQmuRnH78GVCSettFeGxrnkUSQEdTom3d3bK4mHDLc
0x5631ae503b452175157c7161d3c078fdd0c6215d,490747288321564000000,529,0xcab644a85355b9c5d210B4878966b495643a0a8d,QmbC2aLJQGMTBbYAqD8Dvs3ffZSpJqv7n1kZ2exW4xgX8w
0x756955de3fa532cfd5a87c1211c641399c682bff,67800000000000000000,530,0x0D226a896b9c40f2a31265E2A23CD1C2Ab747f4B,QmT2KRRB17rtozBWUXvQwH2th1xKLZizVp3towNrPm6jNu
0xc3ea6aa60786e81cdf705d2e893e4815c3c9831f,574094055576994000000,531,0xF8A951b9A34f10b0aFDcEcb192Bc16634D7704C8,QmeZGpe9KNd78qoXTUgCja3ieQPMkDoTJgApDdayY7ZosC
0xd1f4cf428835a775916dd767e11553b5649eaf87,3769523289330410000000,532,0x62f82757F8bAF8F6F4A3FaB8C9A4202261C135f2,QmdVcMsCDfF6UPAq5yN8RAqc4B76pTVUJiBAMT5kSvPhY3
0xfd68946edbefa6ada5f6719310480f724568996e,331249112278267000000,533,0xea8f4257A958352B919d636a48201EB1741C3773,QmUQC71NePB5tUu5gtfXLLqoEj6VY6HaWFYcnP5YT3kNWp
0x0d85964abe96b98f7c048db0ca9e4c713bc027e5,4208981953212500000000,534,0x6d1692AC3D3EFA6F315F4c455EEfb246F16Ecf0B,QmRS836FTap8U3L2gKEC7bHzQ3mEGdv7qjNtAAAMznkR39
0x0029d8dbaeef9f218a578eb4d685159bc9d30115,7474206272146370000000,535,0x74206d5F65cFD081630160B84a6c9fAf82fe59c5,QmZhe4symvSSE77TmxAL9UBwzJRx6nWcdzc5sM5q58iYGz
0x7284bfcad25b9d16c5bacf72783c8a16bde5763b,3504606126247740000000,536,0xFE6fcDD8d6627c3491025e16Af8ED3f13FD463a7,QmaxaAxHyUA5mqBeQdVZMkmXJCSxEKVsFkjkK1nkdg1E4y
0xe1882249519126a144083abb13b33ca3cdcc0be6,8556893659563000000,537,0x05Bc50550bBb3c8e5dB0ef2a62E32e3f9f8F4454,QmeLQRfCUtPDpc5indYfVcn9SP5hd6g9uKBnRPE79yfY7U
0x4b1f140a82cf40a955d1e8ca2aa52e128b593722,352117769312057000000,538,0x0d42234d47EBB8Df0d93b6D3D818376ea739e535,QmZfCT655Gqzn28Wa13X51mGA5eWtrsCJjZMUP3nWYQQ3r
0x4e888b09e0db94d2308b06a1f9486e2ec9bcbb41,822054079986707000000,539,0x67e9d1d7Fa9b2680bC483DD08C1720226ED81d0a,QmSzmijqkw6bkQKXKKDUH4dYLX3EDd5LZvaS3L4Cs39NmX
0x5628a3adc8d8110ea531592aaa23f516f36c18f6,11521480000000000000000,540,0x84587F467E4D07bCda75b0525C41AfA28E1d3b93,QmYk9EsjcMtSrrpYzwDSUEdf6qgDkk4mPyz7D3jMW5UzF8
0xf712ab8c4505eb4b36a2ff9fa746470be81e6538,59476300585676000000000,541,0x3c7F6fdA00D79d470f9E9DA075C021c0b222AAC8,Qmcex31heThS4YPisFCZPEwsDxpbesWXYxUeMGkoUFNT5S
0x9aae12dd452f78ae8919c2168717e7348392ad11,49796094766548800000000,542,0x2aBcfe11aC722BeC3D6a724F3D53356DFD2a55A5,QmU9Fdd6UtPRMQkc4AmqLDauSsPoBMCTqyWumrs9wsJ4b9
0xc08ea9f1c02509499bb92afd399f6c140b537e50,21470000000000000000,543,0xcEcE33ec362F94a145fd5F1515148aad069Ed927,QmPRjZ4yDWPvy2s28yhfZgXK6Gmfjm3zfuosy9FVEefAMF
0xa4a62f7127c644aaef733029e0d052e411fdafb4,419798546967212000000000,544,0xbF355f56c0FFA805E1e9F9f782dfcE3e01098550,QmZxLTSHWG2k4eJF7pzkj7b6e8qSXyNaN9gMMs38n8ikVa
0x34968cd2359e88201ba2f9bbc7ae2d2a93b1f24f,331090000000000000000,545,0x36461b2F6acE4Bfe4b719e0F72a41a73212Ab3E3,QmarjCQvyLDzqYmWvWSerqGYGjiwmmarHqGZN9ZCt5mfoh
0xb7abdd02d437fe0a8b26547f2f44261f25843bb8,13849357400252100000000,546,0x0d4dfda1Acd7777aBFf64f6dD5E64e92a4E4c4D1,QmVW9cupAuhJjpDLtbCFGXwgypM3YsfjJcAkd7wPnBGfLu
0x5bbc261de4ffd714585d75b242575a2c55e7d89f,5095723804232890000000,547,0x87501772f7D92e3330EAd33902cfAcf9DC65E779,QmWYUYyn4hd6SjSqgiTn3AqKYHukyZnUXqTMweut8xUMx2
0x35f6c833c3e51328df66b23e8911b8750dc1c8ec,371282659896925000000,548,0x55Bb7CF0e6Df4AC8AbD37F99272Ca00cFeE04bb1,QmUPtRCTaF3jSY2cgahiRRGtXZygEXFkMgzeiwJ8QGemq7
0x1094c724ba10de2bce40f3d041dbf249e3dfe7ad,195490000000000000000,549,0xac95707F4481a00A3806157331c3f254061ea29e,QmVR46RsaKPSew4ZjLtSkCGJfZKwHDMWrRfiPiwLgPcGyQ
0xda6b4d57e31f772e2044dc8b9d651d7d2a0275ed,2500000000000000000000,550,0xc0A4AE8DC7F44170055848fa24772A9186950fea,QmbAacqbiX4ekDqqAQcx1nUUe98bgkdMejMLbZs5E4n4Gv
0x818854b363b90791a9ebc29e2f9c7f1055ee5a4d,120047546631950000000000,551,0x477Df60ce34CfE6494C1f772099246285d56B234,QmVSEtZ3HwsnpQMwPUCKfWrPC4uxnCby4TvCFkL6gDF1Yz
0x13ba3308cf8c3c64659919819499a2711dede8f4,500000000000000000000000,552,0xE326B374B087e14046dd47adeB068BBEbcdE2720,QmbbGV7wcLv7EyTkKvZGEB6WPL3ZHCr41kcqnReDLtr8P8
0xf4998f0c3e8993ff104ea4135901277325882fa9,3915414051890080000000,553,0xda484ec58acf53256099A6E5e4571D89105DFbb6,QmNpd8ibjEu1GrfzeoEM3YySK1tXQ97anHF5t8oeqy2oXA
0x108cb445333edf6124570593e4e593cdd899a126,1096683602756870000000,554,0x898D7848D9C173099560e3280D357969ddf9D239,QmWJdLkp5UgCx7xLcXEVpaTYA6ZQWscwg6SC4MW6kzhqQH
0x7351ed7ddeb3b4b5b9d309a7801e34eada21c130,4448569767829280000000,555,0xB8ce8cCC5D61e0a1fc4419cdF63966176fe8406b,QmTkWxQ4WdEESfM9SCcA9SmVNQ4tJspHLKm6qr2r2Kktgh
0x785e2c0374120f6be08dbc1642d6e996f0ec6097,1942684424556960000000,556,0x0cc2c7436e47a7E8DEBC16f6ce558EcBF23a9002,QmfV6Yi193UE2nDkhUb1uP3Fe5Sktt864Y1RgV9zLD8X8V
0xc534a272c8640696c4d9257c660fa52058c7175d,4619749287276450000000,557,0xBDb5dA0aCA08Ac6B1b1F93F3E8024fc89B23503b,QmPPXYKKD9GN2EDrAZsZcvbVf9GUrwyBEHjpvsNAeFCUL3
0xb160309a1e8f5f43493f86feca656bd80802399e,825486094528233000000,558,0x2d3bDA8B9946FFB169c2497F7ecfaB718CbCD986,QmevRt6qcZ9xnpiJzb7M6wf5yvdodysC5KyqENzMYBAoyK
0x2bb64f1be16511278ab06fd6ff4c27388256858e,470731850280037000000,559,0x587D7DB5851c2Ef9470faeb7039BB556bbf988b7,QmeNCxXZJ743shyHL3zgRTeTvJbg9AQKoAqQnNsC3jVGCR
0x772a6fb038d12244ebefe5cf221ce6bf7e04bba4,821062814726826000000,560,0x0043C36e2887332de5329454EB041c9672B780Da,QmTZLo2PSJw5okmTWwHnN7EK5DkatXJ98gjes63kqz3f27
0x0d36906827ec5b34accf2910fb2eaea6f57e8125,270365296217699000000,561,0xb09C61b2Dc992Ad373611d6e79969988D39Da979,QmThwkiQm5fb66wU9AagpNjKaBpigFZh11wEgDaBEPoGML
0xbcdf0453908bd19ee169f9a82350101f41059a7b,1875471514941090000000,562,0x737769374029e06c880575a53Ea8b4A0ef9676B0,QmRYqJgmXNPg9qwm759RvArfga9UPp1hAnrqDb48Kjcah8
0xafe12624f2d8de70b46534d8e4508f0870dde386,5230140220344540000000,563,0x3Cdf142340A46fBBAB256c7edBDdd306F207a304,Qmao792RvFSAGgzk1mLomDbiDksxWrHSaY1jKdDjwwHfQM
0x59d66b384a75433add7fd55b04586254f79af94a,120465740371012000000000,564,0x782A29F01d7130cA41BE10664D1D4c6dc90B0361,QmeoAiFECo3Jco418jE9PrpJhTHYoeGma6pLgEkQbsAcFD
0x89231f349f6c4910174baf1fd8155485eb817365,15390373912883200000000,565,0xEAa9d4FD3537e86100BC9e44Ed63915866b5f56e,Qmb8A4Hu6RkvVhXb5gabnRTLT9Fdaa3tZ4zUxn8HwcVW6x
0x1d0a10e57bf6e0717623c5a36f555e4a5e5c021c,1250000000000000000000,566,0x6165C3bb820c806009e3C53F0902b08d9ed0dc59,QmZnxk4qt649YUR6Vo8YBatMqguBCC7KXarYnSPNfrWnUN
0x3275a74ceedfcb8cfaa86ad3e202574b76bc865d,15317939077239400000000,567,0xd675cf6Ef502dBBDdBCA8BBD5B89DdfaeDFF6214,QmdHZ8QYaMHiJzq7YXB1AU3VFp27cTAKMHQ1KUqaUXJBAR
0xb68dabf88e221fb4469928ba1ea6dd312a342aaa,178199901395177000000000,568,0x4EB3E48444a63691ff71d974970a9Fffb97d2865,QmVXo6y7y9uK9pEd7JNBnisaKHe5SgAdAH72Q2aQj6LJok
0x285860e1f828bc2f34979b31cc2a1a1a5e565d66,2226726487417210000000,569,0xE4ffA987Ecce2d8d6D47617d4ee6ac90e0628e70,QmXngxKAXXQNiZ2yCtr7cErSzWWBdtUt26UTrSBPo4MMAC
0xe8ba56cff9771678907b2950ed5e99b5b4599a19,370129824454306000000,570,0xE5b669eB2ee9F482F4306941BDB50aBeC16E7d71,QmcELPscfZ1VpP1jPwdrW615hTej71ubBnbUk2j7YqrF1o
0x770e5f48c9df3bdfe6810d48ea1bd378dff174af,1501439475000000000000,571,0x0D27408634fb24cF02afabda62d766ae4D4e609D,QmbUCAkgKYDPeCGjxgazu5zPQjWZPr2n7wXPnpEAw4UnKb
0x009fa7aef8e5a3230ac5028cea68998e2da57f9c,453135302893281000000,572,0xa74a912Eb04Bd8C50C8d43717941270De25E1721,QmXMgp2HaV9k1cNjPT8bq4cYNBK5sG6sNZAaF9fnJgQYyP
0xc09f053080303a48ce0f00ca8f106ca37e3f85fa,587908031156720000000,573,0x212A1321996CEBC57dF25aA6b6f42562fbbAb64A,QmS4tiLbFFpxfuVUczQQKw2LFbgjyDDtNa8rWVUysq8YCL
0x289eac609441c8bd140b13d5b71c769fc7dcadf3,248600000000000000000,574,0xB909a5FBe03d738cB5C56f3F93AFb92C2f1679a1,QmfLdxoKDqftb3kkDa8Q1kh6Pzys84Zae2a3bTHXzygmBX
0xea88e793a854d58da3aa96e1a35062b97ce93925,3915151739155290000000,575,0x17E1348C946035FD3B5208C100a0F0C3223fa665,QmfC25crDF4yxX2xzwFgW8pVMc8McWwsp3Q1fbPRTRY9Kp
0x4c4eb7cdd35f0d6129adebb78d17360ab2200941,550026280051435000000,576,0x1748d42D2fa92CeB3022B9D35CB4C2f249Cf1fe4,QmU67jC5dJhwcLiDZPXLDUMkcLErdfz1kPyjK1tXt47SdF
0xba89aed599eb25a5b14bd263c41b645409b46e07,897713389953236000000,577,0x7e703DCFeAfA68D74Da9b53B95b5EfcF0F508DF7,QmPGkX5BAioE7tKWb52RhHBTfsYgXTgAxT5ak85kJ1xPtx
0x3d8d9e4732009e38f9893a691f206dabf2ea2617,10380313822038400000000,578,0xDef612eeE2c85eb21FeF86DFCfFCbBAd94b74659,QmU2457bK6PY6UG5xnH3sPbuTHpceZGxAodLnTD6F3JJP2
0x3a79cac51e770a84e8cb5155aaafaa9cac83f429,310918728275314000000,579,0x394b18D5e95b378303b1DF22e333809812265bB1,QmdWao9yo34eBAfy5vQ67ceeHMB3oMmbToePpxBeptJuB6
0xeac63c27ef2efa3d9046e0ce99135c9d1b086cfc,178104950000000000000,580,0x81bC837eFb7E3aB404890139D7A4A806C08280AB,QmSJ4QNAuqv48pRhAuUomNoaDGDWNRhHQvWYaC1RNdzvSy
0xec55e496f1230c28e1ec768c5503a60f4bd259b2,431695833363867000000,581,0x8410A168a89a24D493E524666F0980389f113638,QmVFh4gf6hU75cPPzsQ2cPmHj566mLXEKdKnjuK9P4XYoU
0xcdcd260d759988a81ee6cad5e1fcf0f48e0910f9,4823656149129790000000,582,0x79b06Bcb78cF6c00F7e892938de3d797E251d996,QmRVxbuWVnoFyVwk9ssoWizopDe6wcnrv52DmHA8HbiDgE
0x19f5911e4ca69e30449ad6bb71de341f01f118bb,2824919299168190000000,583,0xd7e79b067a63284f964Bec1b049e0D3A7EEFBc21,QmdrXrVch8s1KnfSPhC1bYfopK5zq2WPECCrrX2Q2eazJM
0xa191fd04ebf22bb9317094557cad0cf68d0767cf,3338283107163780000000,584,0x8A3c7f6f7E9B654d966dd51AbeC461778BBfFcF2,QmeG4GA2ikbz1pL1Pb4X4nVjSPstHkUQBSau7nMxegso1A
0x690661617843593d91562d6dce9e9316ad3d10ab,4823265666800700000000,585,0xeF8905B5e7D9d26Fa2339bC62fcca3C2779e0B17,Qme5cnYV14nTMmeEaBLr5Wn9wCQAZgQUuC7ugTYsNAr1Z4
0xb3a81311c3a178928cf96f5092d627a259dc5ad5,27468695526701600000000,586,0xCa5EB4AB293196B79D2df24CA3fb4005A47E2c55,QmeKKewHC6xnKsB6SckNgLhamdG2vd9RQjpDQiCVcWaayK
0xc828febfee7c599eed963f0b6418897bfedc4e38,5329871637937060000000,587,0xAdF0f1fdAC8AfEd8fc99620348F168ED7bC4a1cF,QmT99VA4Ajpgju5yR1b3t36s6Fqk26KudEta3kcqP85mtN
0x615c0effe79bd28fd95e823aa23f9c277ff8977d,5026510232127170000000,588,0x306bc3F3B6E9ee242d29e387f0506263A4200E7d,QmQUYkif5jXVe4h6f69p2zNSjeMoYBXfDRTkbDKmYvi9oc
0xd3638ad01f849fc194969d3f301161af9049a198,8207566666666630000000,589,0xD4470E4bAa5c9E7c8cAF7f81cd65cA2Da49773e7,QmcXekRP6BahYr6TJzgs3uL9xyvPc1LDZQmvEZ5Y3YVCYh
0xe4816cbc5a31c2b5cbc8745a37b0e3ce652efa65,239560000000000000000,590,0x3D4007E9C78cC069f4E48f93Ba66E4AF225c3042,QmZ66GD9jXwREjrdUNpbE4ht7eyM4NG7mVCEodyLtYNaLL
0x9ff65acc2d2c17f8dc5be1381dbb5546df613631,4852296372356700000000,591,0xF7bAe2fabb593081e268d9B78c58a1ed8bc83934,QmQE2f1hnsGUGYnrZ7mx1sPJzktvGjAmFpSnDHdi21F3jn
0x976e574feb14f1ecbfec42b77a4b46bb0ab1341c,22426584113823400000000,592,0xE9834aBbeA03028F7aCd0D098514439797e3455c,QmZxh51DLPG5YfTvpbzozwmUXcSVB5ELov4TBgE4qzHu8N
0x844eb853614bdcec4c9b9e9257252206c1fda64b,2336969752569450000000,593,0x27b116378ECC1A8C1D1739b6B6125B70C1643a1c,QmaMRqDryvVhNPM7hxeJTn9YUqLFPVdhvgRptBJ6BS7KUy
0x1f3d60acb224adde650790f4c90470634e09d13c,1550502386050650000000,594,0xBd7721D29f92879BD49a5DAB24370535FFbAC6B8,QmQCnyYmyzXYCzWir59JWSjfnqmjkgboMefy5uAJmNykf4
0x7ae7f924b1dd9bea6100f950a26e78f462fbce85,5028580638696320000000,595,0xA22E03A8b5ABaf8775850b0417E804b62cA4b933,QmWm6smqN4xb2QLkoGYuarKhmz5sUrsdvQNA8ii1KJ9xcH
0x69b8a24edc9053b3d007710e7b986df40a0bc7eb,2991674565120510000000000,596,0xe7b084E09F7D697AA3258aA99eE6075e3E9b881E,QmRrBefCKrbyioRmgg57enBVctgwifrPvVgpfJboeJPTqs
0xd5b43877724d983c1ae384dcfebb57c2cd95805c,3645605811428140000000,597,0x3c733D7b8662a951B53569ae6521260338d20d0C,QmNjyYkFB6cEeuCtua5eJkBGhbEBCXmhZfu2YPdqiZC8VB
0x650b47e8e1fed68511e8b44f2d52b84d62dd48a9,735662928238646000000,598,0xD03F2fa3056b0F0F293Fb8083fB530c09B6aF531,QmV64CvZZdrWZKh5FQ6PJ5z368nfVpWY7ZrwPnQezZXXQX
0xc2901e8aebb4bde5b792c5d6c64f461cc6f50fb9,2412513890565920000000,599,0x2E6FA2496322ae2845AEF5AaCb7aC82dAe91772D,QmU2X23pPZTFz27U6JXAuRfHbSUdYFkzeWSqS4tScYro1t
0x6afc8fc9b1db42904503b16dae1150bc38bb23aa,611139207449618000000,600,0x25cb39b18e959851a403E3dF494d3fBBA1B15c58,QmXdCqvJSrTvsEAp2mLg1osnmFEj14qR5ssHjoqoY3SiRh
0x1a34141d0850ccf313d4efb0b7586c1770e38c93,16812570022832300000000,601,0x9638d0A44c0a554E0C33b2c88fe203ac760400D1,QmUkkoxBDQiE7PBDBG2BJwTTNn9shagzfLqkn8LYxgCjSS
0xa42b37b50fe7f1a4850e66881c22e80a80a08240,2500000000000000000000,602,0x1Bab7e35D4cb396213f107d1A7BFf7193439e9A7,QmYFKJb8TDY3T1nmkdRMDkJJboy2P89WUSuYSKhNBp6CUr
0x14603d798055859b18948c8517a360954d28a2a3,1685228815861430000000,603,0xbCB9fC076c14556E0AA34f36cdddc227a57e8da8,QmYiYvbp7G96f8S72rbBsX6zQ8ptmbaWWhvcvGBfYdFMb5
0x229e51f9a1ff83d5e7699f59695e7a808cf2f854,237105829188894000000,604,0x14487B766bAa7C3Bcc392b70593c3711160b0E74,QmUsV3WLGoNsfLoG8Kzt4ARivKAMhHVfb1pT4rrcaLayKv
0x330c17ccd25839dc9aff158a30ce42959d249ea6,90057766100376400000000,605,0xA68de03B73bC50E0B57b8C895448807159F989AA,QmPEoGAbu56C3QHANQmx4qYePU8XoPSCYq8d7RyEsjz2BU
0x40067d0736ff54789ab846b9a23ae7573a5d0cc9,8060994212294170000000,606,0x0c138CbDE4B10040f98fe1E1Aa98f95E6ef1B41D,QmcxuDXPQmXTBy5gWVKzQS7dLjARXCG6br5ZFJgASTqQRW
0x296f502da7a3656a2bfbc34f72d286a7ce6f9c8d,7250836513922340000000,607,0xC1dE4B0C06c52088ed022A8E9727d436c066F978,QmaUYNbptitioUjJva8fP212Fh4WfcKyuyrFCgnLw5yoEf
0xb94a75f5e0b0efc5610d9e8df863a9893434b7b4,197010057094030000000000,608,0xcEB959779b450cAbbd6BB8551Ae0DD595cF8C710,QmbMgGAst5oni1q7pNQj6dB1tPawqjEwPaYBKhDmjC9L3k
0x5b4a301a25abc311c3697ffa1cab0a6efca3acfe,11245768687147000000000,609,0x63f25134B15219abB0F801070e1b632bd321Ca7b,QmQgcdDocvALhigyjDBeft9smg5wE2S35UTvTW4mnrtc4X
0x57a2a5e6288f074ef12bfbc4e0c9e9133587c5a2,4842523217808750000000,610,0x91cda0cbC5875E61aF466caA89BC2F3168DCc4cc,Qme3S2zHQatvVhM9sn2MKiKdwp8CoUQXhgyo4Bv8jnrki2
0x8ae930c3db4ca2ea1ecf4d541150ce3daef2e16f,4820625231522820000000,611,0xA8b8157C0528f89f38d9CE513a867A61dbB9974A,QmdD1SgEJjAgFMF8ykqTukCo9iydMj6BibW4YBdxYEMgHL
0xecce7f93f1970e98ba81c535321a1ee15d900c56,4777080537320470000000,612,0x92bEE6A54CcCeA4735e90F876Ce24cAdc23E0E14,QmXv1t83cSzgAW1C5h32fKvrtjWu12SwVENzmqDHLoPZEH
0x9abcc0a4e71c0f415c97ce0269fd858950f3278a,4545430715935610000000,613,0x225E946aB1C12C6EeA65d7a1D87324f057F91c69,QmReFBkPdk9ZNAvoPoUmzr564DyVn5VLENvzMaBkF913GH
0x2c8cf6cc11082fdfc988a85ab0a93ad2f371e9e7,4541582079226850000000,614,0x8ba565caE22305E990cc26742f2682b1e11C9f1d,QmY3omN9iE1Hk8xwqnr1pPaRDFpqtNSGvVm9vS2VN2vgrS
0x93b7de84ba91af7edb77b80fa352b34f976b5342,4543862376330240000000,615,0x94680F386c94bc7Bbe6ed6e31aAce3115E9317C2,QmT2QWE2wYGa7MV6pPMsvPBLuQYesNHH7vg6ourNYH8wcB
0xb1193069bc6debd64e7d3a51026ba7dc91be2d25,4546887750902360000000,616,0x9d731186EF7b3c2f6565eca09A8b59A18C7181D7,Qmc8desRDA4mckEVfXyCMuf59xY6iaAmgp2fq35rWbzzNz
0x4d4025858175850aa10fc228d06c4c3ac765d25f,2137552308632840000000,617,0x2ED5355ebC0759D9C5D7D90C5c37C1392824B69c,QmWfRBAf8bqNRpo8fx4JbqeehJ92u55vg6h5r5FatVyTHK
0xf7d08e03d668092100107b5580ad907c81f19d9e,1032312198504970000000,618,0x6e794886D86B302B7a9A81033A7f3F4C4637041D,QmVWdk7iwTrb6aUeWp8H4SsTTwNWHpdpUSvfvafpSj4kMC
0x3dcb531e773adf1960a71d4e73adbf022e5fcd04,169500000000000000000000,619,0x7a3b46D8c19a1a10dB78C76a59b10c265d9328Ae,QmRjWbSgGJVKt9qdYTybWKJJxXJFkNpdLmBqbh9Yu4mGhj
0xfbc76fc5186d3c2e30acbf74f63465cd32384263,352117600653681000000,620,0xEA9504fE1DC365E221a740345cF46aBf020d8454,QmTLqNdGSzEyEQWq3Der9BjahM3TtunU1AzLFu5Nu1nZwu
0x60134afa482e525e1749d8c4c71a5008e0a27934,4069863416310230000000,621,0x510Be921658a1abC9CFA060914aF01ee76f288A0,QmRh1nQZLn7oxY2FQrxZiPiiZ6EG34zNAaKkon1G7k67mJ
0x8b5aa954fa83dc0db57d25cbbfd484e6d753ac40,4068924475783850000000,622,0x20D1E91C72B26619c4cBda914160E1fa730365d9,QmVk5qSGJw2TBmgaUQLhdYvffexesrQKrNzHv7q52eepn5
0x607eb88801e6a89eced139278d5ef0ea3ad75a6c,4834171343975370000000,623,0x93D441cDD33f466033063849770C6193411D9811,QmabtjYaPavBsgc6LDLV9dFAqBXt9uvs2SpYeb7Ka1BrBb
0x6e285b145cf9d985af483ee552292eb44111e933,4072876973700900000000,624,0x73d89FB10C3b724c1a0136f9f48090dc764F982a,QmYEfczfgPGfvd3DmsEVund4qDkN8v5pwpjkHpaq1NeAng
0x9e45aacdc8eed007d0d2b259c0bc543872acf90d,4072492843464220000000,625,0x05bE7B7fb5373d0F6C3c0Dd96DeaB045325674e0,Qmbh92QMvPERhHBjntdLdZeTrEEBWQgEYC7A9o4FqTgXsC
0x8f4714060188f4b878739f72228f5d7451f18589,4814246781827010000000,626,0x6c5c5D0bADA1D98e6151294b181449b2c156eEEC,QmURGCWTjp2pkiJAryrxfqkEULLuc7j6KQTtRPo3UqXr23
0xfc772ffed41c769b939aa4c97a131f034aa85a92,4555217379791690000000,627,0x22459839B7F939675E898DFdbE1F5DFA78247c07,QmPN91nQ7iR6mcFyuLNRBD6sGQwmfzzPcyRL9qA1tujTZS
0x37eca2a9bb548aa2f33dfa419ab30e203a68348b,11004538903739000000000,628,0x645B522DdBA90857DEE37e6bf5CE127417D48513,QmeHAw1onDViRGgYCiRSx5SYBj73FhmS2sX5Eb7os9tVwi
0x474f897166db7c9aa7815a730826c70e2dad270d,4063571204437680000000,629,0xF493eA5028C77096695D6CfCC2B8C0a5b6F00758,QmQ74muGnuzcxaH4qLBnGLqDd3siEMwMU1zemQ1JtBhscS
0x45447766553d2d33b78f4b568fb862ecc4657a0a,4042603202074550000000,630,0x789BdA516e3F483C2B21D29370d708245F8D3bB7,QmQa2EuqMp4fkxsQsjC7Dfg2YN6YkXSkcCcmAAV4kDrzew
0x4cb75146e98562c9d79b31649c6c739e4dcb7cd5,13919282100985800000000,631,0x7a04a6B9fF490CC9E0eC032d7e7c727d848a55A2,QmPwXsjTRGNHKLRQqtcen3a3vLWPPFXrh7ARktc7iQBtRJ
0xe83d91ec67024d46707a98141242e73c77e9f936,4048051415865300000000,632,0xCA6418196A0e0E618C59a0d86765DFD7c1af8275,Qme4KcbpffLN17CXbWNrqWGXaXCrV2TMSopfmpoiEbZD24
0x480a76b367fc60bcda046768bea629438cf33a9c,4042182966723610000000,633,0x2963CC4a4a374e477858EF62c6c3D22364554379,QmTnGJAaxaNFh9SfBWfTPjVJKZhjLp1KcaJcJ1bpq3grjg
0xedb820557ed82c986e923ebc144582e6a2b7ceb7,4548222204853140000000,634,0xbFf7855092D36d45dfBd492496ab62E82B45bBf9,QmawWCWGVQhZ6UD2effi6oCRn9U9JgGQg5frvQqkgr1jKU
0x18bcfeca6349d8df5b560a756a2997eb66aa4dd6,5787906153303470000000,635,0xCf3eE8bCFFcB3FAeCBb3f355Ebb970C96c6DE21b,QmQauWehHQgPN8D9eP1XpMikMxp99cJRhiAeFDxMVEwXAi
0xd5382962b8ec74e27c7c9da2083099df3c6e4687,4536826278597520000000,636,0x406103E42200CBbe949C8884f101B2e0e4E2eC2c,QmP9NiRv3d3XRNq8pmHcJRjzcdFDbYcNrnyYiKrR8mq8ev
0xe8c32c028adc995c9cbcaeafcecbe357b8b73ee9,4505841863559140000000,637,0x24aeB03c934059F12819e73D5809c9b3CC9571ba,QmfWhREDB5YwwPkDmUYFPZnTQ6pFnLzdB7KMY3FTU5pCif
0x3d8207cdc540f415d806b3f57b68d8ac31c7ab61,4827198452186630000000,638,0x8C5074072DF3Db97700fcf84723dE887196211D6,QmVbG4RchwWeNbTQLM259WZWzErZYPnsPjv3sFmkTi9Uyc
0xc3c20382153ba2566cf213713221e40755c249cb,12377918321804500000000,639,0x27cD746453B6174eF17544838803034de7193cB3,QmRERHAJEVER6RbVuXQzVwqotAw3aaySUN3MZQwvZZy3LX
0xed32826bb99adc9fe3a2cb2ee9ebf5f50854f0e8,4819780881041980000000,640,0x0220f028D7FA2e5f1D732Bbc8D2aE0e37201DfDc,QmXDwXc6vpKkcxeYoGFa6yi77Lz11nEviRjUSazVzGK6og
0x743b5797e6d2835e843ddd39c227bebd6e15c1d4,4825990277216840000000,641,0xed0Ff4d55dC479Ca38F8765b9b5DBFDa0F1b3166,QmWAf39VX7XnqApwWEe2VohnnXp3ph5RdoetBUDHQY6Y1b
0x767fedb67bae8805d67b5786555693bb88cb1bb5,8099751214059170000000,642,0xdacf97e43f5120A19A4C2A93dD0Ce8B3848f5f54,QmQGv9ZqYxHdpPyoBABaX6tW2L2d18R1ENFst8kvkmgoG3
0x1b9714b20a2e166a21707b2b24064510f34f2c98,3341468831354980000000,643,0x3DEb7b113FBF5A8F8f67389C995f7d76794fd652,QmPBgdhB6oTEJJGFKQKW4yXFG4VszJRMZrf3sVkmfPM56p
0x0a83985e4a6e8dae2b67bed4f2d9268f6806ce00,306025931138379000000000,644,0x22d29dc5Ab7ca77380B3C72eDc1760A6161F11ac,QmPLgfKcmBY3vCq3UGDgDoA1TJ4EwWwquJwB4aoZCMrh6T
0xfc961534a0a55b925db2c5ee546c8a019c0d78d5,649867755503099000000,645,0x97A7fcb9983154847D72874Bd5d41ECcd388B6dA,QmQT45kdHrbYaFmw77YRdph2NoQHJk6p4qeCDgm6hcQ2yS
0x9b0b1a1cdca6f64b6bfbd9ea43d90d5474964f9f,1845531256886650000000,646,0x8eA2188069c024620aC6B435d074Cd6c88C6676c,QmZzQ73Dnrvwv7tHppR9geLQHhQqyury8sNzWn2jzQFhKm
0x486d1ec9c9c8c5648d7402f20ab43535f76e4a5c,1284326486206760000000,647,0xD2c99b5cb892A6792E901775a719DF26519e2f51,Qmcwe3MtE2Zva4dHtSGM9vDF8oWMaYZe5sAhQb87j3EMgq
0x98a529e3488c2d44566881feab335b17b1c3b430,86506604076233900000000,648,0xD6118947eCeC44531B643C3808081AfaB9FAe680,QmZymoSFFgigwEDsG8NtMFTgSka26M2n6rdaqtbNUVSH1p
0x044a6b35c1cebf99205753f7b0f13806b701bf8f,2705220000000000000000,649,0xD716bC3cFD1B2e428B568c727d317033E59A985c,QmT2HsSsJPW2LvGxaaT892nqPvPYFKa9GASY3gjwvXk5PH
0xb529c47864c513fb3060f0fb0821bcb11f78ed99,434030039302154000000000,650,0xe2cfEBF6427951846D99Ff5A71fe8c5E9741D1A1,Qmc6QxvFZ3vJaUH41yQ2Aq4xcTWUrWTAhdc6iwXTQJvKkM
0xc59617071742a8c56f2ce8b8d2489ab8d39aa1be,2482358283806180000000,651,0xF3DFabF4E5e174492a8bdC73EDAc4B7D361fB94E,QmXfG7svFzs1DZFo2K4AnEnP8pkWQNnxPf3zXewpH7shZ1
0x58a0f68f41bee7e844cde7d19fb3e95ff877e33c,134402200000000000000,652,0xc642Dae9951AcEDc53C1F6b1Ed1938Cf0aBc0498,QmSrrsVA83gdPc5BJhVCN4nYYUX76C8HteUBpmpAoydrca
0xd20e2fc8888070e2d6801eccfc8af82c7873c75b,553960830364369000000,653,0x7cc534c1498ABecDC2a394992d0bF13C3B80e307,QmXESUCKv9BNiPsmiKegqp2JpsFFfHsC9bB9dMdhCseoLJ
0xfa02ffdbedaae966e1aaad69004f0d9ae8bc4364,529526437104207000000,654,0x35be624bE35f1703b66880919D6A9A9f54A74aD6,QmPXQjqXafWWaUZ19ky415938tnRDvmd14cBXpRC2zdCKF
0xc636ec471c8f44c8a5d79c86045aea9f3c4d5bd9,3943216371066770000000,655,0x90EcF0d8E9B302881d0d1DEa7C3c99FF9C93B239,QmejSJAgzJvqPgfmxgQgmqWhaULcnM17jdQtG97XQyGkUm
0x49b686b3782669d1382c94a04ef988a9f905d2e0,1542349770462730000000,656,0x80BFBa322f1282b652FC1182dE2Cd1d9E3BEa62f,QmSQ1xzon7PZ7e9SFaTVaVcgckDp8cBnXyfr8nqNvoq8ZP
0x37d4d564d918008697c30ccdbb00ba2a97eb741a,5520672594911810000000,657,0x9791AD0431ffA5e825116D3bfC472c97f820C626,QmU9RgGWv8h9nT4vE8DQUd5fCzCAEWERqP6CAQJPD6Eq68
0x528f5a5fde656f6f83b85413082866d638fe9720,534852327195228000000,658,0x4B5fe809F22687A0ae2a053F7E4F1D82599e1303,QmWAL8d4qwhmadWtJXVwJQqpP2WJgx2qQRBvKjsRgBG7qK
0xcf38884fba505e66252d449cd72e5558599634a7,6345760196210970000000,659,0xCA0aC3325C2003ef0B52Ac78B35DbBee104137AC,QmUFaaVzzsQYshTHvm8hVgRGNKRNPyqfKJweSBegRPg3QM
0x941cc12d91a5246895c13d9d9d621096e80276a5,29621685814436500000000,660,0x20F88a07e0468FF6dB21f613312ec80406705E04,QmdcnTZdEY7XxPAs4AkRrr2guQ4jWdE495dVK1cFA2yaC9
0x72c5cd18a51d53db34072546a7a38a4f73600d92,3382530000000000000000,661,0x5F63BcA2B120B81a2DAc00E968785ff8Ae13aE2f,QmQoE2Ew5YuyrjGfCXh3K6rETATARecP1cnanKLqKNGvWC
0x6523e9ad3dd4cb6982f8d72d9220670ab51882ac,2854017921447960000000,662,0x444b0c77B1809d650a53661434c1BfA2B62F472D,QmXgsoaHDQUQtA5QvEuuG3J3k8rowwEQkauzCDT3mFwPKD
0xa38e40797faa6ecbcfa4a64f14c7622d090e8a31,46366565276001200000000,663,0x1477c1290710526174e4F65e121ebC457d3B9De1,QmPdUbbuwKPXUoTgfSnGLh5cPaix8yh2bZ2M7ntPmiDWWB
0x14c0338959d08eeb21cdbc7e1fe0350be87d1fa7,7033954230756020000000000,664,0x07ab5E74108E516851D52357b51F6DCEC818161c,QmeEXDjRrVNMdkHXR22U18TfruvdVd9h6BGKLZ9QAJLYQz
0x523be2d66ff21069840118d18e2a3aa55a866cf6,5000000000000000000000,665,0x189CAAD72753436Ed9dcBacD62e7b8975486c781,QmQzorTaMpdgbxtLGfkLsGRNWsWQR6srQCQnTJn5HMGZDu
0x6f27916b2d27f538413fba9113594899ddf44db4,1203264413880100000000,666,0xe4654037a16C555F6eB5eE099F663d88b4913119,QmWPQi1EgrjfytYPcRTX7HAAo8XX7utPTexbB475nUyPyy
0x741c9909b374155cbbbebe614831ae29d200106a,31712135526498800000000,667,0x90B3F9B60Ee1d706a9D7E269D117043A890Bf624,QmQVsupbh381iz6wWTY5DCSvfgzeHS7ytNc3Jtcv9XfJP1
0x22ec97503f9aa4ba17b4aa2a8ed36af96a943518,15806909120179600000000,668,0xA547200Bd7d53Dc5e3bE24327f69Beb0f8503F2b,QmYmaANjmBUhnDR2Yu2rEypeimwULcpuaDN26YaLNrueh9
0xdd4b0803d8cea3095b8d4dfc0c753a1fdee945b1,186450000000000000000,669,0x154B3216b2BFB5D6c4cfC1110cc3B628FaB2c01f,Qma3YXrjFnA8nV6LCoeoaxDcPdHkC7c1C16P34eUKsFxz6
0xf39816f2785814ee08a8f97ba6a1c6649892bb0f,3884873758622560000000,670,0xdC919406a075f7f7e10A0914736694061F8C8c5b,QmXwN3maVQP34xiqsW8u6fubpKGrhBEnB6Q5gdKsVjuNbN
0xc358574fbec5efd698d4421d4b2ef99a8111ecd1,2042162453476220000000,671,0x482888150aaEEe50CE3742028833c4213Ec627d9,QmQ5WtP5cD8a55A1wd2ip3hjeJNDwjaAnVym9UBK7pHLbh
0xfa94208d77323931ee68d46c20fc0ed2ebb55549,294575760541964000000,672,0xccea23f33097Fbb534c7738eE32532f3eAEff80C,QmUdASCWzha2fqLN6G8ZjRfPLpnqBgvtvAeHEYcW6u9mf3
0xce9d952839905cb76c1f00454ac3dc1ca76b3ef4,1159274729283150000000,673,0x6c0aA8e96015D89Ae307de0077Ce6dA272fdFAfF,Qmd7aVnW29Cwa1dQZwMaX7g7UXbtYTNDuJnnoTa8sUGNJX
0xe1f9d37e3447505cfe53f9ec50691a681fc12815,5627683814451410000000,674,0x6D4e7DD17BAc5b6Fa7Da66ab1e625c59dA3C303D,QmP6pcteBvZdEPpW4PtBgvEQXvUi4cssexdWzT5bKCCrhJ
0x91e2ee363656403bf507e98f15f2f912b6ffa3c8,6380647741932380000000,675,0xb3E79f4E565311d9e4a95aA6f9449fCC77D8aE24,QmevFhnckXSoitrjpatJBnW2WtHLPvLwrTqXFFzAG2ZpSV
0x8a876018a35065b67f06ed126b20ed3e81e4f4fb,15442462965646800000000,676,0xeA164dCD53f2d473AbDDC6C493DDD71ff02190fe,QmQtoVZGxcPzn3iHhkvhhoU4VSZTzf2yyKpAyD2cqLnyNm
0xcaa1cc1e79db7f19f72d7ed4977f51b975adab85,2805166250542390000000,677,0x5641B40aA14FAae244670fB0F5413fF85c055171,QmQpPo7TprCqjDD228B3qXHc2BA3xfBugpiNshpoiPeDnW
0x998d9f658b01ee8f7cc7180b2e97efba68710331,8137130590440570000000,678,0xE4831e200F3FF7857eb785d8aEc52ff8374df48A,QmQVFYKZbUBb7n6cEgsgj61R2yTF6nFWyfneAVt3fcHVqx
0xf1f957595dc117128bf7d3ac5f71042a889b826a,2500000000000000000000,679,0xe1811D586A5B0AA5A600DF65bBf3526a9046c353,QmYXJPyVqysZHkZ1XQEJwszmGD8SSTZgZyV6nXRovT4ies
0x918d7b498184dbef17aa6a647342ffb10e72bebd,514232353668790000000,680,0x0469721F77F64946491c910732AD178C78216963,QmTXFhpmfjmWc2dCLHzgTLLe6Gox5dajgUeePDm3Mc79sG
0x86ba8a649cdc9a0e6e911385ebdbbf5600b3c367,2457690413116850000000,681,0x40DAb157d92AD52BdFa3DdFC4C3fdb8131BAc05D,QmWBESmeNTAyUxDiL6r8LPD96drrFAyXvRDR3Lahj9ZRWG
0x46e0ebb66c75743ea7cf223830b6d01d26c9d2e5,839449985016211000000,682,0x6CD22539AbCb10cD29e0d13F93a676047FBFfB0d,QmakMjqwqRm4MUWJ2xnVqzBS9P9DYaVyXN76QyyEoBaJp9
0xff9fb8a3e4e736acf36171da7cdaa8794c9ce9d1,2686362365655990000000,683,0x47CBAF83cb8378372272de900D760dC8C93f5c94,QmZr8NwbTrixyzqnrS5xvj1U4ypKorZnatb4JpkxknHHyJ
0xc2cc1585f1f16e8464476bd90f01043bc6332ba4,2566236061837030000000,684,0x43d19D96c598442e4e9004eB24be8AF8767394B2,QmXPV1BcmjgMhrq4miDv3EDxX3aY6q9U7kesMfZHdDQg4e
0x53fdd2853d7bb8fbcee77b0eff77ef7f180ad38d,978512831673729000000,685,0xFB6dcEB844b4746052DED60DEfD394c722320967,QmUGU8SZ6JLhCFZ17kP5w8sScViGHtfGzEXg4t8iYKTAnR
0x40ae1f6d9f44ea53f29ebb8c95b21185b3e0f39e,717194578521453000000,686,0x5e00D3e0ED31a214BEbF9333F1fDDcAb6a4Ac096,Qme2JAcofKgHyqURVCYRafjMRHnZCD9a9jBZpj1p2ddLER
0x683aeb4ce353157d670957d783ffbb3b820d8166,171632141931936000000,687,0x54415782D27437a21B466484e537A66B9BC13618,QmZwUUhabJ621Ho6CEdT6pbhPk3FpNn8oHfjkL5zWkDfJc
0xe59be152ef9d325c5638596bea6f07c9d36215ec,7311431556747040000000,688,0x561571a65a663691671F8937bb11971D1E50Ac43,QmUY9PLKKT3Z77gJPqrWDRkDCCzgWWihVFH8mtFbaxp1zy
0x9b5a493a922fbdfebef5ea026279d6c1c24f29e2,1736468796500000,689,0xA00FEF08A04B195bf0c6fE6866eDDFBC8a00659B,QmaeV2GFKoqDvLzXENbKECDMumEPC6heJeDxyH8DzmJwVS
0xc4b52cc72d5785e418b6f24a56df1b3f67674474,2398269860920420000000,690,0x03CA8500d98B89b8c12F28b200e044E0ab3257Fb,QmaJKuBcue6auzfGqunzSGvo6PfnFbb9uBjsLyiH3AArzd
0xd4fdc0544d3ae465d5905fc3349369f96d8528b6,2418400640289950000000,691,0x3c4608d76CD71e7E2e66e16e666A04bC436eaaa7,QmNirRY3azFkfWWqj3C7axgp5QFjL2hvfvtBD7txt7dB9Y
0xc84dc42b652f5d970f3656e835a1b9512023476c,3028099666563750000000,692,0xD015118E9fa7Fd0EC770d50a9Fb8E42747622831,QmU8Ygx2qdG16ZMpQ2jGcod6eu4qW7tUbWvgdDwAGpiw8f
0x3c61d07632b9b01fe3ebeb282812c6ac2e6b6501,2698337305959520000000,693,0x3E827D2A78e9E4761e84C1019398A60bA687bB6C,QmTJDjDMiiLrDqNc91WwT7ToFqH3EADhWYvnmCdyWoNsyw
0x25be3605ba7bffea76338652dd5f117b97b82639,2125939538707320000000,694,0x03736fb3D3D641270bFF07E02A40cfB92848dFDc,QmVpEWpefBuq7TWhDGxPgF4y9RD3PEdsT3WcCHHbg2TAdv
0xe5d0b5746e837e8da4333deba11082990415a0a9,3078997321207120000000,695,0x0986945AC5ceeb08b3744C490316DEb034A06373,QmaSpkU8uUFGv78opAWvRHJ1Mez21p5yTPoo7JdBJ1XqVC
0xd24f97006c8104a830023145ce26a242d537c97d,255271936485682000000,696,0x9eE7a3Ea40eDD343d2DFdef76eF05Af42dbA87ac,QmdgXEXG9qXZ8sQuT8XBAJ71fRmZWrsXuxXk83gPSKNvfV
0x811f631b883e5e2b32577a75d36cd976b9d19556,1963874260104130000000,697,0xBe332205f53060E687A341e9FCF48Cae83DA4bd6,QmYzYyLr3GH5xhvkdNyqvaVP9qTcfUMd8jhB4QMCHQ6y73
0x4513d1a68b966a6479bc0de4ce9c263cf41eb2a4,2245300000000000000000,698,0x03a0E93D517F8985a11256b03C5bcad9016f0Bf4,QmRok4M8BpQbtLEYfqZ8LZQMv65vJdB9a968RfDNJz7uDq
0x5431f59e673f7a910cb99c87b7e6e6a347fbc635,73083632063315100000000,699,0x626D5a0315501C8454eFE831b11aD25BEB8BB653,QmXC98NaEMBKWMpeoiDrwQbHpivmoE7srzUPvPexAo8w4W
0x964c21215dd25f1493d0610d0dc6e0e486432e77,14480584352866500000000,700,0xe4f5bB2C50a9bE2A86ad755dDb540EfBd095cFa2,QmNf6u9bczG8w126XAgF1Q4JMfcmikKSLSMuJfoW3p2fHv
0xfde8d0168e1f9b0eae204000e29e40118281c7be,15364540859340300000000,701,0xf692bF931A38f6fe303891B51f355510E777ccEd,QmXya9AUgX54GwUnWfoxvLNj7uuKFnDzZwcKUXQ72iHu1h
0x5e2531895621571f75e87e7cc1611a89c34cbd25,12073756075195400000000,702,0x3170077e87639646221Cabe28626a4E29A64D922,QmZBFSABgqwtUsdStD3Z8a2UvBhWMfzAMj8Em3HW2LtRcn
0xfd5f1397e32506aadae56514bcf6ce4246ecda0c,12217260834065300000000,703,0xEdDecaD8e3f44B362D57F9190D5977D2E9B37707,QmRoTDEfc6s94W8CP4uVpFEvVzK8cCB83o2zaV9YjRRjoc
0x54135b80f795ec386bce92298ab3fa939394be8d,753150842916764000000,704,0x3C9f79dc3314bc952cECb3192d033A52400B1FDB,QmQ6GmF9Sype24T5fn4zCR8L6bXcCm22RAuVRVShjkzJHs
0x39c645ddca8cedabae63f38b255edf2c7092cb1d,2451269450000000000000,705,0x92ab4D24817dAF8c5f8B9E86cB2ac85ff4eCE193,QmQ4V5Gq27uus7KEVNpPXtHDFsXVo1CNhMq3Ff3oaAi93Y
0xfc2adfb3d1412c946d898a48b9b96654257a1133,2890426957114350000000,706,0xe1920708A33D9358CA9a43767dE5a599276a6231,QmcXG8L4QekYVihEUD7DMiJFQMLdKbHQmaL2fW3Vu3sUH6
0xd240048889cf1435d6299c0d1dd9d2a0533a4397,475675797518712000000,707,0xc0Bc16ADE07AA959cc2A81fDaE3b15c63DF8eFda,QmNkQxQmcxiRSHhkFr3STMCq2JPSvEiRxJf8dHSGZA7v4o
0x6fd8e8858866effbe0cc710bfbce753901dfd50b,8670836965576790000000,708,0x212852a28450d16fd6060eBFa87e4822fEe49a7c,Qmb8ZfKzKbu6zDfJpyQbwSa71vuxAJwf2an4S7vbVBq58H
0x19f5244ec162ba513f255ecfc95846390b963ed5,2306518289644690000000,709,0x7D91dD17Fff40cA2e8b4433f77423FdE38b5e5e9,Qma1QC1HN258Tv8tBPHkpErWXLrbMTg917Pnx7A1ESqX4f
0x437b28a6ec8e76556d99fa571006ea5da594aa91,1370365698228510000000,710,0xC4E2979524c88bde973F4644976E92Bd0f0e72d7,QmU6BPUXyePdGjGZP5ECCT8uJdJWEZ3SCpDmx43gnzQgZG
0x4e75e1b8d9a0acf272b2539c6e36ff9b08d20f7a,3390497962596760000000,711,0x6572a5d03ed09873A7CBa4765Cc4c4A31707e8Dd,QmYmUtwXWS1C3r67HcxmHEE6poPsL8jKFdTdCymuYHrzqu
0x53ae3f85703ec52b42e3986819e22aef64305a2f,49255024435663700000,712,0xBfE9Dd288eeCb4279081246F609A749c7Fd968dd,QmQ4zXLg6jTGyLhM4zQpwwwZDajmEWgLQ4ajL6aP5WqvwU
0xe9473ddef77b8973c30e501af4b84b7e22fbd572,38255908805765900000,713,0xa7E9D58faae6F9F3677D1d78253E2BA5cA97D833,QmYmiBgeHCNaMJvBnWiLjD9n3H7kDj8RatvRTAKKx3K1mL
0xec8a5c2e10268d6faed8fe94a0b82906e50ed563,5974908610158050000,714,0x37CC6879C6fe6F6B8149843836066AB899b74acC,QmVeN8aHe7sKrmb9ejTCbEiQNKdgyjBNtLGhpTXEcxaBfi
0x1aa1d9f3e3a45417eeb55994041fe13cdb26cee2,15396707864585300000000,715,0x5fcC61A32D75C94CCDE42B9C25e64e5Bc06BD7ec,QmVLVXHX6mXHJeiJZvp2FuqCCeD75wzHYGqdHAodAS2hpY
0x0fcfe3c0d30b88b9b06f85db087439c524369e51,39858742566307400000000,716,0x55dC0E4aeE2913a1eb219bA653EA469aaAE7bD30,QmenrwumasxaTeDQQQa6jaCWHGodbesZv489KnSR9H2GEH
0xe7bc34716313b4f18b9584a6dc0ab959ce2f4388,990877632762760000000,717,0xe72eCBF307237a7202AbF1118266B126660824f6,QmTNsZLcxgeWQn3J7nfr2oHWpxYNcbr9KC1NQ3gMTKRUP7
0x09d33df52a5ec96a1a84b0e845f4adeb081d9b71,261940058471383000000,718,0xE4C01558674A4aFf242F3cea7C4538909ADAB736,QmZTr5PqDnHws3vUkNANRcyiUo1wcngfFM5DFZBEyniHod
0xb5ab2d2ce88374b8995fe4ce1407b4be72a9ba26,169500000000000000000,719,0xEf2887002a5a3C24337A0a6Ef3112aB971513943,QmRRAqAdhTcJ6Gaw938B7tUzSfxsRtoVn3iAAFTAB2J4HZ
0x9ebc0b1bccb2c2412b661510f2b2e67828347f0c,7315499300000000000000,720,0xE680b8336B04D4FD0C36EdBD106F0B8fa208e012,QmS63EuYbV1FnR9dKeD8UoSRBbdKpdzfuSDiJbm5NRJUE6
0x9f9692fff5ce2c81737f62bcca101a7a7bc31c46,33092778387587800000000,721,0xCB2c06004A11Ae455aA9dB0dC9E0DE78a1d2C356,QmactoRf5S1PCkeCuZkxkn6zTbQbcozQA1sgxFBVTXN6st
0xa383f90dc7b8f9a46bfb4563559fc31bded32dac,64391759778306800000,722,0x10bf7fd708068a5E386E5b7CB27617C012a8F118,QmQXpJNBEyngbnCf7Gz1WGpznQK2cMUHhEYtayDVLBknY5
0x4c17137e659ae2b9715dbc7f9ef4b3ddcb6028d1,3925983332422920000000,723,0x39A947153aD9A639E5Ec63B48CBd2b2a0A640da8,QmYRbNX1zLUwZ3DHYzDcicMVPWcET7xRhLRQV3DQjjTfp2
0x9e716dcba3165044d1717c8ca26ebee94e8fbfc0,3896066662905230000000,724,0x69eF8bF58aF9385fb0910AA3269132C4e63319AC,QmPK5icKzZNn1v5QpQY4wzC74zGV1VbpZFZT9ZHw4KyDjM
0x7e82992d1c883f922e0cf2d91428f84744792d62,36248796107019700000,725,0x9175B8bB6E49217e068b26F12105DbA3dd6a081b,QmRM8yTdhwoAhMG638LMgdgsfCQYxyqdiu74K8ZyKYEEm9
0xf0d7ca49d902ab34e1727171732ceb0fcd3ae275,22555299747617900000,726,0x2C9f525cc135861D2c99fCD52f0295b33C3Ce820,Qmd2wiQrMjiRqT7uUg2ZrNC3U35uZYNs2RSbzvXdfncHkY
0xb6a70af84726e7754ca6acbb215500a6e6171697,12721483500000000000000,727,0x16Ec30DCa9Ca9C4ba543739aaDbA9b93aaC69ad5,Qma5394n36Yijh7btVzHExx546uKNRww99ct5NN79itd5S
0xb64b3a2dc730545ceb42699d8c69bd5b67ad395e,2493384589458530000000,728,0x18CDe31Ad18710A4E58a668405a351781a1ec057,QmTg9U5yZitCbckHa8WLGPYfic7aYCKCjVxU8yqHfZAk44
0x2cf8c8c5ad01502deaf4095ec38fc609453ef8e5,24925781031456300000,729,0x8CB6CeCa3260DA1297Fdfa6dF23c42E27D89291F,QmcASxPkto1PyEf8bHzTejQgSPcv5gJ6j1QR1F8kDXLcgu
0xf1c28a12d3a318b3e4d06ab2e1f69baba94f624d,30693865803434400000,730,0xfdd76D3385E144f2cA6AC03D4ca6fFB818450f1f,QmVLQG5b6iSj97EmUzU1mVj8ygmp8vqnbiYnmSHadMxhG2
0x5edab16ae9f6aeceba0a016000bcaf9f650ff486,103187069459858000000000,731,0x5D09D37A8757EdE94DF20eA381a4eA31Eaca9B26,QmPhHsEF68657vQU1dy8DvGRBniSgDJUv84exdyDXBodJX
0xea063d6fb1e88d466ea7e36b498e64db90e45116,4451693514092510000000,732,0xa17A46cA6cD30C632CAD2F5575C3E30e17047A48,QmYbVgWKrNV3JXQroCi5EuGFpzgYBtwM5WJnK1wZWfpxzX
0x731b257a15af0d77c89d65cc1303751f6aaa82a6,2614016920799660000,733,0x1428C2EC291c77e6E4F06CC0ffC362B7a994ec61,QmfPeGzNNHoBCHd2D3SpJcJ1fDMz5j9fUBJ3XQzLGogE8B
0x2c229f8803d1ff882954f62da7d99a4e19865929,3780025106641120000,734,0xb8f74A6976F334e00BcC7fb29cEFb3bCe8555287,QmVJovb6FNHNMksRigZRuegeZojrZYVN6U7j3ZFSDsYqdY
0xf8dced1f97d366c43b527def32a0ca546e6e2b64,13779892880733600000,735,0x1cC89Af3c74C76E08D80E8a882f0643A85c898eb,QmZ2G98eCDrM9sHKFRSE3YxQZskx35ZFJrbsaQbTcdKyRv
0x7a247b651b81a35a2371a9237ffadd8052437115,9671344376315790000,736,0x17EE2b8cD74CaCe4b3ae8bc153fe640F1fCb1C51,QmWvDBtVjs1cxaQu9gbDDUwhVsaWf1JrZSGm9zmKada56k
0xcadd306b4e0cda627ad75cb9047ae23b1568e322,31060626327501700000,737,0xfc21042008C8671ba7CF6AAA472520aC90E49ACD,QmdGrcPdGeZJGH2wGkJwyTWojbtpZumKEcWtxNNP7NJSQo
0xe84a19bd3655fb4c6d1bfacb444335620478e472,17147970805751400000,738,0x4F29ec94a7DAb910239932C3E4B5151b5d786bA0,QmdeuXHUTqU3KyQWHmN8de9bmagcUhFozvHfaSfGQy2ekz
0x93c1fdf5b0d5be85099a80beabade1328783f2c0,7095731325000000000000,739,0x434839F4E9764eDdafA54ad9583E6c22BC41E618,QmNui2uYhfieVVtrJADJRKrd1w68peeWHw1XRQ5sJUG7ac
0xf6de3d6eb349abf2aa7211392888e81ca7659d51,43615103640898000000,740,0xC223911B1856a15FD590932c0634Dca5dB801746,QmZJVmRe2uyk5FcUx7niJN58ut2mG7jLaysK43e4E1QeuM
0x706c467938f7f20a0414ebba2f8063b7c669fe67,5571350316636180000000,741,0xD13Ada6FdBd0fC541C622C610aDe1F46F284aFBe,QmeLRKjpDdKY4UiE2YSiYfy1E1osZrYoEfRPaGvWQScBj4
0xec8edfae340278b79a9a7ba58c8f97b36f3739ef,2500000000000000000000,742,0x6662cd85bff2b19EF8B0B0DcbF6f9b099ECCC097,QmbVe79jDVdrkdhg2f5uJNVedgsnip9cbHJow8vbnqZqNj
0xa6eda1465d259ce1643833561e36fce3d54993ad,2236678807857120000000,743,0x9271A46A5e8F6b0048bFa54815AB71921D0d835F,QmcxJuSt4Rw5oNAs2W3Jd9aKB6qANGVikVsDZibCeZHu4i
0x4f92881a95fb3bf91b4cf838bf861d0e967c41ee,5663867174708820000000,744,0xd845a9357bAF88E38531ba34Bd615B72A14540F7,QmNnCAYuDpMaWwBh9UT64akdpn4R1bbktgsnhgyUe2VdXX
0xc499afb7a48cddcae12c1bb12ccfba65c00f6a39,86844116800013500000000,745,0x565c8db25070E877347913Cb9A407FEEC66550FE,QmatUjgixPY27JpUR2uLDAAHDnypWxNMeYWwxsPw7WHuRh
0x5325dc6066048940e933af43fbc1d9fd9ca979ee,4561469487148320000000,746,0xAD5711ad8514043947d4566A1e89344717432F33,QmcgKu5Xurm4SK6Wz5evSq2pprZBHuULvvTJCxT1GSa5rU
0xb1d9d44e361e8af028cb202be0159e5af7afa375,5589958983517350000000,747,0x0C162D6941350Bae87d533C6fe452DaE9e4099Eb,QmUbrPdKpgBHU3bAiNdZ5WoamHZ43Ppc54ZiLJSxH6yFnN
0x3d60b65857017703c2dd8a4b3f0485c68de7f7ab,134135355709639000000,748,0xEeb4DF6369926Bf2cFa73eC1baaF9918a86Fa15C,QmehKCymnLBGV2m2Kx5Rsk7ZyMxjEXt2xWb8wT3ETfsW25
0x298523faa843ca40e83b7934170ca874a4fa1b04,2500000000000000000000,749,0x574f6bd074D5Cda529dBD8a6b1d3d6a40c1d71b1,QmQ1hRWDgaLj9QvbpagCwe82VTX8avqEFbtggvBA4PdDQg
0xf29b6be9bee1de7434bfc727f8a2a3590995354c,3213528816256200000000,750,0x3bEA35082fA9813670d978e982581C4F99104F8E,QmZJFC14iUmFqwBjwbJ7RDcNuA6wueFU4FUPKicmCUAexP
0xcc2e601f4e686366b7a0a581eae4d26b0768f4b2,97011043941382500000000,751,0xf4C7835C3e50FdBBFaF3416087Ccc4291f0905E4,QmQZAXHCnWDGCuKL2Y5phNn3vsKU7eqj5FpEgMBDnv6A3Y
0xef034e6523f1fa5a7cc0fec2569101aeabd249c0,4791744546201580000000,752,0x49eAb5eE31d993eD6Dd26b950ec617EA9e0613f5,Qme5NgVCYLha8hMhF6iMn3Whhj3BS36ge6ZTF6xUVcbSj7
0x04cd9cc35601bb748cbc98b549545f44068cddeb,3743000000000000000000,753,0x7469F87e0dC95A1E439265160BFa5CA2b8F12A33,QmWYAXh2aiDaKtbrRzzBPXL1Ar5JLNhSAv2ecmNYx1eVmu
0x63a2cbc6bceda3cc12fc7def000c465c20bf3bee,62435805256338600000000,754,0xc57816C828CB401c8C51C2dedb6EBAACa62A951C,QmUjKh3qV53nxWDBuML55gaToFah88y4hHmdDr5AdD4mdh
0x8b321f1e491f78234ad1627effc3debb5c8d4230,85880000000000000000,755,0x6f02012bc2a68D95199E3cCAA17bA6B6171a0253,QmXZhKJ3WVhVw5xHGDVwiFgr8vQ2HdNCELNpRvNcR3pqfh
0xcacc10840b02bab5e9fcb20c897d786514b601f5,194812000000000000000,756,0xdb19a2dA4c552A9c7d2Ce5bE4a2943Ef5eb426F9,QmWbGz5uRNvf3zXZG1Cthhcm49pVG3s1huQPPfavttDvzQ
0x29a64c38a4a4166ff5097b86d22fcd353bda5cad,408650167351200000000,757,0xcb6b6641153062dA6a6e944456eD0f87C5Da3D44,QmUM7Vjs2XLu5tqRDrXoYgTYBQTsSSo9ExaU7F2q5WiaG8
0xd93ec7e214c50fe64050d0a88002942f0e242659,75153386753552300000000,758,0x7E9B893765C43FD9018131DE4C3ca87cde88e828,QmUbgZH9Lh1Npaifc9eES6gc2u9AkBRxSzDrtYfgBNzE3F
0x01707f015c69a2146704982d99e7f906aaaa7992,1171790446118970000000,759,0x128F1F7040c66191cA046755A88Dd46309e62713,QmTUBcsGUWk9tHcavgKMCn4DEQN3HCwAqNanbGVfmHyb2Z
0x52255adf53a3be2c9576dba3afdb46c582ee52b7,1516903690000000000000,760,0x01c1596047557fC5011629B8a85d9a92087ff769,QmdbxRzyHLAzftqA7e74tCUG9BhDnqpSCqRXwSxHWy9tLF
0x3e13dbf9608a43d0ab4fda8d6c8052a39e9c35e3,804746560508277000000000,761,0x7B4443556eAcA0cf07458Cc2f81Db4b4248D2315,QmdZgwiZE25RkYHrQLM3dGRWPvQpWPQPRoPcF8yDEBKwSD
0xe2942d62c2d00ac4cbdb29af64f6ec06ef156aca,5000000000000000000000,762,0xB321c695975D53bDaE26b743186765016B831789,QmXzX2zeQg61XJF25Ab9546y8DZ4S5RcLHGv4LaQLZ7AdG
0xff037cb5f1c99c1c653c5786f8bc89af232c77fb,10000000000000000000000,763,0xB116f659668AC73ADf759e03055aB48deBAf42B9,QmezQzroJ8YqQRmMJ8agk7q2dwLwpPJSWtdsyHJVfi2MHG
0x3eea986f694a6c5c3e1468f34f1f83e1fd3b868d,164089631000000000000000,764,0x2EA3de29428Cc7Eb90eaa7D07dFeD0C9be1Cbeee,QmS2bFe7eTktUaRpHR93W4X14hKT4cGnt9eTQ9yGnb6npt
0x79e3371d3b3941b2b43e653181e52e91789113a3,60874512023340900000000,765,0x7e629ca14eAe2fd80200DB54493EBEcfBc3CeAe6,QmYvwy2zxjqkngAqLaDqmjNpBkt9fZdqCDtKKnu6WicJak
0xb9440515c94a66b15ccadea014808a1710209c69,848395558402009000000,766,0x28Ff84c8D317Cb85F22a4A5747a790A2E585E2fd,Qmcf5r6R3fui2LKa5LMb4Umv4Ayqc85hKeB6SUHVgBqWBV
0x4da39bbbd489b36f9a0aae72374f2440ddb39404,14747921816258600000000,767,0x94849FD07741207D48Ca8f2e26fe3EcFB1eDc133,QmZ4j4pVFCQePsefSumJ5b17NR5o8xFMyhBWmRr7HjShuR
0xcfc55da075180410ae20a754e151065b4287b92d,2500000000000000000000,768,0x4b1bc62E9016b6D651cc1933080DB471a631a2c4,QmYpnkNLtBj2jvJTfhJYaefUvwK8LC1wMgk8HVcMkfcmBk
0x8c1565b607994cf0fd0643a4369ef58bba3942ba,2455749304100380000000,769,0x5d2f3A666AF0817bb8065EEDF5cFc0075923a9AD,QmThXciZrKepf48tmuPtrq76E9Xp1i7LwccL3pje7VkXUQ
0x7b230f8235f3e3b14aefd3ed657479e8ffd931a7,9967822601323590000000,770,0x31986D60896E8DbefC6538b5edBeeB73161712f3,QmYh9oSQ5DuFy3ikSz7cNeSWpU7s3XMhEQZsMGXuxmp9Nw
0x8579bbf4db5f2af1dd5c56374129c7df0e56e42b,571024748573780000000,771,0x1982E5E4c4C54417833bf016E6EFf9EA2e945079,QmUsHSGL1yvuLSNVvdyqKSuJyrQzuKVSuJAZBC1mBdZGsE
0xb2089ae37a98db2314e5616f1246a69efd56f711,15470076761660800000000,772,0x2769f494A63e9A2e1700c93538EC07B67cBeCfB7,QmRBNtdsMAFG1XV8am36dHu5YUoFvYcYKfqQqE9AZtDQUk
0x18fc15d6a2cf92f523e5d6cf878e39f354b88093,11536795405015600000000,773,0x6A572017B57453425E04d0E5f6c081cB09657872,QmUMC99rrfe5ki5s4BK34D7zeMJhZYpD7Uwxd9a4PxDWy8
0x39c4f7fc1ba0870215fea5e94bee67b5ceeaaf02,26101455916026800000000,774,0xCE63299090Fa42226062d12d11c28221a0a7d9C2,QmVT1CFgofvzNwevidTCwj981ciYd6WUePFwps2MhZVCTK
0x4a9b562176bd1da06b3cc265f2710251d5e98290,30534613066509400000000,775,0x8b107A26E34FffB16d250E729168b36C9F501EE4,Qmc6hbN6Vmonn1nCwL5pzSk7GYHKbdgr9Yosw8TudCxvk6
0x1411bde0514d1182bf8f34f8a31cc3edc6b0889c,2677193121543690000000,776,0xD30417E909675a933F9159c942450Eb62C37ef22,QmTqFcFEbZDxTccwgkugTdBWJRjUyDKcLoev8nwMhHaSXP
0x05932d66c43fbd43e9c17d8e6593a04642ef5c53,5545258536359850000000,777,0x2F02f32BAedDfF640d0F68d55c5599f198d3c2E1,QmaZYNpi53KaP3uGW7MYpWZeRvK4uDESTgq5986zzRWRBa
0xc6d6510000166c4e4043a68249952a7fd9650e19,3162208381424120000000,778,0x9CD205922C2f66Eb9b43e456E0faC4A852E24F11,Qmekcy5uzwefNC6nfQaUvek9s7nK9GDnHBus4izwSHDonv
0x8a806bc475331f20022d897e4f9dc066bf0324c8,5014102740000000000000,779,0xAd2fD572b290A85711e9e670510B9fcB870816eF,QmRDGiFEJY2otQeWjwt97P3Z2N8DqmSijzgHNjidd42TJD
0x60c928ac1addcdd88315d21c12854475e4212951,5532013324308060000000,780,0xEB78c7Fe4CD636D1c3B657cdA372820071cEC40e,QmdwNi8Hq8rwea1z7PboBf3umx5ZmEQvQEA1MfHvMkXcDG
0x43f4158b448ddb9fa74424bd8f026de92dae9f9c,5721090021015990000000,781,0xD7c8209d9731780e66c60AF20D54C7f08e432Cd1,QmTZzy9sZWBPMceTf9AWSNmYiT4tiMx7ifj7KVrxCso9fj
0x5836b63945d38ac241b700942796f3faaceab1e3,372222569323041000000,782,0x892c5962679830Fda1e6113eE7d9244A31C44Fae,Qmdyq6DRpJ3xXKwXPP8ND126mUnUqfFXbGmPBhazUaEY14
0x628d405f175821a6463274414720e64ade28fa74,2570757585643650000000,783,0x70aEA50BA00b5A8f7081eEbBC73A208A2A717587,QmVtQtZofYmPijPKnYKFseUncDVQPxRu9FtMNsAFMg14Sy
0x6dea8be3f839f802975b52faed98b9242a63b445,8799429292748410000000,784,0x940Ca5b1775Dee9F06B0fcc8943184c4CA0d1346,QmVQks8ZhXrvEFpQRBnwu1suw4YTCmTfCDT3TEcgpxS8c4
0x0675305120949d8e9f506380238360d47c1d76f1,511966550503492000000,785,0x4AB86bB017C17BDcaf3883FB50535e9a0A9aC24e,QmPVC3vDzhdCjVd7WVdoDeXwM53Um9HeeY41ABWVrKRRzC
0x2c8cddb4ed5aa7d28fcfcc75313de4286e0b5e32,89571353465302600000000,786,0x5A6e7A94579AcA81D59A75DDDd705E7a1d386346,QmQQMcLa2ntkrhQzPCdNaZTAyVRYfDDuAdNirt3tnz2fv7
0x4d061713f112100fbda4c7d4d8e82000ad90267c,94920000000000000000,787,0x1C07b7806fA43F780D526D7f79C2348ce2D8B1b8,QmWAFuhJzdARwb6SLynGRoW8Aq5DFz6nY5MLSFFXbWNZxM
0x15f82bbae76e64065b930b1b37dd7cb9471766db,5585154496084650000000,788,0x2F0fA7A8Ab5592926d9D7187Db0D3ab238B7Bec5,QmanzFAAxB2DhqjZKLeCpHBw8LadrBtxoEqmkMJ35ixSBj
0x825c5396b353d6f510f13de42adf39ed29eabaa8,5472316795412770000000,789,0x9eA327F5Aa43e90FA506f24f5C814D9218620986,QmURM3rhKzxzFPVy2AWYgLYnmKE52mCmxBT48nA6jUBuhu
0x0c3a4fa7075aef89a5970e9c2607e04e7a074c32,10442398833259000000000,790,0x243efCe8B5CfB5e6799e551b9185329a7Be5E94a,QmPhL7ApzBcNTmweAq1wKHp5wwQAPWcH7KbDJjSy8mNrX1
0x78afc368a8a09560efef5d6424954b0725b78a74,5538133216526920000000,791,0xD9C519bb2f73913a862936e9b6E3679F95f08332,QmYKGgrAbTsV3dfBw2KoDY4jGfzUyLucY7r3gHTsnbDFTs
0x8be9e4cda9ad24a6370b3f12b2959325246fc82a,7879997667537590000000,792,0x7073aC400afD78F241474165B3b32D17DD476297,QmX61JLYGdBteiVmEXc1atSHzxRKwj13BkQZLXy8Wgdi6d
0x3e0f006584a7bbbe777e1fde986ee55b85005237,1706852622094240000000,793,0x5c6bd9593aF3af1E2d0D2503aC1379704D806735,QmXwrgW3xdBhjUJJW5WYjmoUTh2JMX8dDo151AUQEGMRZz
0x6b6ca48da27304eeeb1d15d355d948f68b852733,30115994407746200000000,794,0x71688eECe181091C7FfCeb202C81e4823d1707D1,QmXPzRgJytkueRhrGfAkpCk27psXTr8nbWqGPaNrK4hNXF
0xaf7a56cfbdeb059aa23327fccf90d74a239bd9d2,5548662591447880000000,795,0xbcB946BF7ce317a8F66fE0982B039d1481f700f3,QmPuqn5aLLDMFNVdh8voZzn5cLUzNJPcYjcn3nVpihARLP
0x6b42cde21d4c95dbcf45cfe82c34d43e1b2686e4,5566085491634640000000,796,0x5A1EDCC9e65Cc66336B562802D0b9BA28926719a,QmYbv8FR816sGiNENEZ5y9u6WrpTBr5dyE6yQSFLzdYasr
0x58dec75199a186534e39182cad8d8be1a8994899,5449939237369340000000,797,0xfDfCB83F04937a6Cf6d55a116016FE8C9dcfD247,QmSiQ6H7A8gx1WYNgLCnVCxfNEPsLWaQnRQBBGS9YJAjhU
0xac1da0859e165ebef8bccd0a876905c3ff499da4,22274995143262400000000,798,0x24A896f5a3499018e2868aA1378Fcd5DCab4670E,QmSC4v4u9JYxhYJHZ4ein3g1HXNyg2vG6ez2jAzu2kdv41
0xd690b7e99ac77658784fe48b755a73a863625caf,2498356063427980000000,799,0xB14341c97bC9E516D3b29AD6da18A0A8267eaE12,QmVi9skdVa3Y2oTaGhLy6KtY3AkTbNBXDtTSde4o76EiLu
0xa89883404318a533885ad69dccb4d65d8e79a78e,5564582921077720000000,800,0x7b91748aD4796fc969f378E8d284846E2B97295c,QmQ1uVmKmGLCVuUEx64S9CHJqfjjECbasuEZHbeQAXFb9h
0x74ed4b81890739185a04634ef037c4b3b4bf53ba,4135727913793290000000,801,0xd3D5e3D9ae04F30aE2C3581BbcA0A079ABe91A8a,QmPQESX3fo3kdmdy1k16c7cw6TngEVdkUpPTWhE9wwiRbQ
0xeeccbda1d96b4746752afec17431382b8c2819b5,2385101872035240000000,802,0xE219f54EC24F00BBC4009c1F8D91f5AB5D5f1837,QmYqXzUEfz4z4CYkRx1KrX7iYg8CSus4iDnJ5GcCc6KGC9
0x2b2332978d79ac1d89914fe7c1cc48970a71a825,562917438317913000000,803,0x829E94A8150E115dc118b10D7BEf206e631Fe8e9,QmXVuYqpYCT5JSseV5iP6UgmLCupUedjWTNEz63S9cRhif
0x8666f346df38c7e38430690397935259a3b782a2,288319389880647000000,804,0xFa32ba948F71605F505e8caEBa114b17551f18bB,QmUy2PXDWDvKaXWGevG1LKEYkeZTzJqZXrMi44PDoBUVY4
0xea9aba09189cbcb9545824ac6650f8f075b693f6,799735283300068000000,805,0x2438b9B0656A3dAA7bEC9B6B9D1EbB7B6337be5E,QmcUunm7W4Ekzr8uhCdGT8hy5ws93TAmegRcYjTvK6JG9m
0x3f1a54684bbf27e4b7ac4474f022b782a3a79686,2481342408617240000000,806,0x18c2829019861eD0d8df70012D0EbE00C074C39a,QmeuRd8KaXh1pMYWDfA2sMPyfUerLj8MXtHTTWWzVni1xv
0x0c824dd3516483b011fea03ee376592b6340402b,2452847492366980000000,807,0xE09e85B2c59bb8B93901c1627A39A60F6eECB498,QmdJF4mRfVme2NZemhjjGyAjSn9owgSboyQM4McfoihTru
0xbe782ec98ce7135a056e31300a9831fa35d52865,472451565248389000000000,808,0x2B37e3818F89B767E71bD4dd64C6953177c157cD,QmbzfQ7NKt2bqDMKU77gyWz6SrjSBUY5i6LpByrYA5pJGq
0xd4be1baa6ce343431a37aa77d3d960030d989a71,552476165872483000000,809,0x8170E650Ac216BaE64db1a3128b01AEfb5B22569,QmYntP8VPXMjLX9aFeCSwhPh3Hk2n1JEsUm675L1YpAer8
0xee7e4cd9272a71a893713b0a56c143b5d8c034a3,8880256409689560000000,810,0x21c64B19E5819F84EE32004526Dc8B7DBCdcc7E4,QmSpdbFYEzVeZr6epe9V5yAvAwCCbVLPau2XPH5D2atuQX
0x4f1aac726b8322fab05971f5732f8658ce4b1f75,108439567470590000000000,811,0xEd56581B2a9a7a9179b0DAC82B4149Ad4B629B25,QmNoN2awT6bVGi63qdx6tFexiDrEYxykx3poAZERgLzkTS
0x5ae923e68436d29042c37ddcd037db58abd19032,24489547471005300000000,812,0x09233d42DC792e588b68a6Db92c45F4555EE1D15,Qma2Ady8BDhevEECGz9wULPZbzHZm1uCzdMe5gDp2YEqrR
0x005d545a2eee6e57b1f8baffc97bfc71787f8f92,201764043979170000000,813,0x7DaeA64E316C4898E7Dfd5C1BC45274ddadfe67e,QmUdsijSJpu2gT1sxSuLC1TeHcyCRpHC5zduyutiiYdnNE
0xf1c05dd73e643e40cdedd439e1770432ed6eca6b,461800198087552000000,814,0xf1c05DD73e643e40cDedD439E1770432ED6eCA6B,QmSk6wD8Pnu7rmfuyFJ2sjLucuMBAGh89MK2i6EP4Ht3LR
0x383f554cadc3cf7a7a2c1f649dc947e86d995ef1,388980602040253000000000,815,0x7bE48B6379fE5bfa92048fadF71b59bE5bc071e1,QmaF6EhFRTG6UffVENNFBpRP7zv3wN7pwigNRaTUKab1xr
0xe175c44341736349fcb4c1498eb27d77b96d7bb3,133853946951231000000000,816,0x4574A1e13704DEe4C0b2a2Cd03102d298CCA43B6,QmbzC2BBkdXF8TbbBgSVFc4N4bLsvuHAGFB6WKq4rB6Cnc
0x514a7e9bebdb461a633e412603d2f8b426bc88ad,16656764269411200000000,817,0x979f074756fE5288775c2Ca6AB7fa747C898740D,QmPEEjuqf9EBz3VwyPCoDS9GjnM5aSEJYUbiiz1Bh8cdAa
0x411798e357825f57a842bae53fbbb2d3976639fe,604993857671814000000,818,0xE808bFF3838018503D9132441ceadEDb6c96e61C,QmWWpZuYqWAzYRJjs9nNhKhDQmMs7kxvh3p9QW2RF78iee
0xf72b782cb874ac045b3205984052c1a8bf451157,962387100000000000000,819,0x2964AD193ac1D8A59D18fd53fA11cED777fe1fA5,QmZhVguuWLJQED1LT1whUaAAMtC2CDnjdDyQwU4Dm1qc1b
0xc65f79472282ef74ca4129a360a583c2efaebcfc,564307443252199000000,820,0xa122F5c76068e369578d7943faCf9bB54f023309,QmdGreWNnYzAYj4jz1TqrMMUofDiKTTru7SbU6DbFz8YWY
0x6ba55bfd21895746f86ce2ba2b977f920447d82e,33453157619259700000000,821,0x4B3b7121b3C1D31320075FF8d4f04C66B3479abD,QmdRzdo4Ngdwu3qwbDSbGusf9gwEUok5FXZUtNG796fYDH
0xf4f80fd1bcbf407adfcc17c2f27a4c262bc4a8d2,97664457072393400000,822,0x1aB23520C0d99c422BDeE2ecBA27D179327B05df,QmRGGXreyXNWR4wdJxRPoPS4qAjqkmhgPynW1CuqpjfMmG
0xf8896b3a560d2255d1dbbbee1cec10b032c756a4,3725234840000000000000,823,0xd90f4e4EB1A2fdB9aAB73F2B9E6d9266FC6dFC76,QmfD3CqJwzgPjK1h5GmhhZ7DZjtxMHx6qBSiNhmg5STDNf
0xe4f63f33e9b762246e7abac576f56c9f77fee147,2376768550000000000000,824,0x2526d09e8e8ae642D8999a77338cA187dB4ac1D1,QmXFg9vBCEPmASGZWn8Kic5xqnT7yMbonDnhm51pf5YBC4
0x0fb4240d6b852350bb5cb808e3b24e446f2a01d3,2382421375000000000000,825,0xfCe2DA23fFFaa8B37cfa9Fa5f9cC2D9C94eEEF24,QmbLREZBFCU5C8BvBE14VxpipLd4mXg1YoQp8ubpt51RDS
0xe49ed6c54c34ba69e84bb9c71691e21f69df63db,2374887100000000000000,826,0xdA5b825ef175341dF37b465fA93C53931567Bc92,QmXXYNkPpzspFnKFnCH1KKDqZm5ph8iUvL8dm79iNdT2s7
0xf7e9d94e771b8eb1997ffc018ee33c2ddf2119bc,2374887100000000000000,827,0x443Ea88f8FC437a0d6A9e798EE8a8577d927A48a,QmSoS98Er6WAn8EwcUAFk7A2Zp8P5DCyceWKtknwvvcSTN
0xd19389e34df0c070f34030b18129ec83b5aadecb,2376768550000000000000,828,0xc106857c3D894A275189Ae1C8C841Bd46Cd2ECb0,QmPJuA1NTpcRvb5dLCW8N29QMTgLXHyFkx5YQc6WPTGdtA
0x05d1cdfe9678682b880040ad846fcda747cfae42,2369235970000000000000,829,0x834134398075288F2E87CC8BD2A6687564631d0F,QmTt1meMyZeZboFf32aG8Qn1yAJj9QMV777YG1V3adfXUo
0x5050d3b8a16553a2797aa46c8b658205532d7a9b,2376767420000000000000,830,0xd4c342D20C1836AD091dFF8A85CEcb3B6fd10a47,QmSFG8kF7fSZFMKmwZMLs7QoDs31E7FGmq9MZusCPxo4HM
0x48c9e64ac10db2a1092efd8cf89a101ff0bf83d5,568390000000000000000,831,0x7064543bC3054E9455677801E241FBed4932Fbe5,QmeSUnZqTF9M6hqJJjBR4huPspukjXbdSiwaywb3XJtvtH
0x43824c33a585946ea739c38bc83fee3155ded297,13912401995759600000000,832,0x2DD9DbAb25285294dF4BeA0295bBa9279F974Aa5,QmQAqQzYc6k7BMf5x5eTSMK4BvzuuQvZV4hLPp7PNkLeBm
0xbc3d0b08028bb6a510f214f331deafb6d830ab00,13698940595688700000000,833,0x89c5B8Ef7bc27C552757f8E82C0E590992711DA3,QmXUskqLBszsceg5xyFaZqJeN9bm4zvyQAYKBq7vCaUceU
0x6544c3ede0f63381492b68ac3f790abf6d01e42c,339373730501034000000000,834,0x41fC8261f50DC16667fd66C84e6074A3810bE454,QmTND737HCeizKxxy6GdaT4Eq1G91t3FRMydcLoP7qcU8T
0xa315377102acc6a2add99c0baad2c9012b95b240,259900000000000000000,835,0xe362662E9Bbc4ed1997ca53519553eF7D1CF4b32,QmS6tz9nHDQQjtimizi6RG6huThLGTn8aRxJb4Vi3Pg9qv
0x8e0ab3889492c3d94444b55a21f34f66d9779c64,13995019958864400000000,836,0x9147CE3e725d0aaFd78CB618A381bC81bB9d44f3,QmbqEcZfMJAeRo9bLMSVZRQstU8AzBC2XaJxH1a4HxaSE1
0xd8f6bf24faf972b40b78e740291516386c10f526,14467729735367800000000,837,0x1a3ea51575F075A739f1D0c4bb157A573a2944EF,QmeHb6JPZxT7LcBPKRWCRBGqiTK9J3R2hNR6i64U2MBRa6
0xa567501abf12f401c9e613b6323c43cf29b0f92c,10708113646771600000000,838,0xAB0c41A94dbc6F877E8643FBc94937E761E09D3D,QmVwivjcEg13Cfrw79rPpc3bRvW6NxTTdAbutqmpw9yy9k
0x7e4167a8ac2eb4e3a2cd0ec370cb6b07de216830,5650000000000000,839,0x6BC165e044B2D74cC7e9d83071412BFD1EE2Dd04,QmbsyFTq9Zxu35xGdZ5oWPrPAvPmYpxFLy68vpK3f1ccZg
0x887fa37fc0b96df80be314ea59b7b02b63e8be32,5474234436547620000000,840,0xEA4Fe64a1A1ea14D32918aca91083670716aA6eb,QmXNFd82mxmsQnnN4zEZ7fw5MNg3puKmggdrT6eAWznUbf
0x34b77024c963ae3794f76c46502b6dc60d9d57b8,113787636466150000000,841,0xB54bc2e59fb9C75133F0e8010723a5fEe86A8848,Qmepi5RZhzmXF3qL11BayxwcKNLHTC4p252KM2XcEQSezd
0x56f2c4cb8518d0a4ec749593df574f7597a36140,11988877885356000000000,842,0x202Bd243e5328C08e1B499321142308aeA0C58bD,QmRmLvibMAQvPXguamgD1S7SBPJewj1jKRo1TjTMGZ5Hup
0x4e92e9c4b3e0e32d1d389520341f214c8061aa72,1457954874010180000000,843,0x8Ed1E603763941078c0407544e80c0d09138335f,QmVnjDmADimP6EtH5vTzZBDdFPguhATgvV13U95ZFoSMcB
0x385c1cd65f9d681b60642cf8c1c1ed201f064718,26402730805550900000000,844,0xF87d840852F5388861A879E30045A7Ce3F4DDa4A,QmbTzEbC247ajfrERANfijkshnTsPsRUA6j8fVUkb9pTft
0x7bdd41cd947b1202ce605f5af5f80890abf49ba0,139673036336122000000,845,0x85d95e6dEd15f613f7108f061C566dc0F16A0038,QmdNxdRRoBzNwUaNnfDudEP2RSts8anTwgVZDtHsWfqxP8
0x9a00a353525fcd6f8599cfcd3c2e6895b7b74621,2549449322800620000000,846,0x23B40bc3c85703cb8B4268E96566945633950EC4,QmXdNbQXsC8UVmJg21ejNjy2BPQ97kYCcDfat4rgAJbLX5
0xb3d01d33cd613a24c2890c9cb138224f0f7727e6,10609243105030800000000,847,0xA3A824f7431d7b1D26e9732b30827D45b2cFC9f9,QmQbrpnfYtERs97PCiYvDD58xZVuhZAqg5fWArrATweSY8
0x3a92b4bf4f6528dd12f8b0feb4e91768f65be781,40325000000000000000000,848,0x19f4B4be16dFdF2e76c2e5d0f5b27bD525eb4A37,QmYznEvJjTuM8NVrzSg5kejoGxSF45r987pFGv6FFfNnfH
0x273fdfc4c0b2251c4758b54e1ae9b5b5ee6c4455,12312256050552700000000,849,0x54AE73369A7Ac0cbb0D4fA51017693aAE3C89585,QmX5xo3QMeKD5FwMvQpbpYSnYDxACLCNF5Wy2W9apcRHn2
0xb1a1662c074db8e65863b5f412fcc65471e0742b,2691942222942550000000,850,0x1471E9E3Bf9c6745Fca3d647df1Fd3E06E61c40e,Qmf1NrVzCp4P25bMv21awrTJ9C2Myk5L9n65Dtu6Sh8Bpv
0x978d5a5e2f908a7475b230c3266ba61ccbd9aed8,704776111298741000000,851,0xb91Bdf5317DB2fB235d4D3695d011d4A39bdA9Ba,QmR4SUa1hxsqXbJJhVyzY2VghMTdDm9cyd7GgMKe5JETXj
0x551d9262265f9de3b6b9a29ef13d412ee96e3dcb,26570280856693400000000,852,0xC965b8832cF6b7cdA6FAdb4Cf83aCF8BD703759b,QmXQRnH4zUUnUWtdwjVM9tXhbtVVnroqm4xgHRxj1B7soR
0x4db5dd00731ae3b04e7128d0413dcfe854c8a276,2166176100000000000000,853,0x6FEb22b68CB6Df3893944F1989Ccb0AEBf7970A2,QmZeovGrrefc1CwgrQKYjs8hN1J2FZPWSodZEkU9zsugPr
0xe2a2d9c4ae144b8c66134522a57a994ab4e7e08b,3121130349161240000000,854,0x23a409b9592B08C6906aCA1fa1Cf6b2136a801E6,QmYXXp1KwPWxXjmtYXTrBFAZriAkc6ALpjXwxx8hyzVPD1
0xa9eb95cf5d2f1c5bf0c68bd5cbe863b1fa3ca6cf,272051207091724000000000,855,0x334E5C9F766f3075b98bDad8E2253870dD2b128B,QmPLqpqYEkLEzvRQ5EbFY69Rg5azUiSFmaNAwM97yeqMWz
0x14b8e759e1cdd510522973dcd84edf82dadf57a9,43697019547258500000,856,0x6b366FD19d755b32250316363De7B62069FD87aE,QmXxriB1MgHJ2nd9yCtcDE7Njr3mMQ9Xpii9cE5zwr67ZB
0xf1df09bba5e4440e8a5ae410dd4e199706d23bf4,34034947674919300000,857,0x56FbCB8231B7f813864a6Fd8208425D7cb00FB39,QmRJrAHS8GNuS79nTPLEVqNe3pnxx8SYkR8KgvSYcrNvNN
0xc69801cdba5e5ad2b91084b78856578b33e469db,17446366584912500000000,858,0xdad3ce478983AeDdc92EFaf0Ec643b9d47Bbf1F0,QmPtTEsB6XQKmthXhHM7xG8XhsEXq3QPwPZer58dixxLek
0xba70e40c218534db2d91d86bb317a62cea5c1cac,41859011262628800000,859,0xBbFeB05A5cCb12Ce377D4bF5e6A5cF71A0ee1794,QmUkKMZMp7tFmR5DgnahPLMWdd4YYhpqtP1VyfqkE9c8pA
0x0c9c5f404943180a689670414364c6e9af844c9e,43598399431349500000,860,0x9f6C896Cfa92dBd4B65d0e57193CdFD830fD60BF,Qmc5vcrZUfeme4d312BzAQ74hewjpUQLDQZLPVgEARfbGD
0xa0f129d76120248c5cac0bf91995108e9fbffa8f,30551216359081100000,861,0x708e71119CE4C30DB29D502888f497219B4DF287,QmcWNti8nyNT3XWtNiKJi6jXdMNft8EYftaye2CHbYpUP2
0xfda63aaee492844ab2ced371858d0d478a4887d9,33850006458427800000,862,0x9E3e6E04dA45a635944979a2d386aCDCF5FBa0d5,QmNxKkXSJBQnhyosrxdSw7GBpiZtcfabmd9igrJYdpVWea
0x50be426559e42a249c0ae3254b98f4e34ae4e17d,33531491037407000000,863,0xd27622Fa029F1687100C033eeC0b92dEF67ec762,QmRw58M29ZvwPWpuVk4coxKtJwtJQCeTQcxi9rcwsxBc3v
0x59b7cab462e5725739144c9ba2df896422ee8493,36325313293268200000,864,0x06Aeefe7818904b7fC726F5a79F9Dc96721A0817,QmNVXUGwL6VV8pZXPZaez9vWXgPGMubYNtb1BZ3cPtVL8b
0xdf0d1567e52a3f68ae63a1e436cf6a870bcbbe39,2056811102650820000000,865,0x2DfDE96ca07Db326E4F721efC96071FbFB9E8FE7,QmX5NmeZjeVzDFxhCWKY5miLZBupTkLL1g6aYSJCkSNW8R
0x14eadb7a1fbc99f1d16c10e4295fe28ef795fa8d,354233246859290000000,866,0x4c8Ae1799E128Beb66C8eB2341D4bcF9B925Fe58,QmWZaacTXyv4nviT1XZXZCpGawYErMJEQnhmNhuNX86eGs
0x0f922af2cafad417ab72b83706a87a307fc8f2e9,19259303195454700000,867,0x119647DfDA69f07134E19177b5C8D1b711b81282,QmcP6asDiYoKm6wv3Ued3Wohfx4VuyxdGWWTmAG3DeNPFj
0x9801676c2abc339e5395baafb48b17aebd4f9372,34221591526980300000,868,0x948D08d79AF80C814fc3077450fd34Ae101E29f0,QmeNU68Pg6XHVJo8NPPTjFLDGqSFe71vGsNf8H6zTTvPAA
0x4847704242589b93f52e46e4a824f0eac474edbe,17079788666089800000,869,0xaaC7c318F9D2FaE80199e1E4B4C00Ae499d0d96E,QmZn3Pi3Q3VqQV6jyBptpf7mpijv7gDzvqSLL9hRowuHb6
0x89141bc0cee51f6f9c1e5d093402ce5ab5a4bb00,39582000274668300000,870,0x00010CedAa94656e32bC454CfEfC79BeAb16D71d,QmX9fqqHQdq8h7a8YASv5sv4dxfag1NT8F4MPtcLJvQNfD
0x28eea86d03ac9f020e4539abd350b79550978b26,31015117297748700000,871,0xD8037d0c26Fb1f1C66fD0b32C29973607836B92F,QmZijwgRPLjTRKQZKMPxHnstJtsP6Twrg5mR8s8FHzwDNf
0x4b8d42484d48414f7a3467ddd8fbacad53a010eb,45531246639576200000,872,0xd9C3e4024818F3958623daC57A62EC7D3E720a13,QmTptGyaj6dHeJWKuyomwu5mGRdQr9pfQnN6q5QnN1j58p
0x494531110e5a3dde01725e09fed7165ecb16c626,28318794373687200000,873,0x74C4e4afFB1541Ffd9C44e75d3A898C35C6Afe9A,QmNiCz39VxBfYXCSFjM9u6JhLp6VLBmTZiznYevizhRb8t
0x8aa72b7fe620999f7a784097a1e7de42f225fa70,49210879272704500000,874,0xdFd756AfceD889c0428e0464dB7D8919483EBe58,QmWiP612DY8tVn456JoEkM5Rmyo6DvjfUSCNycCEuVwHib
0xe2c44f05ad18a39e78e24c8caa8f812d47842e31,22807859079972900000,875,0xdff67C4857DB3E77599155D1d5294dc4392A9f8b,QmbV8o2NrYNSfe986Gemqto4niN7kw6LikAKSi285wyrqK
0xb05519ee93df8b9659d81f6db18eb6236483d0be,29180670045628500000,876,0xd7981c9fbD9983931049bBA6CBEB84ff2835FC9e,QmUytCz2CrXyAqrziUriHGe3vCMdn93zVPnthPWZun1CuQ
0xd70b45437d6c87d90929bf35c4fa11af9d17534a,45434494060672900000,877,0x17E0Cf3A1e71eF1D09D2045bF892bA0E77FB06DD,QmRvCoEHrSQeML5AXJXFmeYcvGQTFBNXKaAdFiDqb1Dbux
0x97952a15d277b63cd9093738f31bb6507db197b4,45294824919678000000,878,0x507fabC585676e108E415a11246783037B91D87D,QmZ5MohLrBKCYdwE5oQr9S8d5i21DQcT7pGQej1fN5DSNx
0x827c4243634e99b146c9fc73cf703af5e5d183cc,51932376858397000000000,879,0x6d37063d4449A790f56EC0a6E886e4f503D238AD,QmVrA5LoufJdVZ9hMwQkE9Rq1gYp3UrNyZg53KRCUccBZ5
0x18e650e72a775c9dae4a17aeaf12a7ecc58c4af9,4534337196348210000,880,0xc7465EbE7f6f5be761277c1ca094613d79FbEe8d,QmYGd1P5gCawsjdc6NemXVQo6Sug6eiETPTL1PJLmFDZfp
0x5d8e88ac5751be8054c699ad218bda56cccb5ae7,43706878319919500000,881,0x82329512026d476b043B02d18f147662Ef2e6fD1,QmcfPPi79ahcnxUP24z2XFTWYLMdWuo53vXyzmRScA9HB7
0x399a1f04d6cb5aa37c2929f9c2cf5882cc673ae8,22253918012341300000,882,0xfDfE7e6AB5f034Dbce9F262b32d6F355eB6B8edf,QmZZCLp3HBe6CPm4yAFbbKbKDHHm29Kd3SPEQrhcJXd6Lf
0x430d7d89b37cf053c4ec9be0e728a1c68cbf92ae,17825885848597800000,883,0x004Be3f7a1192d4B38476e990fC5db131240e4B0,QmNnbZnbsmr2mQr76e5gau5bA9pLKhFGCCR58UVp8pHHeC
0xa7ee858b0ddea12fe1552a325f69b1e0f45f5f21,6297837475369910000,884,0x1b322Be95f12fcbFF07e2Ff99b2C9C45404d13C2,QmWEogqWeZFSwv4rKEu51hcTjU2r6AeUGsmEhNXBJcTqRd
0x09b0f2620fd63073c3a1640e36d2e60f32b30972,19552345913279600000,885,0x91bBe6D553F2ff0F89Aa7Ed85660A8B2108602aF,QmNw2En3peh5evCTKgqYJRBkGCkaxAR1ytHsR75N8bAQ1o
0x9d941690744697475eb9b19f3946efcdda4b9b8e,9810401981726170000,886,0x3C5377E6662ca4183f207b9E37A653Ae32aB6104,QmdwtCGHD24aGqwdJYY38AYRbK4ezZtMHckLoeqoCzM84T
0xe2cc06af647a79095a695a041d9244fea7cea8ca,8504899839756230000,887,0x215211B76BBA000728745A4C5565A2Cb0d72965e,Qme1BDEFiALN6GtFu11o1c5nnTXWj9YYaixdVuECAEyWd9
0xba8d0c2c542ebcf964e376b3e5d7a3a92fc424b4,22719971938132400000,888,0x387b3bc10B6E30e03b1858E5E661becA6e11064D,QmYbBSfadicwMbbWmzhioZM1QviPr5Yzr2PZ7ngyPNz8nq
0x87c974f3d39880292e8ceca4887a6fdfe1378e9e,19336414212902600000,889,0x98916c0BdB4BDd8bBD1a596ECc512be4739ea165,QmTqPoJYVkTR7SUvy7UoQSPrePU12MdXgnc6Kt4BWZXQJ9
0x4fb49e917866e0ea4a5a32672daf82ec5d87fe0f,30680325554043300000,890,0x98BAc69E7aCe461C2f1a2DbB5453B5Ef02f48f66,QmXamLx1WEf4fJ3JWrtVSXa5G1rRsdFPnYL5ZKHDPdMoKv
0xbb05d0b838b9e638eead511c9fde81726a887a8a,16381246945496300000,891,0xa7332C34a65FC4b2e165340B0B3a87Bf441c1088,QmeMaUSmbvvtSSafRgxuv2qnnCs8ZXwFSyz1H1yHk6j9EL
0x61ad008ad0789f551f0ee0ad1d37c2c9038b13b6,21957096449144200000,892,0x1A1476B96f194BA0511716476081dADcf4E87DD7,QmSGW9dyqCXQ6Km8d6DGqbkMzuJpAiyDZyHyBiHk2UGBuw
0x7cfd9347dafcd3e213e96607ed926bbd62f31b4d,8304506159929240000,893,0xe06B9351C22186ff9b0313011F0097091d7b835B,QmX3LUMw2N6Ve3iFi66P9tFnX9x2mDderrFkvGWsjEDkmC
0x82d2a82d8435253961a6594e930ac07185cf540e,4660562680115300000,894,0x7515ee0bfd96A0232114BB6c1aCa7c361B6b6362,QmVgepsjEGpVt4nhB1WVcq8fsLTE7iZ3dh4Lo9W17SYyFW
0xb1c6518277faa3855f25a81ba60e8e163faa1090,11888095678317700000,895,0x24AC086E499046dA4b3052cae5f25dfc56bB4427,QmW5BxR6aVqjcgfXHmmryDNkRLUWzHFE6MfokGJsfPreHg
0x5957d4f482f81709cb2ebabc0de8745be85041b1,4978642426218200000,896,0x611422e406374efF3b0C88e6aAF4e687C8F3e5cC,QmNjKRztkqgvVuPaBTjD3mJDREzbYVLWA9oftT7D9hDtwB
0x2552ba4b68f343eba16bfc0ea8bfa97259edfd9a,19308571164073300000,897,0x55d627d01ccfF6D2289c01bd7dEEaeFb2f3ddA8c,QmSFfHXc9Q5cCEjKtVijRKLFydGWfZqwanQhTJvpPJejMW
0x22b7c15b71aaa36c5b7915763cd7996dbada642b,13928671234164000000,898,0x7FDBef4A1c7ef9ca05AEaE79f3Aac141320E9B04,QmQy7jbcLXjohfWtigoxBk4SLi6gGPcpCetTdjrybF4dHE
0x879294b5b444f1ca88f39cdb01c7ebd84f9a87e6,8066804887683750000,899,0x6a8ecDD6434970c320fe9a232f3B26379913200E,QmXxYQRxax8NHcNHHpXhRPERsYDU66kbHPhLtZeCzypy5N
0xad6c1d56515a74fb81461938117800e225e59f90,22807839616695800000,900,0x0c1C3d5003Fa5B7EF6E5Bc345746bbd154d60D4A,QmRbRTqdZD4hVkHSHD3DBBqcSfZi71facYhsVsisVssmhG
0x4d292fad974483f00ad1efd1556e74a5f2501347,5805774791238790000,901,0x0f0CF657639470a5fDfbB2660f470A6b0e467c72,QmXNJPxsE8ffHKWjdZLUm9G4jvPqtNCgpiJJ31BFdGuZrQ
0x6c469037e41b98cbbec25db75b28c46ff5ea61be,6206327760068840000,902,0x19452596ec10beE4b25E4e3AEB2dCb3289a1E341,QmYQLtcQqGanQbwnrJMeENz9K4Bu3Fh5ysUJagCi4jthyt
0xf785b62107d26cc9973fc1f9355e52bdf682ca0c,285922844707577000000,903,0x36F974892e78E91b3E1Ce5d532B658C9Af0e0F33,QmVtrb4MtXctDd9PUU3ntcr2n9w9VaVec83XLxhgnMbdos
0xf7d136c88b93eff4b88768932c7888c97da88dfb,2347123814221500000000,904,0x353D0Ea565a84501E7364a35623b65238A67A374,QmaKfUDz1BAZCFqu2weLqnMy2tYm5zWvLHjzW2PvKqUtrB
0xce58868f49b99dfb35a1bfbcd733dc7b59048060,5911027333029710000,905,0x0be4562f3F83bBD1FAa6E992019dD7E841936Db6,QmQym7WYDeN1aKT3jEVJWQjd8oUDjZLBzXgpgSRugb8jbE
0xf3c0f9ba71a8a164f9216d517ff2fbf569089ca8,9967093629901340000,906,0x8A38CBa7D6882f6Df73D431fa6a3e6e0153b3F00,QmP1iNW9hMChZVkzsSzrYyD28bQuGx5rzpsDabnmxY4K7b
0xb33368571a076a8208a714262e8b3658fb43bf71,11432198883438900000,907,0xBfA9332DeE3524CfB41E1D762406db352d623164,QmUCYoYM6D1eqDNoxv6x9PzKhYy6yy4JVBaXe1yru3VW7v
0x3e740017e14824fc603e08d69ba586a80359b56f,266225392010059000000,908,0xCaC7D79dF7DcC6ffEC7Ef79a5bd5B6314f0A3fF2,QmTfyx1hPohfpwgBAEMX5qaa9fwZaY2uvCVWXt68L9jBNo
0xb6e3633baca360f52d51c88b2a1b00200275e54b,2864965641955490000000,909,0x1739E2907022ADa2ba52E21eC5dfC16a1472603C,QmP8qevctpyTSYrD4c7biDBwvvSQUXBw5rxeTvLkswqxeG
0x4dc23375f99f8002c91c69a57133027fc11f9ba4,5661473945015460000000,910,0x234e5F43F0338D502Dfd7ad2465db24E7961Cb24,QmegshVjMBYStpPunsgww72qmsEz1jyTJPbtSePrqVXk4b
0x1a5420e77c910b14f0ebf26aed25c26b908cb21d,276812389983096000000,911,0x3ae0D15EAADe00E1198250cA0421dc49F5814430,QmYTsftzxn5rMQs5T4EZcVH84KYbaPLkgSgGRKRLY11dJa
0xf9e06cda588fb2f2d8a96efb6b6d49af13020f93,268915664653011000000,912,0x362Ea0B50CAD38eD5c9c43ed981be28752da290F,QmVThBXT6DvVPWatA3crZk1rKqNJtiTEw8KTZ8fHGt94PH
0x53fcbdafd7da701d152c6c7b23437cde759dc93a,464754016255596000000,913,0x5D5EE482569Dc177b20116d5204aeDf35943191D,QmZhCM7uwxJQbVqNnFMYPxu6ga1gYYEnpZWWWkjyzNTkf3
0xa20828d3b102aca429961cf37136919e3eff457d,1365762101383380000000,914,0x49c9863bCfB1F0DDD21aFdc7EB9F70D52BdE6332,QmcWpjggpbSVJxSDWaNjzaVg5Ybgxf69GhxWwPPYGF9bTL
0x2ca6e764b6395c5e69aa6eddc5f6454bff5d8cc3,13024445441851100000000,915,0x2faC9CC0e8997c1d9093daC6628cc05b8a1aEC34,QmXfXDBVquDnTQiX8me3i7cMncN31jNMzdUs4Aqzw23kKD
0x4df600b807681b889f574e43d8cbf139105ca2f1,26029748428405200000000,916,0x5FCAbBA2160B336818F5DB8650795E77cE2e5595,QmRYBj1SBzVfpocyWPQrgtXLFqQLm55xgR1DpehqNkeTAW
0xae53daf17c7525f3b34086dc0a9443f5d81d1907,13221464911121900000000,917,0xA2c2F55222b37133611C5d56779C3acAC7cf9E2f,QmSiSS8CEYeWMLG8kx8Xy566cQoQLUPBK7F29RMFtZvKD1
0x1b378d1c5eb9db696e10b413f506abd4ae19c8c3,287678255912958000000,918,0x276C7bE672E217C4136fd4af612341f1a884340c,QmfFDNQj3n5c5pdmC3ageF9VCMwh1QfFiTcCVfyzGUYQx2
0xe8f3e8c0eda05700fe425dbe3a3a1a9367cecb86,13221714379804600000000,919,0xae8B8b760a4DFC0b3bb80Df9892c7D1a07b666f7,QmbvxdR4LDADN6VjV6zpTnNG6g78yLLe4aCCkrfTR71Jcx
0x0b96940d7409fa9b5e5d86f03c4847ef5b97746b,10000000000000000000000,920,0xDfA36428c597dC78B5eC0546F0230ca4fca59226,QmPj7NuUgfRSUUx9hNYdUXkoKQGrFEGKwCxiv89czYERpF
0xa56f72354af02153426a19f9f2b64f0eb336546c,13289791546142700000000,921,0x1a0223eB8531fe4cEC7c1D53fBeC785FBeB76f1d,QmeFwjNnEBtEuYa1Js59vyy5RDELST7YHpb2rd7jzi7H9r
0xdd95f6323a88ec307e1d5b631faf3832c0a99bcc,13762233737240300000000,922,0x00C3089Be584849f727e295CF81817Ca429100B7,QmUqzSoirTbDxLB2qF5gy9R9WHa6RTVuyzthNFKNRGpBNd
0xa0d983b38cf2fd5f5391f2ef7881876cd7dc9365,27888227562623900000000,923,0xA8A02d7162128E806bAB4dBD8D6E7C678e9D12E3,QmRRYCvaXJc5msRdS6YV1NahGsUeuVN9oR2m5ideCKK9UN
0xb10846c3301e19c389fa520b3240110929402702,13106137818371900000000,924,0x47EdC59F59b2703F165D56C66Dad94BD1dC4462B,Qma1cR6dKsxwejrGVN2x4qazPpP24uzU5Q7GheDxEKL5q9
0xf5b905852e9c9cd5f6857f6f314871760eca7bca,10026195451186500000000,925,0x3CCFd76d96b83E7daa08e64444b190cc8bD975Dd,Qmck3Hwb2rj6XdKqP8c95mK3qvYtX6oppaagCTTZ9WyYLi
0x52e5cab0ede7303c3de191ed04e2d22766df31d0,2500000000000000000000,926,0x494Be7f49b9aFB4220Da8Ea3d1A7E099EFA3D92c,QmUwKfkEm1R6rautEw87E3CTAiZWAynM1T6t5pT7pR5aZU
0xee14f431ea96224239cb429eca3982d6492b9eb3,14794171612545900000000,927,0x0d05825735D76f4542AEab0A18b8Da714C9Be8E2,QmT7Tg5oTv163G2SdBGWBufcMZbV5aVZ3erZRzAMmUjqfk
0x4e6903a8636a902a31e97121664d4ba55d66490e,23935703929653800000000,928,0xD5BC53F560204b537047A3dF1c5Dbef4B4B35E49,QmU9puVbnE23d65EoTXYstT8H5KcubACcRw9iHCgSRH9cc
0x6af28afe58c873579e80d2bd0c6e883401edcecf,14027310147416300000000,929,0x1a6868bbDEFf8eBbc402019717F7552a2eDf483A,QmTaDLxToHCdCnJG5szJEf46Ebfz4r5eZjC8p4q5mQskPV
0x7ac159f266be93e67c24f91caf18a42be711ed12,12437281988550000000000,930,0x7b896aF34f3Ca9aec8DE0cD771b3ed58e87d23Cc,QmNUGuv9SXa84zYQ2fL6pYncUs8Fni3TEHFbaKp7tH6Ghb
0x1c3b1091381eee617fec568d8524b2f7f064cfb8,1118343357436290000000,931,0x3270da7F1c01487589bC7B76730fc35E2eA6Cc2E,QmZXPGtAb3AZgpvnjfYGDBDJQs6cPmy7eiLRpz9aWZxYJh
0xf0a067eaae33f91f4ebb25e123334a1ca8970f3f,31247404763349900000000,932,0xadf8Bc8d562e8f408797fb82C15975373d446D80,Qmbb54r2S9EC3hNrpnmav8FBUCXyYsRJ2jM3gosRaKucxC
0xfcb09bf2635e216b18fda08dadf1f011aa2a287c,7000000000000000000000,933,0x84A3e4aAdcc4D81eE2AF6eBf0fB48D3A71C2Bd46,QmV5fBFUbxkV2z5dwC9b77m4aaEY3rmose8pamqjJRuzT7
0x481b2fe0972f8e9ce15e58753d07d77ea6ad5fb8,462690064440992000000000,934,0x8567a09F26DB7c7DC2148BcF163691DBb0D3808b,QmPdq72QNH3TRw7pWahaBEXFe9jvSEATZaWApXgmgk4Wbf
0x2b9f8654b2b4c56cf8b07249e89fa7c38a76036c,3561852146150360000000,935,0x0692f395c0Fec251032feb6b470E8e11EC9352c4,QmYJRiX5VSq8YzBo9HPzT42Kcee1a9nP72rUbt6UxDG519
0x4f725e7cd53d76af3dde36bd05dd06292a6f3c56,792130000000000000000,936,0x6CB4b766F09a564612238B8d23FF599b60Aa17d1,QmUhuZs6sB83SejRXoXa7Pmt6KXhr9XBSa6XWJpxqTZ4NH
0x322e128453efd91a4c131761d9d535ff6e0ccd90,4599541022993290000000,937,0x2faa6788992B68F4A9F0cFfB2f266f042799618a,QmbM6sCE7VkrbW44axX2BVoTHfiV4xA8o7PRoKoYgDuwYp
0xca2964c50babca62afae92386aba942c78fe90bc,1532231901836460000000,938,0xC04a03069481e5d5C625B21383B8F7188701d34F,QmPKdMBMDKMoSU5Mciox5P3P6N5B1PDn6xMisUxekEx5VN
0xf1ae6201f681d8539ae07b74210b81187374b0be,32736906271161300000000,939,0xC44aE20E191A165dF54D802947712b804a2bC954,QmRDBQExK51ygs4HsJuhAuHbmptAN95RC37NzCvS4TW7Qj
0x131759470ca68a3d88bd14b5a68f35178349048f,131337205745220000000000,940,0xF3Ea5Cc685A47dF7A4C775a6721B1394Ff9E199c,QmbkmzrNMiYMaaz6iFMojB1xxiaBnAUfUZ8wjGH4NERwTr
0x3092adf3da46df094013282f73fbf638fc83b071,1657142328173200000000,941,0xD0d79e0b6C93932Bf617da6C2aCF8E6F8C578D55,QmQvYeYQgDnJvCrZQvN1T4y2iEZcGukHDkgjacXGDuFAAh
0x20d35fa020ab42d3a28dce864fab609e59a45823,1371619300586450000000,942,0x0d4e7C55C34420b39f6baEB6024F03747E999EcE,QmWnnRTtDbo7nMV3XrpYzKQzk6QidykYHuxvqwtbJXQbbC
0xb5f292147793fcb045bd977c97c941cb3fbe28ba,7000000000000000000000,943,0x4eC08510acD6250889CAEFC8B39e132DEB25941b,QmPwY4i8yoRcuMFrkHGVJ6st3w9iGsBSnUB1rAf4zAieCu
0xc75e787218e307bb5e3037bc210892c459fac708,14647326275990100000000,944,0xf195c8BD172fb0b291cD14EC3a3b4627E5a2A0a9,QmXhJwCBkDE6YTyarfsEAPpXLnFtFFDGSqaR1mYAjtARKr
0x8646f32d157de233f0070bd43a9ecb88143b9888,500000000000000000000000,945,0xD59199b4BcF020BdDEcC05c124e5930a26bFAB32,QmdnDjiVLNw173Q8oGgCt9o9DziXR5PBEjXz27DgiXHL2k
0x09bac567d73e8bc701a900d14c90c06644ea0156,19262121722640200000000,946,0x7b55Fb8b2b375B8C543761d1b1C550c58b9a5A17,QmYnCtbXXJEMUQ2KjrMFhMBdzuecd2q7ZYeETESQ4eg7Lu
0x3c734bc75f663304d71da217c216fd9d67912e16,1281807338550990000000,947,0xdE000fb573ff036C762f9AfF31193b0513Eb1294,QmWH45p2GBW354zjFxdbBK6Y7fEMpZsKmpaDWiwkPzaKxe
0xda6235274e7ba8cbdb3367c1a0a5d9a303997789,1320547943605180000000,948,0xf6039b6aaCf360D3eeEe1F6381971E70ed333B66,QmW6sausmues2ndxmp2CMBoFXsdw6WogC4MnKxGfkrtSfX
0xc2fa9583c46f1bf7d09e1c479e2ce1c3861732d7,3261753322597180000000,949,0x3d512801326c3894f0a859D6f8CefdF0786ea9fE,QmfEEh6v5JKm45gGNfwNkVc2fjssZBHTKjTUegZavPvwnd
0x679e48815fe89662c12eb05c7baaca9674973cc0,195625654469338000000000,950,0x4f65c7587e973C13dc11507fb1660b85F6F8F619,QmaAJHqBF9GLo624TXb3zhqnBgfce2mq3qh61uV52C6V9b
0xbebe4edad8fd9e7c3d7c14ced49f5383e1975943,3191584973700910000000,951,0x0EA772aCf098e8e18F7B3EBE84A0eE8BB5390699,Qmd85XWvZRkHvpgW5DMic2Fjo3daZvE1pLtek6PjW7fDSo
0xe76183d03fcad988f74a2645c122b06b467f6649,1461412168648140000000,952,0x3845f6BED455AcfF36faa135EdD0758e652EFBF3,QmTcBfc61X43t4VUNLpkeEXQ5rMuQ5DoEmFGLyGCUJCvU9
0x7d66f6c12604d7a199d44114d2ca435386a8272d,4754496549926930000000,953,0xA963E4DBF208F60303bC7fB1A2bc3d6F3D6D6C8c,QmYqTPhALgAbAvoAL6YHEeuBEE8HkDPyp6fNo4xDszFnPp
0xca82208f0d0b12dfeece333e5d05b80f56604fc4,523747285820412000000,954,0x0Fc91D7C0ebC91c8c73f409671Af1da56f692568,QmaK9VDLskWKHmTxKDLo48o6b2zcNd2beU7j5dD8mJFH4s
0xe9369560a730f5a3510c2c9fc63d7ea773d390a0,10170000000000000000,955,0x8Da9Ff2f3943a870BB6CB9931C850a1D19B2c01C,QmTwkugFbu9Mmr7UN4M1F2dz2yTJpg95jULCUGSNwwcgGr
0xeb7846ad58fbdac651830d5370a94488c06f282d,1656830230000000000000,956,0xCe1915FCd00dd162a3A958875313c6497d304D66,QmZ3BSjeUmFQkbzRfV8hiu9uGLn1uY7gexbwbYBBLE1Brn
0xfded2df82e49661f57e788f0689fcc0bd31c3464,719508871669365000000,957,0x4FeEb3c386b3193E5422Ba38CbDd02C7FA94F3DB,QmUxwngdQfjuhxAuKasKYyD2ZAjKJXJc58dS8vZg7ctQtG
0xecf5e76947dfb0fe0b23c04e1f3112dd636d1ae7,22344310881996600000000,958,0xa48449aFd8F09c8a86E8629b003a2cb40930b97d,QmZTV5w31M1oRgqmchLnEZwW1JzJqBE5JitLTRsTgFSwku
0xc19ed1fa9fa3968fe12e97aa4d511ab6bce1320f,21998309240181300000000,959,0x9F9A35b67973DAAeE5055f2ca2b58F7377274Da4,QmVxdd2rRtcpi78yiAhND74oFVRUC6HuXYHLxyXCBLef58
0xc2bf1de8ea815eb7b39087b72fdca3079cabd877,3207368162980530000000,960,0x13e4128E9d56b4fA9ba4a5E646C36fc3eeA70491,QmVm7DoBaxVoV7VSkYU9mwGjozJBwLPRGBUoKREYrpHv3Z
0xc16958cc973b527d50b784c8aca29c0f20c78377,189628625174612000000,961,0x3986B9F2A676F4a2b3BF068c9FeEd5d3FBc80989,QmTLQtE2zMfi5eqKzD5XJ6RTEtohm86tyDtDmWEDPcLP7V
0x7883f39c6c0f7a349c7e54f1a20c015dcece2056,20014838594693500000000,962,0x1361e35D241996995F7B5CD7A1044669ab697cBa,QmQxfgmSnYHmm4mUsUcPa3pDGGym7vL7qVtpjgk44wYWtW
0xb20f2c187e606c025e3abcef7c12774cc98e3250,598116456580042000000,963,0xD9170F0543cC52Ef2CC26232a42DB64fc2258842,QmRMkMKcreYiMBNcFNpPRYZb9mb82HgsK95cQrrDEbhTfM
0xcdc5b46fe8f802bbf31e396338da78a0770e1d86,1130000000000000000,964,0x4e0Ce35E12228644C1A75BC2601DD607DfbdF2A5,QmWvGSkHEZAotnxXn2eh9cZYxcmgP4KsgSjVYQPiZaZJUL
0x725cad3a27145654ccd2f26c32ee1ecbd462f198,304594333262673000000,965,0x16bCc6Eac7063ace1E19B40455BFE165CB262bfD,QmQ4JFUjPHbyKu6cXHfNUJX1God5aNS7ayfpwUQQmLo52Z
0x467057739b5d969a2435cc336b15219152c63ee6,313882628938757000000,966,0x3DD7127BE8899095771626eD1d13ef0cD785Ff1B,QmWj6qRLkzq8sWMMvpjwPauUZRtkmyNpLvcBGQ3j1g1MyQ
0xbbc1ca5ae020ef698d5bf97c580eee8e951319f1,305691043946200000000,967,0x5A64f07Ca1627a8AfE61915c217Df2F080D294bd,QmXUzoyjNpANsMAQUH9wL1opdTe5cSVHy7yTdJWDWa4Ki8
0x364d608b25b24b7a8011a7cd6a9b7f230d2d6949,566893740120136000000,968,0x21C90cBBEC3504d96C60209FF8CB4494Fb6Dc4ed,Qmd8RboZHVgnWVUnR1UfLqZ4WYckaax8Y48DcEppVVYaaG
0xe0e4b9e563a4f1a878ef71f0bbbba327677ead24,605674191118158000000,969,0x6215740D5142AC7f703C4c66605d8b06faaEfdf7,QmZu6DuBYGZnmAAEcxzfx8PPmPFLS6Yw3YeKtXC5V1MUER
0xe5d9d0fa5779b7ebde19e8265d7f25e9a01b2dce,11359094270358600000000,970,0x44F51924169eFBe46049005f267D53b3F593E088,QmX3FHSgfN6hW9aTSULT7ntJamdHiJSKDttttSad9bkFFT
0x02449b9afb223c8f4ac24432ae7ed07ac5080881,581525212776277000000,971,0x9C1a44622F9D89dF225535e41413DA5143183Ec5,QmWeVeiaeyZiT2CT9ecjqHGUoNDBAu7LXvLHEwJUKr5YHR
0x61a91f236a58bd09ee7d66305e60a85f628fa0cf,9313985425604660000000,972,0x949bc0750D3b4B37909D6131ca37cB7E501EE064,QmWQYnhYmC1gJk6LVqEtwbLM5CX1tnh3CXthWDUUB5xhsX
0x0c18cc3c5851802abef52e10118c2ad6f391bf7a,7500000000000000000000,973,0xd22e0D2A93d7ca1B48Af6CE950260C5Da6581F93,QmeW5DKTGa13PL5QsEUtH9PmJ7uU93BSWyWppLPgayU3Mm
0xd6a9228c5bc7773f0fa1eb0e097b293d00233654,4187389058199990000000,974,0x753d828a425C92a02619A021591b4B3Cc1b05832,QmYaMT2mPguGQUCfr1vEN34HZdMXwEUgTh8pqAnDaki7ZQ
0x9f263068d72c2e5bc05cf8c54bdb9cda932eef32,1497250000000000000000,975,0x45F5FCa5b632920C69a47ab140F3A86eB7De4d8C,Qmf9aeAeSGqBt72JaoVkbskMXBgk7dznvpN8BQpPBu5hNo
0x4a4c8e15ccc184e9eff2cbbbbb06ebc2571fe6f0,596527000000000000000,976,0x3cF7D85C9ec1f522caa3391a80468FB695674bE7,QmeLfFPsjUC2zDnxmMCyLvTQEYnmtPB7ozr1meajMxVMok
0xde8541c907e189d339e1e0e2e2a6401d1d6baed1,2327802283394390000000,977,0x3a74AA46Cf0039782530B7b6B3f120B45BCc1c12,QmaRhhTnMuoHGWFML6sp8wdZfhSHtaw7S6hyMWQtXqgweX
0x4b570c1f0186df6190b3013f6f72a9476c17e8c9,159099597388581000000,978,0x40252dF49e4bC14d69F7859C200CA2D10bf21F67,QmQ8xQmNaSrbL5hU5pYWZQvnwbEDKYanQFkyLSbyTgcY4B
0x635a03f2f7f61b1b4b0f22fe07ea9d27bee31744,38420000000000000000,979,0xc6040aa074E5a595C9B927230AF4208a84434D36,Qmc3SUG9BUS2smWqiE3nrNZ6W4cRzdASR12iEH4Cni2nvC
0x829b87c820d931b6eebc2f046b023c3864afb6df,249131031903036000000,980,0x21cf9d3E27462c6BA0C65F8873b489e08B0907D8,QmRoYYASuECRawK5P4CFcjKTzq47eZCsB3Xjn5eXrsvWnQ
0x4624d4ded1e8089be5db22e5c7bc07a59c7af85b,258848817968997000000,981,0x5d34Db0dc1487Dcf3809ED84c5a7d3F62053250f,QmfVEDdb7xx12eBdugSjD9PunmvX6o7YKpre5Ku7M5ffFi
0x7a6474146639853b40a6bfd0c0af902cf933f3ae,111771437646484000000,982,0xC57218Cfe2163C28fbdC8d0F296BE2A36E65C5F3,QmTZL1Ajvt9GWw3eJyhgz6ZoJFksDBGzvvmhkYK9AhsUaL
0xb609099b6bbab96b126d2542a8d521d6ecf448f0,14598677991870700000000,983,0x8B10fcA7cA51ceF24673b87e113d544A0f98EEA4,QmSoFRZFMQPjyTBVVbG4zQyCSWV9G5qxAFwo8wfpqKDLLG
0x0e1a259e93aeb0c3b789fbe1bc363d6e01f83e4b,3860671705797000000000000,984,0x3F99D067f2ed7e5A8C71B29120bDCaeAD194ABa2,QmWuLt2KtjHS7twvRMTEsmrn9Pm9iKJm1JnXVoCBQbA5tE
0xbc5873598daa239772f89cd5bbdb13a9dd1eeb88,14420267480141200000000,985,0x2864c71c8d6AAb96ec82676582f1651E92E84EC7,QmQodFqAxzmeVhESE96ay67tQwYCqfaZWSZ7hFG8FQF9CA
0xa8f8ce7f66e2b46000e1ccd63cf074717468f461,627898267229796000000,986,0x431f1dF3e8bF4C5A266F6A105c1269baEE5C7846,QmdisBxdBTKKUjmYafp5aMdg7wcTNwZ1Hj2Y8YXcVsuify
0x306f2adeaa4cce9fe5f21177c936524c089a67a4,943948597131798000000,987,0x81Bdb54a5c161DD8e830C87eb79538701CCA70Ea,QmZr62rux5A5nyECoUhVcr9k9bSQk5dR48gqG1RaYW8XP2
0x578dc56ab5163526b674b4e275388e577d32f285,8888501547131730000000,988,0x3d17B10352501F614c6B37BF36a9D29F566A1e62,QmYxjw4NJ8xZXbJ56LJeniZHyNGafsxoK9gp6qW84KYfuB
0xc37f5dc79705a93a9e005bdb60b0d86a3e6245ed,863083452745246000000,989,0xA2bE817C294d449B00C466dDe04618b6C68CDF44,QmTsS76X1f6YVmjGA7xkfTjjTYYdd4E7L42SMnhtyFaQST
0x97bad317387f33f8ca8a29da4824387ce5a74b43,12504024803466800000000,990,0xCb4B8Fef11846cd0F7E01D6CDA1650051F3231fb,QmVo7Aqr2D6eFkRab1CvWyCfR4o1S12X2hthqpmy6QHdb3
0xeb126e5cfefd3459e3de587c740138cc58bec0d7,331202985452041000000,991,0xE9C0bF2D8be91814d419b132b1630A129e1850dE,QmPQSQybse2AF1qq79wCZokG47F19mwxo1atwmfoE3SrSE
0x9cd75894548a8969e924f0b3af6bf8dc27612b71,81942098811004200000000,992,0xA3eD937cAE36882B61dfeF422E41147e82cac50d,QmdMYfe1RdB72m25HhGVLWzTNkWhvsgeP5FHn1Fy22B1Nz
0x1146711a144045d3da4bc3fe82dfd7926074e838,1251765154996180000000,993,0x4aeB4fB77F110bB0e31c240ED7df8EEB4D1D401b,QmRV5SZxz4PMBPJ4stdeQRfUX9zAdpFC5nJs9RmuLuSHaa
0x5ef664d835792823c41b69c74a880f580702a446,1262397750556830000000,994,0xb7F1713D59BaBeE57bCf1D1CB86a79D68c0cB4FA,QmesMhbVBbfMjp66rZyCimsXJ9dyTwQymmVrbY7xjLkWd3
0x37e88fd44e5695fe38d0ebc3fdb9e8a97c82923a,1290382782123990000000,995,0x9e1c96470D36905BCaABa659f1DaeE63DA42c45E,QmascNAxWCvkXgsNnLTJigT87epM4zifXgwH5Ei8g8gB3V
0x08b746d26f050e18247b32c72cc4e50de8a22402,8164488148740150000000,996,0x5A11cf42DA251682081E15124bD6424De3F50aF9,QmXEqqu6C5AYPRVVZFAxZzXrMuQhBqVR1b8JU15haTZQpU
0x3f6c7fde65cd44627bb2452440af6843082ce9a9,7000000000000000000000,997,0x506091492Df857D3f0290A3a8A5381b582985bf1,QmPuzHdrGSFCYqY6c5MULM3kwHWPEJti6hDKUDX6i3PRX3
0x3a20ae4f8de8fc9a119ba08bdaa050009edb7302,1062996299874020000000,998,0xc408625332af779a733E0aa902c9F7Cbf3Ea0b2d,Qmbxb5wD4op32gCAYXvZefMiFhaAuMR4pRhEitucPHXTgZ
0xce88d5f09e863ecfabc417a962ffb4854f393c89,2265655453380090000000,999,0x6db307c5cBb8b40689dF7BacE25F34130eE611A2,QmTq1MS9izdsiSAvuoDdBN8pWovYRw7oab7ja12ZPzf9ve
0x310850102e7bacc12d89fabbd6768eba9e08cd10,24911496406976600000000,1000,0x32002CE242e9Aa13b9AA25E58A6a1e75A25da180,QmQngDwTDzRvup3JBWrvF2yyVT1ZyMbo8fhqbdG97gjBaS
0x9bf9dd190f2a91c87af76621a1e1e6b49906b6ca,23898299136271900000000,1001,0xc04D1a063914352ED45F3b40FFf08142421a0C24,QmSdZx2Kg2EXHSqMWiitJGpTUtoKKZcg4hjesvkj3akWtq
0x36e85f33b6f6f6f0fa4e17b972530248a1c613db,16032062367828300000000,1002,0x1CddE2D8dBf3Ae281A625B07f88a61A3BAFEe485,QmeYaoZwygSs4bUxVvYtFMW3sAaehjhHD7o2LZBW9LHWbt
0xee597ec35edd33af936a27da631c223bae6146bf,1000000000000000000000,1003,0x17b97066559014aB4fd187F353D4c8bC08c96313,QmeeMC8iApxdSVgrZ97X89fzzgXf1Yc2Z5ZomCXpt2GgFz
0xa9be8afc2255bff5cbf3956f8ee33a2186891a50,15910670473397600000000,1004,0x9a685c266BB032e57738CFB2d3854487058D6371,QmW7E86vTdzEC5KLfPfSh3RqYWYjaE7iD5WZK4ENTuZYEi
0x0f31d4ce252f8b7d45ff695cce79db8e732a0736,5650000000000000000,1005,0x55112d32feD3fED905EF7f4ce7D29887E69BeFA5,Qmeuxf4JqcmZwXEZRWN68yQCTZWKMYhWepHqYtAyLkEazs
0xe8758bf29d41e99f010a756fb843cecb12917bab,15820000000000000000,1006,0xAC3D7dCA5EcB9E1eaBC7ECB7b80bb781f61AAc5A,QmXoWN5uQs45DKdpUjPMMiyyZCJY1u6jV7gokrTy7mHwH1
0xa7b98ff47722fa7faecfd84e98cdc53e4f472710,2601384300000000000000,1007,0x0F196A2FCbb04f4BBFadce7663D5337d0270062D,QmUxYUeu4qGMerCMfy7UYLA8bsMqaMTycw8wkqrRQH9Hw1
0x02aed212b3317ee947cf8e0f2f0e525d6f979b69,15274750000000000000000,1008,0x4E8Dd945eFEa332Be423A1A9492E0b8B7c27B8e2,QmWD4RSkTwbaywnHypCcK1h4a1Wfe2zafZgoT9t6TU3hjz
0x19ffc4978ee7c1760969cd7305e3786277f41d89,2691660000000000000000,1009,0x21d8a74EE735f44D58812eaBF06Ced62F0917B67,QmW3VTkGZKj9Xw4vGi6rSWeYnuAnvkXvgrz6MpRR1DCvap
0xd23939a2995e56723c542a5b3d3051a0a80d4dbe,1023516773035170000000,1010,0x9816a6F0F617e309b76153b5011dFFd03281089e,QmNbHKYqGZk8a4NPsLN1k6CDHK6jHmFdmYAjtq357FAaYL
0xf6934c96326f2057c52af635acce63a859311e58,13919015791855700000,1011,0x361F83Ad11A99aD59C99034f0c663abd250d1De7,QmThJUKwgeHF5jgZFN8jSKyMoo6vLXkLG3dLKcmWayirxk
0x9bfb3a539d29ad81491daba7bbeb0f9225c16036,19346207141046100000,1012,0x3F624d51eB5a5615A7Dd23E5461bf436CaBBa11E,QmNq6EyFyhh2PW8Ef48eV34EREFPVGdLScFLUnjt8qRXJd
0xbdd6779db60792dd346f84df544178175aeb0c7e,13922733564953000000,1013,0x62205e522CB9143C2f2b32FEa00887C50e18eF63,Qmbp2QyyQkdcwRZX8Pn9Gie8MABrWL291JUSHzHm3FoeiE
0x64d6c3865f2350e8cb36d98353ed8b65878d989b,4282190208938540000,1014,0xb26DE6eA7DF331B49596dbaFf7fdb068e3BF3D96,QmS38ERyUhrNPyjnJw6dqn7ZWBtSsvgdmhHku5gHFf7Mhr
0x48c30caa7d912e2dd7c056c1fd481192060e6a4c,42000836659473800000,1015,0x74eDb2889719fcCc952F613A323649608f2ad0b9,Qmcb83LAuiZjqZqA1iWZiwyBaQYmLmbDYuaJfYKnoZn3Dd
0xa7e372864488d7493ffe07a259783a69e93608a6,34555618345403200000,1016,0xC275aCb2d264DDa6f88481e419fBDcb9bcaff192,QmaHDQ2xtkDv6vjWo8Nm94NTf9TcA6SQgJizT1erCcwy5Q
0x26d99545ad35b87cd32e2cb772898f78c9c53779,11585576979936300000,1017,0x2F1b2aA35BE7df9aF9491eBE03f33e6a86DB6D22,QmQpDb8aSFs21cyddo3UPtUtdeEFjXK6unipizcM6dkTCU
0x411fe595a573fe7f82a960c28f86e84e720acba7,11454980589972700000,1018,0x61F5CD6B5F129fF17fBF0C596EE05C30cCDf4ca7,QmUuNXy274yJSq2hUZgBRVpPRxVyUq9dMnuaAAoj827KzH
0x7c2461a9f45282dec121fb468cac00f72337fb14,592994469854968000000,1019,0x841259C300EC0B4B0a1F21824Aff6267AcBFFd9b,QmTaXB1krYmfR8cCSEmV92dqZLoK4D3D9VMWe7mCXe53Z3
0x428be6ddfa627a671beeee0102399ff476683791,208206406135350000000000,1020,0xaD27dc4Cb16e6025994D761a051165d351C08f88,QmZTdkDQTwdjzeG2JRNBSVcJ3UWH67b5GsUQRkssX3SFdC
0x8b02221954f11ec2f0685fbafbe70dbda587b624,132237429693403000000000,1021,0xb6C41530C6a002a0B74A124F9609C7ce671B2D27,QmfFvbsBowYRA4Rre6DxikQZvuzgUCmin3PXq998SXxdPg
0x2e05d8d2e4b8ea5b0a5b19d87a218ba150400a5d,22600000028409800000,1022,0x71C2E3151fAe5cCa9EBA1820a7FE9FD657C17308,QmX7qouBZMXSgiCg914LYKBPmYBNbds5ZuUNXQv4e5aS8N
0xfd57084561d29ef194c6db8c2fe4908a11ee3c97,4992336878160980000000,1023,0x4A7C928a0eD417c9fca489541142C8801434FfBA,QmStNVznmT8kDDPhRhoYhjgdVTS6L4x5Q1myCBuxQ7bxi7
0x0900c95b9ae08b88d81f8089b08097d223a9b5df,1858595174745700000000,1024,0xA5f28D3065B68C0C3E38e428ABE69ADbdd72fc24,QmSQQT8CabBvmDPdUsZMTiathJecudhKx3awwp1NC36ktw
0xa6a2ad1320cec227f24f404fccc120b71b41757d,50001982892450000000000,1025,0x2321c9e0d67Fd97C5739dFB155808f6Bc4B30bfF,QmZ1513fPQJ4PiK7dTDBCjV3MidxZUgXdNTFQPpxsVjHWT
0xcaac6067d9a42d58195e5f1247993a5b43a400f4,13837572401033500000,1026,0x5a48a3e07305312f9Bf20A8b835E8513A866c98f,QmfMNokM4hnT2KnVsQ4jsUj5wx8yd6xW9nmNEnxM3QnwLb
0x6c3c301bb3af46c86205844c7ad9ef8bd6593baf,50006024792856100000000,1027,0xa1e943742455575937b154b86dCA52Bd2cC7aE7c,QmUx5Eg6ndecmhMbLxUKwF9Ssge68YLtbCpKAZ3GkBaDoT
0x109fdcbdcc49a2017459b4d5d39e885d18e96207,4080897107217160000000,1028,0xD1a045d5e3Fc9a5FC16A26dc383E59436245fe9e,QmY6VbiHas9T5jgju9kpa1ipvPxnscgN8JHZTPpacLjiyf
0x4a702395817f2a51ed45b4f3ebe6bfb3bfe41c76,530685839070390000000,1029,0x36f52f66e8Aa2F5AF56F7cDeeDb0815E3ca1d137,QmTPYZeSxtysf4kXyEDVjXefdrPVwWBXvxyG8KtS48maeU
0x33142e616f37b1eebdc46ccbb3fad03dd3dd1c84,4271120640882010000000,1030,0xd30b7E65B00A986266ED536032AE9b9D99c7f625,QmdjMNzxTbSMhDn2Dg17Dw62XgP1G8Pa46ZNij38F9HbaU
0x322b8188acd4aea04bb79ec0ced9d95dfdc01942,214700000000000000000,1031,0xC9bE051012f549eC8349A2B68A0139386d6d3a98,QmY47JFxUZx1wP2H129Uvcc2KSRSvjezzHkXuy3L2ENKQ1
0x089d7854d3add52873e9217486c6bc0a80698e24,1192150000000000000000,1032,0xDf161270B940a79A973d19207bebbFA74089EA5d,QmPohz3ZWuFNaBuZYEpbndzfkqKDHALSvJ72AkzGvvzyPc
0x1e006b8c762f0b4136744095dffdb8941112411a,4620420284341620000000,1033,0x42E8a1eB719d6A931CD24d09714eEB0863dd53B5,QmWZGA4XJ5UQCMVYSLZpjHDRrkXSAsMAcxbkMi3TG8uFNm
0xfe1dad74cae5532f1e1469320d5daa9d70377e1a,3569579683664470000000,1034,0x654Bb9a7273DF694b688D1b37af5fC90e46f7170,QmVxSDH8as2MBR5nMZ6tAsthdHZfEZx6ig8LLxnX6CG3CY
0xa15e5586cce9086d7e9ee16e878edffdbe79b62c,127037566798672000000,1035,0xE65831721dAA3A98EDfE47Ea2cc0Bc6762Cd3311,QmfWnxvx671S6d1tnSzdbVyfnaRxfHsGZMPXCJM8iMyUn4
0xfb33f1e0013513704dbcfbd2e73e9d4ee2f92908,4520505436768090000000,1036,0xd2DD86f68465B2Ed348aEf4c25C569B82964fC04,QmRUnKctXxea8QcBRwk8viuPY9U8Kh7VxuU9n1HNrB8taf
0x07e2fdce7f6340d8e07e71ff164ab93cbd13a98f,4668352730068860000000,1037,0x2E12e12547288482C4fdb773B77dc90c1bDAd9D6,QmRQQn3uezQDPLw9NkMwT615XazCdZ2HG29LcrH4528N7A
0xa86f4e6586987ebf9005c82301c5f48c73882cf1,3729001883333330000000,1038,0xb44fa98AAa5984646bC8A6CDc83194ef94f9E82B,QmRBdYQMggN3AkoRDexnr4sgfJfwoy5Dq9kQBXkLdszf5d
0x23d31a5750cb33effc81a67df4b34d98d4ec4d68,68394483431854700000000,1039,0xA26f1F0C78973bBB30aC2eEdf5ad106506f9aE21,QmRJpEkRpRJbcPsKnoceYDGBezCKyNG44edSL6hYKUQ5oZ
0x078484c97313b98fdbf144405ff044c5b7a96fbc,134003531333977000000,1040,0xb86Fd8d8a436661E839Fc15A2B13cE8F0c1Ea2F2,QmegX5qheLPT9wnti21s998WWfaYFxdu7Jd9SVFoA8zydQ
0xae4d9a67d24832613f277e08e25342c227184fb7,119478130412021000000,1041,0x9A9549035F0F8dD8a45c2D969AEDA0f68132989b,QmaCyJrprUhVTZB65ofdYn54nzZ2d4XTpcRUMgehoXSnsX
0x22daa9dcef3e0e5c6a5e69ce82cae7451ada40a0,250000000000000000000000,1042,0x6454987226b50A745dc6a2Fa990aF300Cc24235f,QmX9f3iKhE9Ygaya1MXSxCAYxipRjaW7e6syX7tyuj1dhT
0x1c578c29ec4c9267156112df394312a4e00cf79b,467184105899783000000000,1043,0xe75152eeeF5c7E1d58ad0A2c2FCb3d8795031533,Qmef1RcLpN3jCFq9sb4erHB3xFRNLggJvFxas5mLNHE9mp
0x5590bbe1c513f9f5c3787eb80cccb8b13873bfe6,2627440503345050000000,1044,0x02CC8AFDF4Af2035629dCb01840d17FdF47CbDDa,QmYr7wSd96vEMgK2tucKHbvjfK9LGbC8XZqHPAtQMbpfpb
0xb5e0c5a26ed9cd9c1684fbb1138d5952c53349f8,19549664622980600000000,1045,0xAC5c9775360A6bE39e9fD524f8F6D16E09D5963C,QmS7nrtiHzC2JPfFnvXU73XaWNL3RwTi6vGvrjJ3xENrGQ
0x5baa688ddffa6b0cff959a8fa06671ceba330a20,39565967842434900000000,1046,0x2A8D15C63712D31341e613036009Dd8520872039,Qmd5YfYvX8EL2jLdxN7dZUA2zKJ7LoU2oo6ww8aUfLKiWU
0x7496f952fad9fd32f63ab481aee51e1493e1ccf6,1565542994116730000000,1047,0xc7d159Ac74086E205ad035c6De3e280fa1c6C52b,QmRM5MasAkP2iYTewp679z8T4K9wbWbWgArHBrYJFS3dEM
0xfe3c6993920ac33ba28378a9f92e18de52795117,3404000000000000000000,1048,0xc8C9Bb95d6e20E27Bf3c04E4c4DE099E36CA01CC,QmXrqiGXRvEZUoJwffoyQyb7k8QHM1CidnkinQzNxiBNYS
0x1c618597257694e85134d809d3feb09bc4aec747,16361611559580200000000,1049,0xC4be72281923A6a45D4D0765753A7B78e3871a1e,QmPFLqnSTX13mQ6tmmzYa5tuELwtrynCX9cpqqUHkXuW9U
0x04631d0e8b1a7efb9470f81e512eaf0d7dfb9eb8,5438904603035830000000,1050,0x0b7726daE2998f207e1bE6a6701FBF2FAD4c6281,QmS1RJGHfVsBZ3P6Zu2gAK2KF8HPhvBEWbFxnFsi7XfBD3
0x942a79202a94222819466594d6a0854cfea082cb,7462500000000000000000,1051,0xb207590bF84593CB600f31cdaf1c9392b43871Ec,QmYHwUd3U82pXtZjAV52ch6j8LGpByL2QtDFHmfrYM36f5
0xa99c3c45062a6c68999a8f11d6d7d2c2fecd66c7,777725888954016000000,1052,0xB70Fe379E40c82D8Dc495101a1437f82bd5ECeDb,QmVqmfP6vCC4gs5ZLgJYHERFP3X2YRm1MGrf19LAdYX3jp
0xeb129015e51ee819e2a765b8dae3b76d13fae3ee,2499900396925000000000,1053,0x68dC03D51e3eA7ebf88B99b2447DCE381C61eC1C,QmdJQtWn2pGjMuGcSmyrpPJMeJRjrnNS75XMbGbALbYD9x
0x528935b9889780e8ffe3b3abfb614d31718d9965,105127584374726000000000,1054,0xF9C63B5070d673D0F54a745E226A9D17642cACd5,QmdXQ4T5yVXVbtWPQDQUkME7SPQTY3X3o2PmJdJLQweoqQ
0x2beaab4e2774e2bf25d31dd4b36c725ef91c0e92,269663200000000000000,1055,0x3B8494dC3E72d70FD27a9ccF567E79b0784a2D20,QmTZwF9G87vdkkor4gQ2bbF9XwDLqzS6Qwx5SGRsNKmmWn
0xe4b32bcef3154f9d3d882ee8e1136b4ef28c47bd,25928695828821800000000,1056,0x911887e58404fB4F405750068c85Bc219d924703,QmeJrfQWNHBtg3TZmo9vhRqoo7CWBpFYYXenYvc3JuMJbp
0x239a9c2e1a96fb1b8a522bbd222426e7211f9bc2,4360103608043080000000,1057,0x1f0Fe566698431bef33910a35375EDA8536627c8,QmPH91zo2Q79mVpjEnpHWfkqGrxQ5a9o3H5hxYFeFZcRhG
0xeb74c6e3c046e16190dfefb7d3cba84db5790cc4,35000000000000000000000,1058,0x85840E2722927247d6692Fd37C2E9d5427360d05,QmWY8KfqZfZZpaMVrfn1HgrzqUovhB9jfxBcLAF93V9CGF
0x94625be060d1e09698c616a5808efb083c769166,34999375000000000000000,1059,0x3296fAdf2661cdF1F6dAF311Dd6A79987CfBC718,QmcCiADzMTvMioGM2vf9DntpkU1VfhfeCSoZrsQJ1Bs3Qa
0x099ea5192cb4470f94ea5d52535363223599450b,1771287681481440000000,1060,0xD34a6f77b969902F6177625dd6Fb880699236ba3,QmSu3q4BXtKvLBgTMPKr9iwjNMEXLLG2Y5Hs7xBfWeKaHb
0x416a29d1e4ef38e4e1c1f48fa101e7fa7fcb65fe,73161066578684600000000,1061,0x38AA658F633F62230685e7986039d053e1BE13a9,QmPhsKDjWPJYxhzf4twptR3oepd2iQFVNPpcP3exaYjmHA
0xce0fb36a3529f6768ccbeca894c9900a7ce7b8c9,5075401277375880000000,1062,0xb83d6c9b160816e30Ad9489cE72Fe0842969E590,QmfDG7m2d7S4wx7LWciVn6ipoNoDMfYWuJwsT6fCLg1oRs
0x11c4820c6869d43f3b49b7eb49dc6c09eed12cab,32334428053014300000000,1063,0xb762c1B130593A1c567c430B7Fca23D86085b4A3,QmXF4fMtGuMWJR7EbnSdDrybQvi9MbxHr3pgFuiopn3W8h
0x5d9bdba5896d17315579862392bde5f56b6d2629,644803218083520000000,1064,0x9CfBe26567F90735E0562600538bD415311feC45,QmQjqJz1dXMwt2vZtrmBVcwxd6ckh6CRFr3KwWNYzZyQEE
0xe8c8ea20a7c47dd979947f1a6229ff9ac68febd3,17625880066205400000000,1065,0xF7c82eC00D6b080Ee5cB1562476f94B34D30e53D,QmTe2fmq7oeUCFH7EDKNSNjW1JVRr3bFTSL6vhTba3pAAA
0x4c5a9965c5de8662cd743beb40dc3f4bb0eca864,72320000000000000000,1066,0x043E6D5a52a3CF99feAeCC997e83a109e365B2E0,Qmbw1q8wf2Ab7LM7JeSHeFSMw6smBaex2g9MoqoPjQfrAk
0x98a8a0e239142fcfd697331580f237f2df72642a,59054793938596100000000,1067,0x5e4539c39B87A51c63d46380971808755F181269,QmTDZmDq1STpuJM8WtEBHetR89YFF4vvWVQszePuuyAjdH
0x9878819f2dd1445f60ec9739f79dc8ceecec41fb,536207937062615000000,1068,0x5ee92a2492F65EEd1024f1b8036892492F4DF7f9,QmPkroC5UhQwRb3BBpbkKBeQeh5tWKq4uJwir3G39Qgsyu
0x347e5ffe1434a408416cdc6c31e3524d71471e80,4701852347377700000000,1069,0x9f7EA59E512B3575b653f2FAdFae415C307883e7,QmXNAgcUYBjGKsupZfm8Q7PA9tMhK6tSQ31UqBen5tcTPL
0xfd6bd56cda0c0b4479f605889fbf9818fea71cec,146545036606983000000,1070,0x9FB89B2B21E46543564E4A3b56D30738d7328e3F,QmTFYxw6VEkgzt6WcCrSB6dDWWbX7xMjT67JWTbrc2yS9n
0x1717c1974b9f2bd8fa29a064a0bdb686c1525139,241362300544479000000,1071,0xe88b8f90A687e2256E3A567B9ae2258531141a7E,QmTvBgc592NTGhMSf5eQmbBh4xjdze5fKt8d4D2QC2php7
0x79fdf243cc3c623360105691f8175605dc14c678,12481373182617800000000,1072,0xC00325Ce2B20b4DDa1e4ca9A8436C2a2b41B7f04,QmNuqnQhThEsMQbu72YuLeCioag12t4WG4PmzQFFp2PE64
0x970b8afcedc38165a611b1bb3eeebf9d19229603,7699377300272170000000,1073,0xcFAbAaae1518Af5719dE21bf6ba2Cd8d96eD7E04,QmWr9uMRAB4D1oQgZjziUZqSK6ELTq8PNtoyvPWmFgS8GD
0xbfd69f27c27e5d4210ec127ec7d7c2c13d0eadeb,163342871229562000000,1074,0x0e3BfA17612F7a6CE5B333b5AE41816eaff8E2d0,QmUfeDMZaihs4jUfKk1d7Vy2w298jJdzZWugKmvbrHSXPw
0xe33e95e19f927f364d617e35ffb3e92aa29a62b7,956813371079844000000,1075,0x67d385F7d2195660Be420F25185D2B3411730d70,QmPmFNuY58dKD9RcSyrSsu5zYDJLrdUueuF8kqv8dRQSqT
0x99a7db24effd51aa44b33412c2e1b21903dd56e5,947748275619881000000000,1076,0x2aDffac0cb91FbD1423de51a34AfC2b3ca84e751,QmTGdYQdGptshT3RscPQdbG6G5pLViiTupxRKBSvuhDPRY
0x5c4e456f9bf7c6e83bdedee5192762d66b3c8b27,74327300297866100000000,1077,0xE3c3f0341B058340F3D718D1Ca832aBc90C5C6C6,QmQfWWV2W1mmr6sott84nvfhdGyfZDhwog48cvQ31pqWFe
0x56b32744bb8aae79f34e7701e581cb6e2136e0d3,3725856447841700000000,1078,0xB659a902E04449D53a1d89A8c49610f7fEe85674,QmdThHgxctCHt9L1tWqZVXncHSqyTFeb2WMcw1z7xbbRTP
0x9c66d83c558f7b0e2b718abecf07333f18c750d4,39550000000000000000,1079,0x929c101Fb253f91B0fC38AC1deAf1be7aEd6A623,QmUrGetD3neXjWfJyZ8t4VncqXTBqFNnmbS7qspEb21zQ1
0x425c26e95bdda441855d184e8ea08f3e3e202b1f,1452506554579670000000,1080,0x688eA4D5a0Ef38c0E0b67bc3Ee90020F3E49be2A,QmZv5L2upAUE9RN66WPKcZJcHa61SMMobYhHh16T3v81Zt
0x69072df70f72bd1c53314baed81ac200f9ae6c53,6445441493664710000000,1081,0x6fE09f4F0d2101d8ceBa5a3B6547Cd7C491Bb30a,Qmf6DFfzA9VGnaVxM6yboe6WDREEYNDyCn7VJMePwwbaic
0x1073db69bdd171348e472baf83f801ad71e4444a,33645554022264600000000,1082,0x338C171ec06CAc8AfcB484119c3AE2c906A2A0e9,QmXL7PY1Rai7VqEkHWqYzADLHmRmsdG8yGSApPX7qiAfYZ
0x69f9916960ec2749ebd8d95bd3b07bac7e82328e,192631006720472000000000,1083,0x21c57bD90d93F6cE2e74a0D1C8890B940d12f0B7,QmZcArkBMe84cbFhfaDxFoSPxxgtzV7bwzkxFHLKNJsCQt
0x01a66607e2f13f89c1af094e7bac50082f094686,3742668645216140000000,1084,0xFA1E5b9ab884eB6d52c069A623E5ab5387A4ec30,QmRAiLDZcLPkdTwy8jd1s61xJfM9dHpNcQcdbTaDGPz86y
0x0ee56e2eae57c190cd8f04e06a21d2bff46661da,275720000000000000000,1085,0xB1EDC364E9cEC6d4E07e3a21F456f43e909d23F6,QmYFMLRuU5sTFerv9Mhk2bX8Rv8dTWUytDEN4yQVNJCsjf
0x16cb5679300f47429c3a4e8177a48fcad46ba6b4,141787728136309000000000,1086,0x43D21a31437F356ffcfb32D9b8FDa22e1a102433,QmdB7kLXTzeqWKKJb8CfujNdU59Ew1E8DAJZkt9PPt6ypo
0xfefd67ff63e01edf62742c7497a4412ef37de324,141250565000000000000000,1087,0x79f507b7fe6759Da8948f4C1231Cdd105abD2a88,QmViXb3eVMPNHp73BUGkfutbi7YRqGv2bVDoqUWir8ogZ1
0x035b8489004400adb9ea890c40cd09e8995577fd,570980525505144000000,1088,0xd598c7915C998600128B23E3481Cbdd1D3c5D21B,Qmeq7B7keF4iAGoeNz6i6wcxNWvv6AE4BuziheUrgBQy5e
0x5f4eca85055fff26decf454d49c0e9a1288a65bd,16570294133401500000000,1089,0x6b7D086b27B9E032a7baaB98ee500cd665DEC0a2,QmfJHVymucfVfnqukobLtkb4tS7tvwb3VAL4ErJDQfhg7L
0x4ee185fc27811ea6d436495ded42e0f57f5d3a41,2061171669389310000000,1090,0x63b5f94C75da02073BC5b6710151B64344A0723E,QmZW3MhWpeYiLJb9qinYU4UzTZ2az5xrKU5YJS4DcBSG5J
0x65ab9eb45fd0cf121d4d527be37c9026e1b7e918,70119924315754700000,1091,0xe091BCab9d713D3767c73d4F2F7A454edDEdEABA,QmTWYYefiKph3vBb93vwt5kTvBeqnWEY1FZtF358oD3knX
0x1d541162a4a2c64042be2df25c8d26ce39c592ad,415840000000000000000,1092,0x107FE7154E4EBc635ACd2f1bA532FAeD42bb56aB,QmaCH8dDG7UmvDLv8ZhNU2o2k5q1UCWfsiUzvJW6R2o9SS
0x752aac9fb0b5ff9caaa939bc7e3493ae5f5da5fe,2870453241508900000000,1093,0x8713A4B6f40d9c5fE42343370fbCA6eaCd286Db9,QmRd3BQeTgq97g2d94WQDHSN7VMECANFiKfd2bJBYkpVXv
0xb0336de68866406ba1109a5b35e960ae19b09e4a,29025583238353900000000,1094,0xc3CB35B3d4C0aBBE913D83f34Ed245C844f94481,QmR9mJeWzMeQYjN2TGX63yvteexBGSmACtggK3sXkCsQb8
0x301da9a8700a7d4dd3b3022de6be4feaa43cb1d1,56994679662142300000000,1095,0x9B8Dc815a6d3d9EB29311699deAFEAb51CaFb09C,QmZbeB7JzfTZF1281iVtK47AQYhzTpDWg6kBYF4bGzwXvA
0xb8924e9003ab9529129a5d91bcf2feb368738e9a,2798087321369790000,1096,0x51039caaD05cb2F4B0705a005a45430aBD26a32f,QmSx65idYrfeJMhk6S8xoA3t18rfASRYHAjjzMELqPRmZZ
0x836e71f16a53577edd2ea377a8ab29a90ae0cdc0,487724065334090000000000,1097,0x80AbbF30E49442f5f26e01195B36edE8809a6326,QmU1UEHrSxQyL3vQ84YvCobjMzRDW3Aebr7JEhPdNe5kMq
0xb87d9671e0e846301b03ac5a17a0256fbbfe7dd7,199289401788162000000,1098,0xbE87CeC5694AFD557E6554D2C961A8850268fc47,QmUepvqG8XM3V9xLG8fXrXL8hQMAyT6ExpRZCgnptE4pCo
0x309e1471586f7793274e4df2417a69c4b6956bb0,134952586183696000000,1099,0xd02967fcD40E0149185EcEB027731bc28e86168f,QmTCqCwv75wC9raLWDSu6Qqo4YjyPFf7GqJ6TfmTcisn2M
0x18a08d43cda6bf56690c872b327e2ae615ecd4e2,202471275023248000000,1100,0xaaAebeb7C600763eCF710273cDEc1fb6111977F0,QmWWz2cFc7B16mrrAR8pqwCUgjYtw8rgi8YJ2qM8yj6cqM
0xa74ef63bffac18eb2172126909145dcfae623257,12402592161481400000000,1101,0xEAB9830795E2D6c2C669e6427152D7C358290F36,QmYwYY3MNFXxUf13uPtBawQ7DcCJyfb8FBhXvsgNCmoTHp
0xcfa281fc0d6d8dac480d44ec6b685baa002f2b44,104985785566036000000,1102,0xAD46773605aDf6A34758A506c1a6765b737AcB1c,QmTj1Z62PQGdAZHifhZ6SGxFuttrFLKhdoya3LmqWMePem
0x72de26a6614fe10c7356d227ffe2f9afba37248c,162155238110210000000,1103,0xa49f26D54355aBb91872D4ce252165528f5D7130,QmNYJyAwoGxQBDjS7LnmT2WoWFeCU67Ae3wyjgV1sjvcbn
0x25c1e4da8a277ec55ec1c38a053e707141459eb8,141250565000000000000000,1104,0xA77A250B69c7bC81a8153e731b0F752e27009978,QmPubtE6jsTwXPRMpQPuqxWNiS8GRTGXLiyGRXp4mpr8gC
0x553d47b3b4ae2892ea0a5342c27ee4c7744400d5,2262904149072490000000,1105,0x2a8A23846681b2eE71cf540588d77E8163E92073,Qmb9PmR66ix5dTHHAs6YbST6QKzRaLjNZjZRZksLBdAcey
0xc55f44744acd8ef593f584e9b0de50d7b2e454ad,2781686533829370000000,1106,0x130E18C1aE9200f3936b9A54Ce9049665407a251,Qmar5bwShB99SPkxzqYaaTpZ2TAT2JU11HhePTnSUZwQoE
0xfb6db7aa2a7c66b1f194c27c3214b7d28cfd6f2a,4631692082786990000,1107,0x17C7d08696cdBB0d752B9d63f1661e68d7f517b2,QmTG3C2jjCprB91xHpjhWLVnqWn4R2SKeSmYPpLNxNodK6
0x604058a910c70586f942d27caacbf0ddac592933,5901732633584300000,1108,0xE5583257119461FaD3555B6D9cD92d00D172C7Bc,QmWTUebW6fufoKAk8A74Ho4fFcxLseJgPYsRktMi9opQ11
0xba0e5713eb13da1dbcc7ad2e79639671d82c7bb0,5894571602730660000,1109,0x6FE209F512bef6Cb74966F4eF8Be4966333d2b4d,QmTtXHoXkUbdLP4LkRarKj5TW5qikswSNnNqXfifJXpXyj
0x3fd719ddd13fc924943dfe995bb0265b400275d5,5918397079351940000,1110,0x08E110C30DFa63dea484B95b181816b6D11AE569,QmeYWAPSd4oHcvVSig5jXLu6w6TQfoTkLhvcoz3vq6BkFj
0x82480db974974244a0b90822913db9dcd95013f2,13915385749692000000,1111,0xF6F4412972658500B565CB4fBbb6c9Cac7c1ae4b,QmSGR3NndB51cHPJ3LvfLi7JyU2jKqrCu2mpftjZmbyZxA
0xa9f38c82d7915a6cf098f4f80a87faa9450b1cc9,13875534650854000000,1112,0x1E7c95FB3C511E9E8608F1e5de5d90Df9F55bAAe,QmQouEuP3M7EknVL7T6ofnD23scSuNkvopqSu8bPm2iJHe
0x29037ff4c184f575f49aa16ab169ada19a2720b1,16155345274979500000,1113,0xddb1D53863e1701262C4c88e4d16cdA80D758F4b,QmQsbrvJJWKD4bKYVmB7TKdAPcF9q9Xc4jAZREYkpb9Hit
0xf9eb3ff6750e2ac20fbaf3d082acfad1fcfd7681,15657767169690400000,1114,0x47570C09b5F9b57041EdA1B9dDE8bea7880a41eD,QmPvnjP5XqJ5U9RpGuV7hH7fyHteLHizb2v4azjXcy59zt
0xdb4450ab02c78ba540a400c3e2429a75c90ebd34,135706035567050000000,1115,0x3b95F6B755029F7380f64C341E734d72Db6411C2,QmQvkmX4h82u4bqtuG5HaAfNMdxLjSR9XS9p6fAL8mHavR
0xd7137ad0cb7d02e8ddb9c9a8f7a3a7c00e14f4d2,171375769149192000000,1116,0xaa8f0683F89A3949603E0d1e9Ce6db2c548874C2,QmWCbxz6utSYskoAqbxzHgR188MWkwWwuoopQsg6ng6mcF
0xfde17d06f38b76aa22017f88fa45ecc5df7eb177,97450512771855000000,1117,0xaFcC0f233E28d3CFfdDA76D5dd5eEC1dd5D8702a,QmQH9GGe6NTTR4iKR1HmG6aj4DaH9GLpWorhL5zr33R41G
0xc185cd537904d8faf3991990c231dab74535e1c6,20245492897719000000,1118,0xb3e6ffE77e8C0a75498898eDC11bFa416A7b14Ab,QmTeekjQw7sswqBaTx2g1LherW2KPAdDmbjoAQX9AYjXT4
0x7d3dfa9534fc1ec160fb41d20c5f895e59cadeaf,39232744763879100000,1119,0x2698cF9E809811Fe7CD0d52Ec3775DFC6b517aCe,QmXsLobVha8dFsph9y9e48YTW2BXBLxhK6NNEStj1bM25Q
0x67b1df527b6a6dd3918deb48f728b3bc58c51d8a,40003758997521100000,1120,0x2DDDe2B2a2221E1F550ca95347F9f8e4A7FabDE9,QmTFZMtbqwPt5PtcGY4anuJR6UFFqyiYSkftWQQ7cojhfr
0xa75b753703d76f1a854c3bb656c3fa86265e1f38,57391041267794700000,1121,0xf81D2f5F1c81853274315CA10C5faa894Ce4BfCa,QmStTjKtECzxKS96zsQQiSCKskKN94NxbQGsSNHkrVgSuC
0xfccadfd9b2b75abcd757221c2983d50aef9961c9,51277935494176800000,1122,0x4a340217b4aDCEbdBb18e2EBB04406097b801946,QmXoGgDcsM5N4J5RZMFCaCPYaFX6ZQFHN7sAEq64rVEQyD
0xad6a649023ae05a085678d0824000d1ef27b0923,421307088489765000000000,1123,0x3E9aF2fbB00dB6c738a5d1e9526AB96AC770e1c8,QmUCHi48M8qiBiyk4wzenX63GfqT5JfUguYTXEG66cPgHi
0xae4d11613aa9d723677e12cdf21af839459bfd40,11715567032666000000000,1124,0xaBb2d07224a3DE0d204959f49eF4190cEE295d83,QmenKwJdKrhr7ogfgj7Q7xJXuaDUzEmTYG3rWhY21Cdkpt
0x06c57207adf91461a63820a64aedcd4b24f224ce,34747425394139000000,1125,0xd04677c23d66eAB0437b588170CA1fF94186f305,QmewyopPwBti8cqJiHiedmdbZMLLKFzaZXDdcESFK5Ykwr
0xc2395776f961c2cacd06ec11e5281eb230c03e12,121464386321207000000,1126,0xd9D345F36316433C181B037C900a658Aa38cc123,QmbNuLgGoM4pDuKW26tFRAF1YB7rEb4MFGc8TVLquPDRVS
0xb6188e6d1ca76a443cebc5413df9d16659c5eed8,997904384677000000000,1127,0xFA4592F63aceE550A1137C8176869B7b9f4B94F0,QmPDTAgdVrsJKettpJQuGQkFQ1BFbU8nH5dseHaKxx5psg
0x979875010b9a7925c5955de120e483cf56998e48,31578642700422400000000,1128,0x090A3CE258756F17F3EfeAe1b83232743Af59476,QmPq7ng17WRP9FqDQ7YK2R1Estbheg3LrLbkYyCFbQDcQJ
0x716410bfb864a494df9b943a63e942e6e895d21c,13632634398586400000000,1129,0x668599095037EcbbB78651772371281B43FD9a36,QmRau9rJ8UrV9a4GZ7NsqenNqmGw67VoAi4QvD8QiFBCNf
0xe36dee0392194e0a4e592850cac1bd88d9bb719f,488732785656608000000,1130,0x6c1DD3021514B0338d051F5AA71634517F9c6a1e,QmTuP6xEpedZsqM8aXPsqqZocqSwPjp3GjpnRfUVy9Da1s
0x7442411f5f176e3e2e0c057c08b7f2993fd2820a,60249166013901700000000,1131,0x593C9A2a9f375cE2E1bB340Fa586CA602C8D8EaF,QmbD1yepTj3dPgSdNqVUipfbdcNa9Gpfh8vDpGPqo8kRUE
0xee5f40609f3ad53d4de2433109335b4bfc28e521,14336416101759800000000,1132,0xC65F2FfEFc8A4E380b9fBbe755674Be76632d983,QmQfK9HkQbGUfPKyFoWBNvKmSffwbvnkFRYq5ALfcaCL7o
0x2864be4b616bcde06a635776dfb4ccca3d2a0ed0,35344719578096800000000,1133,0x9A60106F2F3Ed9D215B3F4E252A53FaA9D05599A,QmdyLiaXYKBoHwiXUbtNdP1jB73EL9hY3V8QbdEWkavuJG
0x7ce3e44f1c02d35e530c03fcff19de23f15ae60c,49016456045619000000000,1134,0xACC595b400195d430593A9Cb01AD523761E91496,QmaKVPJmJy1vAPa2Q41ZZEHTUMBVaL51rWyuYTR7LBWZiv
0x39a986a0c815b656bc3a74a7028e593652ec521f,134452774423583000000,1135,0x5BC8F7654228557966e67fD2A873c80897cd1f61,QmdNT2kce3vovo9rcNuf98uewdz1PiuEKK1FvbLgStdQXw
0x283af487868cecb95c3d6f586214c70e095e96dd,57262628223922800000000,1136,0x8e39864D1b37A56D1Eb23E6415C26ba90ffc0276,QmeJRxM4f9qHSBWgrLwV4bWBwfyd8qxnsqQjocafZFpjhh
0x501de854259e41c339c03982629e4bb5576f9b61,32282999122389000000000,1137,0x9ccc200eBcC76A58090f9e3779B1c10908dF9403,QmPTjPLZXzUYvvMXGvCX5vhzff1RbpaP8at7ZJRkW6oUKr
0xa93ecfda2a2f7fac49ccb24183844abd92cd864e,2898764761646490000000,1138,0x84dd71e49779514d034db39a5FB3eeec216e5080,QmZr45D3f9cznsY3oWLSB1khh8xAowfT1CGTAnXyAwvns6
0x4baa17b36018c709473cd7218a65849e12667e56,2519402400354560000000,1139,0xC49f94bBb3d870FAB61cC34CC319837dAED9a059,Qmf53hRh3jmipe3E1rZsqoncW9uYLL3JztHANhcjn3fLxf
0x40bb0be4171a888da2a6c46ac6ae505a63fb3ae9,7140726284542650000000,1140,0x6AFBB257BA71837FBB2e31d101D6b60369c65163,QmUyhGg6h6ym8LtwEQaWn2e4avrGqKH4zu19XU1Ug9iYUP
0x9e2de6c3d858309d44b8a961b16a74cd1d21a35d,13981480216299200000000,1141,0x459E295C2AC9f9F68826C37C4fd3c04a362390E6,QmWCFXoacoi3T1AmKpWwVK4zKZfBqDtteGi8KLS7zGSWVH
0x14326074ecf4a630a1fbdff861b42fc8e690667b,134035035030820000000000,1142,0x48474a5C1B33E8De4E1292fA333F8D3eA14a86f0,QmSctKngm89mgGYFBz25Tcepr2ztpaoBB3MTwiwfhaEpRG
0xfec391411c560c89449a1549a2fa37699453275e,14037021223135300000000,1143,0x54032A50E6b6830eB3b1a878B26Ba4C73D80b388,QmUzS5ab4kTjyyeGchh2ae9AaRUema9rL9VRTLyywVWZ6v
0x8afe875d4c22254b7ac0343714b30a9bb5a3d1c9,13428390093830800000000,1144,0x1DE6f06Fed215464c1223332Cb657E16203A17Ce,QmQ7gWY5DWjoTkcBhdLvHzLTdAPW4c1RESUF5gAzv8V9oE
0xd5fa8c09d8535670ce1164d4f5102593f6bd1240,18609794293102800000000,1145,0xC90885662B1231d44984049e414D71E78e5e6163,QmYKeeckpZ2dzajW2D1WuJUTfrFWtcacg5yhH7YtuoYayg
0x409017a1c404e456ce93191929b06b1bab5c918f,24662317823896500000000,1146,0x85748CF8c80fC9407C1aE5424912FcE6621f5e3F,QmQGyuWvVX2cGW6FEr1zWh88b1WuK8h7TjJk435jeMRP3y
0x34b20e68f071bb5801714ec8486d4e2fbddd3184,18538307803531300000000,1147,0x46013A22E4a7EF9c74A892C3520B45a47160244A,QmT3uYYozafkwBA3Tvzb9YT9hBehsTyYw1ErfLByP2BCes
0x665b326f1e566ab223b30f30b05b2c3955890a44,16777442705502200000000,1148,0xBabba5DF7f3Be9Fd45ACD5C50742dA5E01792e62,QmeDhwxPrw4YXRYZDhmtpthBVpTYW5kEQP7ZzRZRDf63N8
0x4382964e09e1c402024bd504655904fd90a4e981,449217336583762000000,1149,0xc091D2d6C108ea71E7c7B54c4C8704169f67C2ee,QmQBSVveXxMR3aFi5zLwWDqSYK1YjYoJeMDTLPzS84w2Go
0x21d939897f9998771b7ee3647bf81cd7d0aae044,635744823106828000000000,1150,0xb1E1272c966496d89Ecf32Da44D4bdB283Cb2812,QmNnxtUGA6HnYVnHUKYs5XDUHnVzFLt93fYurKgzLvUsva
0xe775fa8b106f428a5c96f80a53b2ae01c8ac0577,150984698119903000000000,1151,0x5475eDe0f7F15974c648204982623DF105Eab9d7,QmQ5aifRsUqQPQZnoHZ4GnZMowh9dzpuhPLsJXqhP6RD57
0x10890742a1a20a936132072c20ae77b081486190,5145959724410820000000000,1152,0xA8D6e5dd1004ee1a12cBda26B6Ebfa9eEC6872d9,QmerMLXSvPhgcw1uZS2ugACPfSGfMieFzZLWEBwMYR5TNJ
0x8d4456e19f057e5914b0bfa26abadcfda5664313,206290030174891000000000,1153,0xa932cB939687b9c9e01d9D28D6703eb1a484dBD7,QmQVykoGU3E595HWurDb1fcrHAtfLnVpedgHmLpCFyUMBD
0xa0bbc65077467317674b4db02f33a6bd986c7d4e,250345869360855000000000,1154,0x04AEbcC4BD654636267C3Db67f7f8a2EDaBC34B1,QmTuDsqkGD16F9PKVK3fTJLEJdqkaC9JvSeCcYKxGbfSsE
0x310b42cbf1937cf0817aa9fb023de7f08ee5e99a,23429366979762900000000,1155,0x261452340F5b0A1Ea45A9ABe39caE3Ee5Cb13e95,QmdU5icXEh2RUKp3yWq1oS9Dm2vrSynAgD7ghpDWsvxbY2
0xe9d2b3587f7ddb4891b1ad3e8a07d58d5a3a2c29,665219052511972000000000,1156,0x95165DC437a3CB2A6AFbF5Fe35AFd92bAf30Ccd3,QmcY4q6NmKgXUcmNZUDoUz2dz6xa7XA7qKGxqwXfC2DAiL
0x7da0355397aa56ec7121d8dadccc04550217a188,21984615295033300000000000,1157,0x19f85fe1AC5d79B9D76737b93bfb1655e4Fdb8d0,QmNjfJun4hXpbNAW3eN7kL5qdHYUVuHzTeW5xzeY1CCTxZ
0x261e97c0445ca180fc096eab84a6d37726a2a34d,85179075356618400000,1158,0xD25A7308908A4f8aA75011F7A72cA443044146b0,QmTkTLRqh6Dkyi3reDcs6ooJRByj3FjW7xDMCp4uDNVtXB
0x7a0f06055713ba59c998e590b54c7bde07c5b359,10513809512366200000000,1159,0xcd160D0839FA62Eb167278BB7206B91A6fA97822,QmcDPhvMnqx6UmNFBn7Y7kMDWYv6dTKfnTw8nywAcCgnD6
0x9d80ba83e105789eeb4125d00c571aaba08342c2,2292161774813500000000,1160,0xbE2f39F290004E6Da186248E4cA95715EF549C14,QmPuawNRc8HDCBBwzGL2a3h9B9mdH5CfiKECYzUeBEFgSu
0x8184ec25479c7abafb62def5bc4ceaae070e4d78,287585000000000000000,1161,0xeE4B3D4Afd84E934bd9Ed40086dBfdc263446D1F,QmRmGp4V162mbFwAm5c2HuzbCaTLyHHYAU8e3SmyxFb86z
0x89c4e28a11c782524f73433eee9964077c9283a5,452000000000000000000,1162,0x2dB7585B6cB9875f93dBef928327179af2ACd13F,QmYDto91BavGJ6YbGBHZ2mcecc12HJUSaVpz2s6qJMs9Pu