0xe8fb09228d1373f931007ca7894a08344b80901c,40985100000000000000
0x8719c66077e95a6fbc7811446b8c32ee15ac3cd5,33558396660000000000000
0x2d56f14f7623fa1ab587e06a630e82daa1425631,22500000000000000000000
0x914fe4a36a13f5c985184c9df4257ca86e37487a,13455000000000000000000
0x3214e141bdae08be1f382a885cf3d2a448a5e780,11250000000000000000000
0x67918ba8ef203852c14d87f049378ea647516b11,112500000000000000000000
0x8a90c38bc1396d2f658a1dcbacdbd9cab78b6c11,22500000000000000000000
0x0994adfc5dc0fbeb6c68560907c8fb1e025b2e70,11250000000000000000000
0x183034eda5da3cc088c7326114b09a2a5e57e044,84961644816087000000000
0xcf1cf25e5cd7aea5f86d8400d600411be1d85d90,22500000000000000000000
0x7335f905b4dd29d58c5afcb4f8d8016e1eb5ad9b,22500000000000000000000
0xf624c52ff68e8a2be33d1c4b1dc6127e725e2ef8,22500000000000000000000
0x36ac11720d371d123f686056fd621eae0e227ad0,22500000000000000000000
0x9d3f2735904881ea4f1e1097a7ce07e503fab0d5,319205337322462000000000
0xef261ba2e734f3571c7bbcbf27a7184e632b565d,90289514250000000000000
0x08eb0034082e7cecc9dff0cea5d6d247f83782d2,9000000000000000000000
0x6e81417b312917305d12f76fa3b6bd66ffaa75e7,656963640000000000000
0x41c32b996b2cb71ca1974399e3523c72f78f286f,22500000000000000000000
0xbed03ad2b5e1ba98a9b67b4f12b4c5fee486d40f,14625000000000000000000
0x0755c865e5e46b58f3ff790b662e7998405f0c46,22500000000000000000000
0xafaa71df19e5f5c275a793ae5b42277c1e84c70d,5418327476997000000000
0x9fa7819d13b8e3fe50b1a0765203f94a82a85763,23216087518227000000000
0x9c92f6c44254b2d41a3910fe6d958f953e095b07,22500000000000000000000
0x6c36e66695c38598a08b15e1c6bea9ae0bcf860e,47129368569430500000000
0x9d09ec3cbb97bc6571168a155cad17043ff1093d,22500000000000000000000
0xf3eab2365c8689d7d429e9cf03c78b29f07907b1,22500000000000000000000
0x027dbae8cae90469d2e9ebc6e93ab8a0938d9de0,22500000000000000000000
0x2ad85cdfe8e8ec064c3d10944039909b5e328499,1665710691143030000000
0x3f2b9232ce37d489f846d4464648f14036c6ca12,450000000000000000000
0xdba5b042e602d40e9385e6efcf3d3fdccdfbba62,22500000000000000000000
0x5ae5e5278ce81a34b1fdfb737f7a6adaf8d110c4,22500000000000000000000
0xbc71a5170b3c8386e80591bdf95c3e2cbdc6c890,22500000000000000000000
0xc8624985a64692f993b72d4ae3318dc11c2ec01c,11250000000000000000000
0x23ffa003d2d6ca396708cb41d482907fbd19b0e1,5130000000000000000000
0x8bc8b4e4921101bcc56ec084b906069b73de7276,22500000000000000000000
0x70cc711c52d00d7229b89271e885b1716903c649,22500000000000000000000
0x74a2e6a985b33454d39a0b333f51c3315cafc125,22500000000000000000000
0x94ddee5ff016be756882ab37714013e9b199ccc6,22500000000000000000000
0xd6dbfce2d957103fc8e0f66c7d24ac2b481e913a,119216250000000000000000
0x18b8dcd355ef6c1510d59d7907cca23abb9e3899,9000000000000000000000
0xf38b07b8ac72ad70806e902c2ecfb7edd36ca3f5,4809237390000000000000
0x63e644672f19abb159ae3476017ed8e3747655ce,13941432564967200000000
0x7e5d174fcac4e06949b7d3f82c18edc4199da0fc,4275000000000000000000
0x798031c6b05a37c4891e6928b1c85fcf153f5d70,73739506930605000000000
0x0faca1a5cb35f7259b8f2380466be0a05dd4d3eb,4456643400000000000000
0xe140c5ab801b676f8a7040fdcd42011945858b06,22500000000000000000000
0x620f9712999f768600f995666775e7a40d151659,22500000000000000000000
0xb7ee483080b3b1a82e24b3c80d94c5c1f536fdb7,48329482095000000000000
0x6620b86ef016e3b9f57a9dbbc5f114311d4f8d28,11193750000000000000000
0xbf923438a135a99712d4c4b3db413a0817a90f99,22500000000000000000000
0xa4ed93e37078ace96d60c29b728fc2db941ea465,15942286602912400000000
0x1b47235150bcccd6b51f60f175174dd2d579bc13,44887500000000000000000
0xb9c0aba138b98656ffea4309bfe2881b0b7c1d96,4500000000000000000000
0x40ee2afbfbc4286b25e2a194920c7d9591eef9dc,2696742450000000000000
0xacad95570031453be812b88da058a074c26e3535,4481230952317500000000
0x844dc38bfa4882eec8c5b85dceb08fc66a7a4fbe,22500000000000000000000
0x38edb2f0462732072340ef27315fba845b0005b3,5670000000000000000000
0x043969ff3b18b57aa273264fb09e7c1bee5fab39,20925000000000000000000
0x0a5abc4eef196994abb9cd34fa8fe9229ce53e4f,22500000000000000000000
0xc13a80fd29cddf5290d2e301b3121df0b73b4401,22500000000000000000000
0x10e854f4f81788de24acfa8d0d6c59324e581b6d,45000000000000000000000
0x54d07cfa91f05fe3b45d8810fef05705117afe53,225000000000000000000000
0x0d67ba20969fc75824be13ed7bc941c8e00ab03a,837813690000000000000
0xf0fcb5b2ec2d511c4338f59528baafdaa1f3ff37,22500000000000000000000
0x4fde4984945eb103a448859b689cbb2593125f6f,28393806872128500000000
0x8f1254dec7d36bf1f0592dd378e074e92b46dc68,22500000000000000000000
0x8cc6360e0ebf3835616b56b970a7440f19066ce8,22362396120270000000000
0x7a0e7adb1b9a40a4b4656ad55102d46dfdd6c19d,112500000000000000000000
0x85e4dc00f4cd70aff6b03e68fb8bdc2501f8dcf3,9000000000000000000000
0x14edc2ce4e34d610539543e19dbeac3ea8ac7d11,44100000000000000000000
0x6f8497037a48d3fd51838284f49ad59985862865,4994546293728000000000
0x64aa54e33bf56ad66125798a68d00f0f614d91bd,22500000000000000000000
0x12c00a732c950990c2544a961994303307177e4d,22500000000000000000000
0x0acbf098245687c178352ad72b673a5e45741ce2,22500000000000000000000
0x4336fe3a3cc026533483163fb5e2d49db999a711,900000000000000000000000
0xbf1bc5964f7d035f83f159f00209ff4352bd7394,4094455590000000000000
0x4210deb9feeb59f4dda3e7295aeb6f39f7f4952d,24750000000000000000000
0x383697a7fef14483920ba9be57c26115383d1dda,3600000000000000000000
0x71423253a09ef09603f74f62337475fb00bbe59e,135000000000000000000000
0xb1e9c01461b0d943b27d2e033f3ba15b24aa23bd,5631915020781450000000
0x05a13aead76ef4d601ee3675f7c31679970ee0c2,22424232750615000000000
0xdbfc3230dca0b50df050ac5d3d42bf1ecba1b82d,45000000000000000000000
0x95d522421bc057e784e1fa8a1e80cb1e3ba9eb09,1350000000000000000000
0x45376f3927b74d4625d5c1ce3fff609dcbf8245a,67500000000000000000000
0xfb7405075f2dd0a2aaca6ca2d87d56e09577d6ef,4500000000000000000000
0x5efacbbe3f5f1fc534c8262418bbb4afbf26c67a,225000000000000000000000
0xd99591a00a7ad4b5c1bc560edd219f7749acf2d2,22500000000000000000000
0xc2dc013edd48afdcd7b872d51d55ccd1a7717e28,22500000000000000000000
0x4ffc5f22770ab6046c8d66dabae3a9cd1e7a03e7,20631900780000000000000
0xc9b75b00592021707fb5bef04478c3282c642ba8,22365000000000000000000
0x6dd8afd0338510eef17db0fb4f76b0cfab9002d3,112436318435535000000000
0xc701830c14b59f8fc4911a68110f1659cb52e215,2298420000000000000000
0x2c0d8f4fdf2f5f98c3194b4ea5f5c1d67bcc4185,33750000000000000000000
0xd70443668becf196c9e6ea2faaf766cd09714c69,22500000000000000000000
0x0d8807e947a7392e4d73fbcde7624723f82177d3,22500000000000000000000
0x6523474f7d873d5b20f0c2b29741b0e324b25eb1,28260000000000000000000
0xc4c2ab9937be49cb034a08461ef243849a9a010e,45000000000000000000000
0x91abf183fea991c4d7b7b3f1ef6ef71816ce3598,9000000000000000000000
0x172f86ac7711f5dc024934649353bf864af5055c,20025000000000000000000
0x73064f6c1c5dad8d917782aec16ab564feb3c011,22500000000000000000000
0xf3e36e557a325af44acc5834759055819e22aece,22500000000000000000000
0xe72bf2d276b8fa6dcb083d59b6daa927c8e03708,22500000000000000000000
0x6e5814b736972e05a5f7421724c2dcf6ac8862e8,3975346098156110000000
0x40a25b3c5ed876111962dfefdaaee426c8fbd789,13275000000000000000000
0xf9df78d070f24c644d35a56a8f2971b590084e9b,22500000000000000000000
0x27a61d350696b11355bf0e446e17c36a7d1f6577,22500000000000000000000
0x854380752aac910a3a35d0a6abaff65739134f29,10935000000000000000000
0xfa74c11a96c937d2bd9d6821c2e75c98a70cb690,93079595135250000000000
0xfcbc81e0bd5b43361b17173697babb1f131683dc,22500000000000000000000
0xdd7efb05649ca2d7ea7851a0291d442be8d9a2eb,10035000000000000000000
0x634a8914980cb66c88e087d40b444c61b26971ab,3164702356795500000000
0x42f71ea87499a5bea2392c67393067019f278b25,11609870985000000000000
0x7f3707b6bafbe1c7b6ce0b20db0d31bd4290a0f7,90000000000000000000000
0x7d48ee017b5084cff6c226cefc15140d9a970ea7,127125000000000000000
0x1d3b7c3c9245ae2840c96f0e49705e7c155e36a7,67331250000000000000000
0x21fb7d4178046928914c29ad627504e36a2225e9,22500000000000000000000
0xa1777fa16351acaee482d2ee5ef8bbaf50a06ada,22500000000000000000000
0x703bbab0162d68a0c0a9378946caaced668ba391,90000000000000000000000
0x682f9c78f1cd30298b4fbd07f75d1a8423a2da26,22499989560000000000000
0x42fe01565e60d0687ab793de8cafc1e8a39816a8,33734349120735000000000
0x54881c1b56e0e7a62a3f0752180036976435b891,6750000000000000000000
0x56abdefe02acbe75badace6c7e097638b065add8,1350000000000000000000
0xfcecc24729bccb72fb3ec5d9bcb25a8051e246fb,9036670410000000000000
0x93f880fdd843ad8b03d73df88aa1b75d540c5608,44775000000000000000000
0x28832696d28523a86cbabecc710ab23ed53af9de,22500000000000000000000
0x0db32190e72011f15ac925180180d3636e19b3e9,29385000000000000000000
0x717a54bb10b3a521cba342cd5bab2fb1b693645b,22500000000000000000000
0x9f50183812bf7dad0967e6cb42aa041919c13026,11250000000000000000000
0xc0de62487f78176a74d3c59c470cedaf24fcb543,22500000000000000000000
0x1bb100e126fc108074224401e17b782eff00531f,180000000000000000000000
0x5788d8078b0186893c12fa5324f227d0ad400c1c,22500000000000000000000
0xdc0d491bd92861746c745b257edfd8cfa631470a,4500000000000000000000
0x0d44dfb5ebcdbe4027fa41eadd5d6a5d7e8960a7,4500000000000000000000
0x83969b71551fbd37abe24e7c603dd860ad671f14,18000000000000000000000
0xa3c9ba8fe2ddb90653deaa9f8c3e8e218170f3da,22500000000000000000000
0x8ad29ae0d3cf87ee8d8f5cb2173fa7e08c00cd0a,22500000000000000000000
0x0e2e091221b1d79cce17f240515443dc139c7d90,63000000000000000000000
0x924db8a0fc37ec7dc1051fa7cf9f75824cc66e07,45000000000000000000000
0xd5a59e43fc13d568b4d208c4da19ece0c49167d0,9000000000000000000000
0xe7cef568405e37efe63c6b042431571f18a314aa,9000000000000000000000000
0x034777cbececbe88e911dc52f619c7dbc92578a8,45000000000000000000000
0xa68920711c50e59c33eb602f960b8a57c150c7bb,67500000000000000000000
0x0d7bfff4ef9c0a1d21586377e781f189756c76a9,45000000000000000000000
0x30e70ec201927d42b753373a20d3f22eeb039cec,13709050123284000000000
0x20a608d30b77773936a3ab3529d339b61dd7cd3d,26129894085000000000000
0x005c347d706befdecba149a6a171d0955d8709c8,10853284615208400000000
0x0f27f672d7ab745d9f4a9d973140f69179e8fd84,6750000000000000000000
0x5b51bc287607cc58f178bac3c2640079c7a9a436,22352017598730000000000
0xf0a5b2b6cae282ad9a63f6f39551a831f5def915,743400000000000000000
0xa789b08c4cbc20c48ab5a96c541063c6782b1ad9,22500000000000000000000
0xecf37cf863a1979c939b458b6ac149820e3182c2,4477500000000000000000
0xccbc5bcc691312593ef10ebe76b92ad68c257311,2613529382663770000000
0xef31f0ec938324b6cdb81a7cbdaec0daafa1f4be,4500000000000000000000
0x283a2549b640e56901a8ced2ec5277a32cfe6425,22500000000000000000000
0x995528fc61109fda8ac1a05d230500069f532cbe,67162500000000000000000
0xc20825ed1c799a6d89421e4ac396e721d65d91f6,45000000000000000000000
0x1bba2c22d412e57fd3637bda23a2aa0f29d109ab,2520000000000000000000
0x0fe1aa632a2837239f218e3efad21e8018a9f4ef,4399869913840640000000
0x120618a7ddff2bdf7cc36c9eabbbfd1699d49a5a,4500000000000000000000
0xf78177359b40ad2733432e593f6e0f730c6e5165,11250000000000000000000
0x90ad55e2b24be2f6e3fcd1af272917772a2af79d,22500000000000000000000
0xe0c34da87c3c167c8df38e07dff5ddc34852106c,22500000000000000000000
0xb47342445e741a05693931387c4f9e5d846d54c0,22500000000000000000000
0xaf28d4cf056f6554022d3f566e91e3d9c3e102d7,90000000000000000000000
0xdf9e2288b48176b1f4b12548815decc09e9f2f79,22500000000000000000000
0xcf7a2743d3674dfbb758ac24611de3359e0493ac,22500000000000000000000
0xe259ee56f5d07b346a9015da08b8de01e31798f5,67500000000000000000000
0x83b285e802d76055169b1c5e3bf21702b85b89cb,1405337679305400000000000
0x2f7d1616214b2651529beb05857dfc2f3df2fb4b,22500000000000000000000
0x91d5ab4c81dc76bc9999e8c50bf156ebc6eaeffa,67500000000000000000000
0x23196c38ea8a43c221ccb4ff0f8087a43c1bbd50,22500000000000000000000
0x08b4d07d6ee91ff17036a64892a12a9df09ac77d,11700000000000000000000
0x996d2565af850490a1ab01e29c8653e4abaceb51,76500000000000000000000
0xa33f127dbc8d625657ad3b995879e9313fd42446,16463363940000000000000
0xf145c56e2ed2e47ba9a03e11ac040203da36710d,22340250000000000000000
0xacdc9c028fa0cd97e7ba0baf2cdd000831fa4ebd,22500000000000000000000
0x9bff070ea85902de09e1fda1798e9b805df2975d,4477500000000000000000
0xa9dc4eca1bcac5a7cada4fcb71f6995355be2026,22500000000000000000000
0x6b9e4f287d44cea39cd8ccedaa42488617aa21a7,45000000000000000000000
0x508b0907701dfad406bc80e7833fd60e267e26bb,11249662500000000000000
0x9debadcaae4820092c8ff7dc741c9ec7d9e95027,22500000000000000000000
0x20a6c8ca43c764de584d6fe6862ae3660427cee1,22095000000000000000000
0x649fc67b3f798789734bcc750c6e370056b94eaf,33750000000000000000000
0xe601ce9b41a978ee16f437c9184facec9153cb72,22443750000000000000000
0xdebf69ed0c0484a04333ca25e7bf937ecc1102ee,9011642220000000000000
0xfaa3be71ae13ab9eb5ace617c319d2fbac881444,9000000000000000000000
0x1beb509874d823e6bea7404b2f2793ec8659f63a,4477500000000000000000
0x3499c7e099d4f511180b6b4e164d8f6bfe1a635f,22500000000000000000000
0xfa887e2904bdad1775620bcf3936de5593f89a64,31500000000000000000000
0x9c0d6591f343cb2a709341d60b2cc89319b77d47,22500000000000000000000
0x126ed947de7b84ab29526d35cef99c9b72b285a5,29088826369560000000000
0x1afd3a258b1a9b397a24a239bb70444b478deedb,22500000000000000000000
0x81adfa0309a1629f68db6a6cff37a1fe68ffdd2a,45000000000000000000000
0xe958f49b2ece0e429c827552ffd3b318e35143f6,18417190500000000000000
0xffb345fd64749d4314587f04f30dc9ddef8056f3,327171356351655000000000
0x523d0cd051e272856a2c925c08a5fba8425c4944,4637166271163670000000
0xf59e34f7296a04c55230df15d7122bdea2a4ddff,7830000000000000000000
0x5f399c16058cf3e0a243c2550225c9c12defb64e,45000000000000000000000
0xdb35bb57dc5746edf6faeca8d1ee192ec509a7e3,1294456395563100000000
0x40cfa33517c7ae2a3352595092d6ca744f43e00e,22500000000000000000000
0x895144f6e9e75668f25e4e394b8a0b557261e97c,9000000000000000000000
0xa049afef83d112f9b9ac4e9d743c50ad08ebee01,409898970000000000000
0x812e7d9c0bd2927565002b7dcd75a7d90bc7e09b,45000000000000000000000
0xcff8097b146dc56f40bdf34e18e0283dd404765f,22500000000000000000000
0x84a8991f44a74ed7fb0fa6383ebf5f13063135bd,22500000000000000000000
0x225516233e7601c68dd5b586a88a52b21eb56204,67500000000000000000000
0x0766053f1db632a0b29c5cbed33f12ee2875823c,27000000000000000000000
0xe49f9c282fe9c9bec52905cf11fbb93a59568fd9,22500000000000000000000
0x8a5125928ec63184ebdf2ecb5300d054085466b1,67187776747950000000000
0x8fabcf470152e44e01750d50f3631f538b8c5d8a,112500000000000000000000
0xddc9b3886d7bf6b8ec6886bfbb38aa381ba47e09,22500000000000000000000
0xed1e925a7c3fae940a721fd121a91fe3121a8361,22500000000000000000000
0xf8e5e7f48228eb3f76c0707609427594d2c9c75a,22500000000000000000000
0x06ad2f93b61eb355e6e27d9eb8c67ef8eccfa50e,112500000000000000000000
0x3ec360c21218887974984daffc30480d327f870d,112500000000000000000000
0x5d8d5184b35f0569b79d7e169be0aeee21a3c078,45000000000000000000000
0x56ae42256f47d488f74efe18089ec1e83f0ab9d8,45000000000000000000000
0x7ebfcbd88c655eda9e69f03e76957b6c5ed002ab,88474621500000000000000
0x8ba37484b16fff196d05bb15329f61e00564d286,22500000000000000000000
0x2f02c4e2da54a0df1f40dfec773ded5125dc28bf,8565600150000000000000
0x07fc27c075a142789f316484abfff9221f0bc1f4,153581179742687000000000
0xce5b6d4f24b06f9c93c42653695a26ab88f1b951,9000000000000000000000
0xd3a58489c18b759be1c282ef8885f70cebc2f1f6,67294931644800000000000
0x1ce3b4905eceac3ddedfc54be775b5f7a627001f,21478435740000000000000
0xcb938bbed7789ee8aabd259a8cb789aa3500bbf3,22500000000000000000000
0x7ec6be1c8630a54df55d98530b89cdfea1c11022,45000000000000000000000
0xb119efdabf71e3b38cdfa393af50e972a1149e89,19170000000000000000000
0xb1fe6937a51870ea66b863be76d668fc98694f25,22500000000000000000000
0x8f0c9c9bfdd0fffc7f71243ce9901f8eee54a13f,450000000000000000000000
0xf0fec8d7931eac24957d135ea6d928fdd1756d0b,8730467730000000000000
0x93a4a366de322dcfc68b629d6086c6b19be4aece,6750000000000000000000
0x98d1d755807c8e98824f003c402ab40c1a7e1847,27000000000000000000000000
0x6c0d470d97ef1f230eef10a5c848afcc8261ed67,583119148437000000000
0x95c6f877097112048642a07ea2c98884294cd69d,15300000000000000000000
0x8459d0ff48d1a3160e91e20e7f50b1f87e33e754,1351911824550000000000
0x74c52e38fb622329f596e573a4878bf616eab280,19083007260000000000000
0x461bb0de40f1a1a17d0643955b3dee140a2e040f,22500000000000000000000
0x94eb7f76d293b612308cdadcc6913f84a51c1a5e,9000000000000000000000
0xa24b12943dd600052ba36a2543f3598c5b6baf3b,4743900000000000000000
0xe87e0cf659bcd3b4196d1b0351b165c5502a6900,9000000000000000000000
0x671ec62d8654f3d553dcc92cb833c5d0231903a2,22500000000000000000000
0x4b0f861ca9455422fafe7e7a6080f193b54aaa4c,112500000000000000000000
0x5c7ab8a5f02acc6bb9d1f5304c588bf8472ffc86,30377258646300000000000
0x83f640501abf5d520897f7ee6d0c1f2fbfe267cb,12150000000000000000000
0x8d9a3b477a5d85f945973aeebb438bb20620e074,22500000000000000000000
0x283afa6d959b216996f9ec93cbe72bfffbce5540,22500000000000000000000
0xb1303c8554079e0ac4fd7aec1a4bc1823ee17d7a,9000000000000000000000
0xa53fcbe44e0d7d64069a532b9345b918d0600af6,22500000000000000000000
0x95ae20f7671623f3eb77bf5efbbe50aac5989db0,4851783765000000000000
0xb44fc6b75576bed059bacb188c0b466a408ac7ae,22500000000000000000000
0xb572908c7b7d4da54c0a25f35d501f78399aecf4,1567097163033550000000
0xd69650ae850450c58477577520de854d629180a4,5251487634992940000000
0x879d6f00cef2e6e45c55ec2cd140e4b3d070bda4,21886921575000000000000
0x06827bac9ee04469908c445bfe65fb0937e93dfb,13500000000000000000000
0x19409ed3dd77c455306181d63e49f4d6c077271d,18193065840000000000000
0xdbe732abbc407eecfd7853cecedb07179d8c9185,13455000000000000000000
0x78ee7f30a9e1a2b1be52e924c9fc7b608177d772,112500000000000000000000
0xeb2804b5840a210cd984886118971834276a54fc,15414950250000000000000
0x9d2dacf09e1312215f4d2dc55119a3a39693871f,4500000000000000000000
0x02aa0b826c7ba6386ddbe04c0a8715a1c0a16b24,16528114115017500000000
0x70022acd7cb7286237d372702e12c8547f56d438,4097348839723500000000
0x54cf29103d683104a37e8c5486010aaec8b30014,5756220000000000000000
0x86d74a7e88094a9de5e02ee666a0d2a5a7232eda,22485441428226000000000
0x96b1f3b3d0accdac89527cf5df1b029dec10e6bf,26989175412711000000000
0x0d268e9b0dc5870fa1188ba99fed52edcc81a985,22500000000000000000000
0x9968ecda247ad4cc36a1929ee3b6bc33bf4a7156,2300522985000000000000
0x482f3f3065ee579fb55bdd3aa139436bea0d6362,13500000000000000000000
0xb1bd394c25f653b71f56f66df4a54653dcbcaca2,112500000000000000000000
0x26fa55e7c4e23f41a11507fc8849061ce9bbe8f3,299970000000000000000000
0x03da4af92cdfe051f70897ad41bb80a24f08eb7e,1559415015000000000000
0x1c00268fa3499658124b8fe6789d371c0a22a21f,112500000000000000000000
0x5d1c0df7b16d122768502e853ff375a8d153bb56,165333984795210000000000
0x2ba839c06df087a5a2c9d133769ad5e7e339744f,20122362000000000000000
0x450ec8d3a45d13d8ce693d5de438cd9c2ba9f200,22500000000000000000000
0x7fe58f9f0f6994a1eca9ce586a73d77889821ec4,22500000000000000000000
0x702c0ca3d5f5f057671074466311c5d780413932,90000000000000000000000
0xbe483febe91bb52e2eb17d7abe0c6ab764359735,8595000000000000000000
0x2eca89d84843266d271c98a1e11d95b1cf002765,11195078265495000000000
0x0d3409eed02927d6298ab98bc79496cbddecf0b7,9000000000000000000000
0xa908cc36b87732cfa468ccc869d45437a4f7c4f4,28500829929881600000000
0x42280e048125eedd8adc22384017dfb88df896bf,22515255000000000000000
0x8f9946aecc395ed458abee7983e04a7b082081f1,7473555000000000000000
0x3b46a777dd4657d91ecc9ee3efea1162ad1cd9f1,22500000000000000000000
0x7af2fe0509823ae1ed416adbf1f80d452116fcbd,22500000000000000000000
0x3692deac64b094a00fd8b55d0da43cca6df52694,2249999999999980000000
0x702428abec56404d3045057462e1b43595ae67d8,91471219155000000000000
0x39260b9be6b55b18505c6dd098d7fe0bb8622101,22500000000000000000000
0x5fc79e21ceca2aa0f7a0aac71ef3ddde8f004e9e,33588884655900000000000
0x81afcf6dd79897cba488471ecec2f41bf3f7ca9b,6750000000000000000000
0x49b4e720dd3ab0d018ce4bd51cca31a79dbb2171,22500000000000000000000
0x8a87448948625e7ea7822bff2c740c5cf9723d4c,11255085000000000000000
0x4918894d4a98930d3ec574b4deb429b11f1aeb65,94108697414014300000000
0xb6a4c852fa867544b0462eba736bc03421127f48,3374032252878000000000
0x708b1ebc569d0b4d127ffd2ac5554efec032f0aa,90000000000000000000000
0x8c0b6b120f5aea462031ef41dbe5ca77e231d9a7,13645836985500000000000
0x6628dc0fd2713542278099fca25db9ce53750e54,1125000000000000000000
0x711437c9ea753167994f538aa09da1432e73d35d,8309532212432610000000
0x08cc7c08acc45bc07966e1fdb0933113b8fc0dfa,36000000000000000000000
0xeddb00d08022f282a0179cb4c35697f50ef3b138,22500000000000000000000
0x1ccd8ff59612d4108d9bbe5f16add545efc6fdbe,900000000000000000000000
0x4564d6d107a19d3ab3d734a7bae61eb63dc3d30f,18818469225000000000000
0xba35e0dc08639ff7761c04d65b0781736b66481b,72000000000000000000000
0x477be27b2085d890df293aa23bcf010363cfb2f2,111668120993250000000000
0x465f302c87d19fad8d0f3c5156ecfbee2b97d342,4284450000000000000000
0x9c212458a3a6f86cd466ea4c9609e0ae7eca8928,3487050000000000000000
0x92b93296a457bfc8cd58eae6d33f08816efb2d0e,22330018489770000000000
0x7f0019ac3c11c90064940e7c80d32a8ac0988293,497529607310736000000000
0xb8d8bdaa717ba881250390fb2576d136d1a61908,144412286950456000000000
0x8fa33056d9067ba93bc89a3366aad64952743028,124215952497045000000000
0x20e76b9e84e1f77e3b2280e7918d63ca2eda646f,752763553483964000000000
0xf5dd4d8016a5b99e85259b328521714db5409d45,6096748255845110000000
0x51256ef00c2485f3a40fe1b6e4e779147bcdbb58,112500000000000000000000
0xaae31efb56af2d4da4f8b98aee5f269e03d1fce8,92499780435750000000000
0x5c541e78e4b4b0860a4187816b17b7bdc505cf6f,23239889531762100000000
0xd57b37b1b4e94d7f37349ce8336e89f40691cd43,2623860000000000000000
0x02d6379c1106cd0df0d577235fb07a60b8b67dbc,112500000000000000000000
0x2b01501c2e2e3200e68f1fdc557a10c82bf05626,298627985613319000000000
0xf12a25fdfc7daa4aacaf8a3263443ff59e4c2067,5627842955520740000000
0xeec0d4e7745059e465ac8bc70c9f934476cb9f4b,20355998752427700000000
0xecc7bf36690534fe89a317ecf71b0bf8f323ab0b,7505994629781000000000
0x79269c79e84ad6d9ed1b913e1fb30b26c8384629,298661850000000000000000
0xe7c2bc18aa6a289590487138dc96f9da971b952d,3488295128832070000000
0xc0a3af1d9643e240a474ccdbfa53b02fcd397acc,45868235835189800000000
0xf06c79c4fa207df457295d81914ba74a7cac6bbb,342547475246307000000000
0x0d09b99fdfbe0e937e3daab4f50eed2d39cfff50,4113901280634030000000
0xd6d5c94b4c6e27590d119c94a0ebc6595d02f11a,12786572277314300000000
0x3fb7a7aaf5bca21e51c5e0895703243d8ed63104,5601570998687050000000
0xb69d7f30ba4cdbcbd6656b4fe3e079e0954d59b3,33128664191226900000000
0x0b473ea097339f4e4dc002a42b7a9430db0ba1aa,3605171153072630000000
0x12afc6451f21feddeb1f732d6baa02684c258d9c,1525500000000000000000
0xa6d9a105163fc67a61f0a4d1d5c4032a1e51501b,1346889468199060000000000
0xcbfb60f6a39e9e5e79f48555de777b9aab19c99a,5120393902848530000000
0x2d8fc37354796ef2500fe87b0593060251b8ba86,22151707960340200000000
0xde698282e354705d609c0bc9067174160b3dd5e2,300240925010498000000000
0x0861df2e9a325d084409e433c5f7ce874def0111,20188280041719900000000
0xd24107f89b246cdf0489483c16ab25094a233521,6150623026734530000000
0xff4b1c13a4f4eb28deb65d07b2a380849402a2a5,3272831158590840000000
0x5aaacedf5a180e084d5ebac2e55ea484cf0d2780,325607744666582000000000
0xba28b4bdabedef7a9154b16387e7c456cf8184a3,15997500778297700000000
0x75fe3943a6c8866e1c41e1f35c74a9fb7a77b835,221747392766675000000000
0x0f3c91dd4f416ab4d555da56bf83570cdcf796ac,175491142471921000000000
0x87ef4cdea43bc27fe3fa64e73c257a841cbc0381,2566499763475500000000
0xd0b811b909affd5b7f3e1201d450da173796b7fb,21854104857482300000000
0xa6e63f1f1305597171e093195a0e28de882da740,395132149752589000000000
0x6ec7b4fec23015ed9daa8dbf0e3573da69e5d36e,42488476065000000000000
0x9c1dcb699e6af3ae59b7219e5ea7fef6d9fcf9c3,1580704550996940000000000
0x81e63427b2336bca62555e655a66655e0dad4c67,54287270288912300000000
0x15fd027a2488ef14da9ec9f8cbbff2cf2491620a,1516206535661350000000000
0xa745fb542476c053fb12b92a432494bbae685ec0,14716829528696700000000
0x0085d44ca01551495585fea5f92845121eb7337c,1103981995949980000000
0x77884b7aeaccbf1b8a0c5a33e254391b9b49ea8e,33750000000000000000000
0x05de7185d0a89c40ef6a4b684296debfd2e7bd0d,5855819286856370000000
0x25d8a0d5708bca2130ccb0338e3d564d9827b07a,1383040623123270000000000
0x6375fb9311e409fcd134e7db885c3c4f59b096b8,9915754136551290000000
0x0c9c3ba64072eb566b0e9a4b6bb0d7b204d68469,320374311841016000000000
0x0028f13af6005beb678a14e9825cc5de784756a7,1310082978399610000000000
0x203dfaa7a2d1ff5185af9f20d7c34bc85d621ace,102248842483843000000000
0x05747f0b9472f2f347a5e8e60c174d31bc233680,1610266950000000000000
0x31e5bcad42eb889f8a190cb4292922276959ed58,186185783738744000000000
0x4cc7ea3889364099f0462a4bb2ef8fa5f9d1ffd0,1249297430710740000000
0x1e2d6f7995700d679122af822eb66c687dd589b9,6793012626622190000000
0xeb86036b580a0f76894bd0a7af5723349813011d,101146918037472000000000
0xa10c62f91299525046232197dc2ec016f1e9aaf2,29122281718502600000000
0x2aa6b66ce9432a67953d1f37533cf0b05a5f6e08,64889900519485600000000
0x5f9c7447129fa10af4cb51e24be323abff1759e5,5816957723152970000000
0xbe836bf050418a7f3cbf54284d49daca491fe3a3,5577258884344480000000
0xdfa2c28076ded3bf7c80957976a3bb7b6259496b,10797446808543200000000
0x82c6c1a06c930ae645e655981ea1fa11c4aaae0f,9452539050325590000000
0x6572b4ea0865f71536dc34c12a6749a3993f8ba9,4253859560650360000000
0xb351369223058deff43ec30d32086947e54a30e7,22500000000000000000000
0x33340b0d083b0daa7d91b915bc9e4148b25ee96f,19749155577985300000000
0x8271ede9e5deff03d6853eb82f3a148316d09aaf,250861110691272000000000
0x8b3160e519299c387b5624e457e9e02c73f62ebd,4138033093710120000000
0x81c5bccc7d61b1cc0751c23927da1ceb38cd161a,9400748901557430000000
0x1a57ee63f38af9f1420d9a556f01736630976f20,3051000000000000000000
0x9bd48e08e3444b30113812acd52458b35c33803a,20102411241940900000000
0x7c9457a775015eee6e098cb1a4ba6cf9b0fdf3c0,546250520319524000000000
0x4a395b0efc9907a195c81564c10a985c7e9f6a15,48217816407541200000000
0x01b86aeebcd1ff94ac1195cfc8fd9e39db24db45,30418268578939400000000
0x2d46c06f048a8a34b92dfe61ce8fe696eee6d31b,685511130948332000000000
0x47ffa510e72734118e77027aaabd1672bedf9d4c,18339916791817900000000
0x54532813cd5d224bbed1c011394daa138e3dcc47,30654538524129300000000
0x0671aec56bc2e358448162677bd110d673cd2937,17183132320656500000000
0x71a556d5efd051ed77cd2057e09b31eb45b0d65e,2177156540147780000000
0x7320b08b56953b9795fa7d50aecab533e7ec33cd,20193174802575700000000
0x20c285e69e1747564376022303988aed8afe1a4e,3707546186256170000000
0xc9f0dbe892ca0b11a06e16115a466fbca6b1b76b,11754363163726400000000
0x106bf19d7f44dfd1e4d41b0890e568ad7fb5e511,273845696783821000000000
0x46f617253122a988cb62ba12f83561f14fa8bd65,2860071186871560000000
0xf3b8869c906f5c185084ab379de0c607f23f4747,112500000000000000000000
0x70549a6eedde254e72a9adfa73d54ca0879ef8cf,47529272721436300000000
0xff1453d6877c3dcb6febd30a7bc706fb23a7dc19,8192077185834360000000
0xa166d209e139e4c3885c1c8a84cb1e228b4e4274,34089100231434800000000
0xf352063be1ddd2611ebb4a7af9ff95c61dc9692a,26967470649997200000000
0x6ad32e2a06d3abec622910e39221b58597e218fc,1504534874328990000000000
0xf7f9ab8850078475632b76ded9917b3bfcd08818,26310647470818600000000
0xb6ea1d497ce6a0308113ff9dac6ba4c7ebc931e4,78059366195729100000000
0x5eb838305942b93b143272657bc327dd1cd0ae65,910571776379114000000
0x9abeebbe3b9eaa8b2156e9989c86ac923ba10175,300658303091089000000000
0xf7fa835cdaef18fdcdc845d4091fed0469776837,38367923290952200000000
0x3b5b4611085d527f991f0eebbd3c0adc5ce1e9ef,532602900000000000000
0x72534b92c950b9d4739919bfd5facd81397178eb,1017000000000000000000
0x3e448909fc3f9d1044dbef478482a5d1d064efe0,180230785901284000000000
0x45c4224f1adbb8779478cd2f8c420c7f62698220,15715342779834800000000
0x80fba1f1f11b7f4e2bbf0197da045fb82002c9da,73094453751659200000000
0xdd6b62a1a893edd191609d18f35046017ca9d528,23651428997128500000000
0x2a5cafd3d0d29eb528a377f7d6704103e26b0c0f,32947175343991200000000
0xb310e66dc463a595a5ced4935d4830235e0bd3cf,3039766346748130000000
0xd2f1294d3899d52e68d4947601c85b161a260713,36293622654965700000000
0x5951bbbcd6ffe9f599a83929f37d80a03b4d6260,24271687419074200000000
0xd39ec0556b27bea894718c981470a15724278585,112051950000000000000000
0x0e997fb7e026e478eb1eb702ac68baddf1a4d0b2,2640261052457050000000
0x325409632bccffac706d378a2eca57cafa21ab11,188889868016979000000000
0x19f94ac4c01063f4c2c291c5f1e3e40b6866111b,11410330324445700000000
0xb04ec8614d0c1fe88717c96ac7c64963ccc1dab1,1701848796177940000000
0x971740ed368934875f1890898d5ffc10ea99fa43,22500000000000000000000
0x5b283f61308a17b3ab4ef17801887718e59700b1,6316707928746480000000
0xa7eef766b1f3f3d31a0c7c6ebd0b3f31e9a87634,70425000000000000000000
0x256ea4c0fb6c8840ea26357b09c98351cc2861f3,1787012031987510000000
0x7d4a090fed6ac99348fa95abc228cd28f2949fea,15155708619220900000000
0x8c232730623037c0e11c9f83884182ba17f27f21,47818716660656000000000
0x1d08568e9e044b384d1e1662ef55e4dd2e16c39f,82590740502129300000000
0xdc4a9fd8f506631940a23724becedb562584ddae,18540489560546100000000
0x494961be42776bbbaedd81714ca5010fa3e79b1a,6428172311153390000000
0xba9cf060c5bfb19bcef56e230ae8c21fb2047f1d,19608607246099900000000
0x6d07fa7b60cce5b70cd01842310462783b00b770,22500000000000000000000
0xe678adbdac31443bdec06003cb23995f8841aa6c,22229505907511800000000
0x413feac7b3de32b29cd4c0b2464a644e4911e869,1840144557291460000000
0x068308c1e42cb29bf0a7114a400d530c0eb59f7f,299113481636406000000000
0x4b5d297614ec43385775570dacf12d1b238e046d,282480118039206000000000
0xe012b2132e6a6819c617e225ca083296992accc3,4779900000000000000000
0xeb0ff53700225fff045dfd2a574e28672f1d9e81,4779900000000000000000
0x4610ecb3e80cc038609a2f6d87f3c5df4ce23831,10716807326111600000000
0xea36b82373cfe68b57ea68db47183de3630c8574,10664133769679700000000
0x5ed17e8eb9f7079bb2599cdae5156b28fcee97d7,36395690498323300000000
0xf2d10b80f3e07a7a7bbdcfafb854c0074694fd18,1729907877688990000000
0x1b47539ad5ae28d095c9521f8ff8a66a17f184ab,46731451382463800000000
0xbb1110454acd8d188bae6b2d05fb468dad2953f6,1305136172516800000000
0x66f91039549108e595a3936ac634f57f7558ddd9,1118642316849970000000000
0x88ef8ca9580b7218d17eaa2daff6338d725b5c54,2614332917284600000000
0xecb8e55cd5d1a011d443abb223ea46f64cb3abdc,22500000000000000000000
0x2c59900b9442b7a865f93219c04f553a0d7bd003,20910649132317300000000
0x7df618c193bffd172b2194a0b66f1c726f069d1e,111590102869911000000
0x9a9a7b53856f679dc7823409127623daa0b7a973,11750018153275300000000
0xc9ff9bb3ecd8c9dd09f72096db38bbea03d86624,32193174415079200000000
0x0e8d670d40f8784c7ebb1f1a67902a6086f5f87c,689424979743486000000000
0x1bd80e642c259a38fd062ede004ee8e2e9835b91,1862764641328610000000
0x560d03f2b20e9047714fea87cc113d95a3fc7179,1913236106459480000000000
0xf4605a6a0fc095099b9aaf7ffa37c0f5e5c41434,193230000000000000000
0xd0a4f1be6ea0aedde2d7bea62925cba7ea10648e,22581195394816300000000
0x5279e55f5587814af72c91355d416ebf72dd72b4,2555617143172840000000
0x10444014ba4831fa355bc57b2d30a383baa11285,46501688458287400000000
0xb7ebc5670e5f9cf5313d577a587d2bf3fed030e1,4577620252875610000000
0x5f6388f02804d8b6c0cfd376bd7fb68224666d41,5581771917592490000000
0xc6cd72c56d94792fec8aefc492b185ab68dd9a21,492160566611760000000000
0x7b44e63635f86d6eaf961c554bc4552e8e9d7888,14538865787892900000000
0x9118711e7f33d7b12a82b0e1104730f93e551c80,2380512505069860000000
0x883f2017d51e1563f7eb751a2adf3750e2c7edad,15647896276662200000000
0xa4c824dee616cd972987d540737237bde1d8ef6e,14033561325284600000000
0xd423b323caea2b09c5131529ea8a6fa700490114,3286447339565170000000
0x7a0e830a3d349c205957840e91d644b51d031830,10747770642371500000000
0x60fb4b046b07ce529fb93598286339873d26dd0c,1476362261843050000000000
0x24025a7e3591721390932057f872ba9922379877,3964164300000000000000
0x104d3ac57712a780666370a122152ec6265e8c59,8994670448527050000000
0x61c00c2127b958df33e992185e476078e6c4ba8f,82856908260946100000000
0x825736e7336232cc595c345d049474226fdd154e,923597893058475000000000
0xa85bd394c93a689b37c76abb444d65039bda3bf8,179835156023463000000000
0x7a4de1c1aefcdf9b58edf91ca490b383929344fa,15583684214642700000000
0xf7dd33f4ab790059b9ce53f00f8f14f39e10657b,149593192970591000000000
0x67d3a0942eccb380f2277a5b6158309e7a6963c0,4527246516170290000000
0xa62064b45e4701b191bf2f9afa6d9ea77b5e8204,142393577908459000000000
0x776268f7a98d7c04e67b797135ae129f8ed866ae,1409460300000000000000
0x14a6e7c49a89e6e90449b8e59ad97dd8e0ce8881,81000000000000000000000
0x2a0c21e4dde9411c6fef20e8d34afafd4addc4aa,4218374227714450000000
0x78192828bdda122034de3c83a087412f9a1c464a,20262301227833300000000
0x21584de00bf9a041ed0eeed10a353d86381d85a9,20653099064482000000000
0x5ddc115223b000e1c3830fd6481178f185a69e03,142183704870990000000000
0xdfedc27aec3122628787e65972d04d4c151273f9,57869241332588700000000
0xba777a22b482e51d65fadaf9a8a4473d588cf43b,21047955645359900000000
0xc6d17a64193ac172b8cd0d6dd0e66331669af894,59139814053306800000000
0xf6d0ac9629ec7a86e1eaa739d558a5ab965d0f78,7260739024384010000000
0xa2c10b4c19b1f5c285f25531ebce8eeb0158d079,20460313973072800000000
0x1b0ad0554a151c350481852e02e9a76a171743b6,24461857629564100000000
0xe8e38b3913df120a07ae7d669e7dcc2f11025c31,2155355446379280000000
0x0e48e4411ba537a3fda2d3c439d14cb121a2c80d,27102789853836400000000
0x755ce5f31617ded6e41d15cc51d8ff642ce10e9d,59626823351193000000000
0xc87d3b013b45deaf38010aa23d9a3c5cf8a9b098,28053923719360000000000
0x30044b7c080a6e456386d5b9c370dc7c259ae2cd,18000000000000000000000
0x92b39b14aa07c309317ea0c1d5a76b2808ef0ae4,1711676001483690000000000
0xc39be3e63cbbaab9d2ebcf7be8acbd1e40bc29a5,21030400202821500000000
0xfaf9121c9ccd31aa519d2c5d39665d5d406121b0,21119244354440200000000
0xaccb019890bf879d19f5aab1db068057e4cea0f4,3262430372952210000000000
0xa294ae96d616d7921b0e7c9cf5deda7bd051234c,21267338583112800000000
0x3462943f79dce59770faf5fd087ee0e77545dc33,2260637633560330000000
0x6bcaac99abc8f7befd45b495ea284a4995ba76dc,22602825000000000000000
0x037215c683cdf72b93f327c60245b0cabcf59acf,21519235222331400000000
0x668808043b073d8e42ce450063756af594824bf3,19766823760317300000000
0x62f84f58091c6a0484807a1b7450da324d583e09,18658398910231200000000
0xc3d9cad1b5233cb4261b27dfcd68bd9af8ff0191,25519925966495300000000
0x67f08a674fa559445125d10b02378dc7ae6a44cb,4132640048601180000000
0x8851623d6712b2daecd8a48d84f1b5c2ec9dbbb7,21184204583844000000000
0x44bd6fd314dd5aae5100f7a9932575207fbc3bd2,256554374898545000000000
0xba1384d2b8985180dca2b40bb1c547fe7eb65bff,20630506126843600000000
0x714ebcb602a96e12af74a1d6aa4305c32f1ca8da,7893792257269880000000
0x5aaa71312455676861cf8ad1ead215cbd274c50b,9927092528666540000000
0xa17d339a13f0d7f5e4960c0726b3cb56f26c2790,21043917135927300000000
0x4ba1baa896b240486fa8986e036c67da8058670a,20834914711390700000000
0x40266767654758fd94c71c5cc799b100a2247066,21035539854897400000000
0x104040c2a567e425a81a883832cb3d05383a6c3c,21165282203491800000000
0x2eed1de354d1853ebd5ad40f6ebf7d95a81daa20,20172583390709600000000
0xaadf6679401647581ce52cfdf1277567b868b522,20991450303768300000000
0x4ff751eb0ab9568a058f89cdb5eca09ed5f5e04d,301876875232560000000000
0x6e4f9394e93a91c622aac8821a6c2cf8dc02ec78,3559500000000000000000
0x18e78acc521939e26b7d1592a9f535efd711b789,20317597958777700000000
0x68b6c1d3cdf519171402e09356fbf7b9a6cc8752,21944065710077000000000
0x234784032db05f1964430623be7ece26fa6889ce,60574459032839000000000
0x0bdf5920f4a61d32eb5b85997ad68be04a6582c8,37599740607770700000000
0x819949c31dafbe357aa2fe7392d7f2656d0c5c89,8085150000000000000000
0xcf24f9db11d7cf69b1f6f438c1a5b576456f6df2,34351999137964400000000
0x4f80feb704498052fd6743eff287cf238622672b,21458346137015000000000
0x54b325783095132a996027a622a5b4cadc8be876,2077767787291600000000000
0xff1882511a5673194b252c35f2530562f74f47e4,22500000000000000000000
0x224377df89271fb881fd53f1fb64c709f0b3086c,21647527113712500000000
0x7911fa8d5bfce62ef68b714d5b51a65a5732b101,303267929844069000000000
0x8e441287171988c211996bcaf20b26dc40218b0d,7339569171285120000000
0x05cdb88b63e609c0fd52a6a9d346b5698ff6f711,22500000000000000000000
0xd60bb1dad4ed8df7e34ca61d3a9c37768da070ba,22510170000000000000000
0x5d2ca9c220f66a5f181e53bac510fe1e1a0ba268,22500000000000000000000
0x71add64adbb965bafd01437295968502eb61145e,29893590000000000000000
0x916e316e270f0ccfe1f5c73f96b77838a2c890c9,20864853360000000000000
0xed50c2f2b42b9888b0ad80a4b7750159b61f4a5f,27560317039323700000000
0x2b794662176cce58a59c929d80c70d460047d08c,22500000000000000000000
0x19799f272574079a8dd591c13f7aed0d2f7aa011,40610573476194100000000
0x44f735d776aafe97820ac7796d547336d1563335,58997102932117500000000
0x0ef696b2da7e7c6a3113681ce57344b66bbcf559,16475400000000000000000
0x3d84cbb9a498cfa03b6a012ff5ee30239a5689e2,459427075071124000000000
0x230c2ec2914ccca9bc654d9824aa9d144247b27a,7424232848639390000000
0xc9c06e8218efab67730dc4c3a1876563a36991c2,129550479702294000000000
0x54f20208d5c44337e46ff23411c1ed6025be284e,20898283381276800000000
0xcd7d70bb7034102ee0c828fbb83776e0137dea8d,612903904848819000000000
0x3f13fcf31d1ed321e91ebdbd74b4e815f7130b73,22500000000000000000000
0xe9851b0d4a88865ca6af971a42eec2f55f1a9691,16272000000000000000000
0x99afc0f1d580f5baccfe9d4f864a1f34aaf192ed,261038679073030000000000
0x9d0442c647d42c09f18a46ac0f4337889a16f749,22500000000000000000000
0xc6571c2fb66825f13b7751b1c334810d397618eb,22500000000000000000000
0x18a031539a43860f83cb5fd9ed6c5f4368d0fb5d,6672967220414540000000
0x8b59947bcfd847f623a90a58e89e45bd814c87ba,22500000000000000000000
0xe391bc78f648bf1b99e88593a3497e00b4192959,7752970698562050000000
0x73f7cbe1cdd6b7be50502b451e6ea56fdf0f7b91,781664558047398000000
0xde1d5bd2c0520fbaa844be002a646c657a39f66a,42745469721171000000000
0xa12eec92d8c155c8ea9159cb87da4e062bf9992d,142444556073757000000000
0xeeda7f71df5a589a9b8c5794aa3d28d66a4ee672,22500000000000000000000
0xc45ae31e112605ecc9d083ed4eb27779a46b1117,22500000000000000000000
0x662d18647c9970510e734611349ebd928bb331c7,22500040415645100000000
0xa1d5e9cb4f6a09fcf8b938435b0de63270c67537,22500000000000000000000
0xf86981839c942020f907d40a5b9eea7279f9b7c3,2644200000000000000000
0x765e9af7210c2d120096ce5b5709e8060b710474,112500000000000000000000
0x7f519a1051a8e091e3bef874a1b6b50d9b8295f0,674863756053773000000000
0xae821dd30d5e02d0e14fa443dd84f90a51b05030,31804406751862800000000
0x52bd084ed2258bba6500da2a0a40a2812d0ac7a2,2186550000000000000000
0x8abb2b1ebc7779a95e2d493e5e1fcff1a3ca5a51,1017000000000000000000
0x1bfb00d16514560bb95d4312fdd39553395077af,303187541945996000000000
0xabd263d64781a01fe3d9b17f12fc95f6fccb2943,28645058846670800000000
0x2021aff1135fbc831e71d84f60603cdffaabbb18,16757542917271700000000
0x9b3426690374e24d5ee89ab9989e921d51588e89,14652932346349200000000
0x8efea4475ded9a1b41f862cbfc9956a428507315,973274333498870000000000
0x886b629f5beb4654701f6432137df3e56264bd31,508500000000000000000000
0x5ac8fb76db775a06be1b75878b7a40c0cca4694f,264039433027978000000000
0x23ba19d94fd1f9bab95823cda2169d3d6e3c2086,40214701304906700000000
0x9ebd57862d98a5c7567a179fc7e53ff7176a0bc9,5322299999999970000000
0x2b4e19f8d24b33937ddf3210a81d6aea54402e2d,1353220955595840000000000
0x8eda0bd868eb10604e9f773edb8fb0cf25c8a3d6,19631534983363000000000
0x75f2d6790159a878045462d01de7115425cc2898,77407418370579200000000
0x1319d571fa92bcf6ed9b6954dfc485a3505eae36,77408018767724400000000
0x8058a5062205d631f7c9ae042ab435012d411484,2097359440461090000000
0x6a165d814e92989b6d3a1368a51d8a9b303d204d,32715111825499800000000
0x9cab916493d31d1114a1d4f9a497aa886c1506e9,29863080000000000000000
0x8653dee340096c801aa43cd763998bc7ce38d63f,1099580400000000000000
0xda0e07866f6ab48572d1e17fb0608810f0b1b48b,10136133900000000000000
0x7ca355f576fddfdc73dfe3379410636579685b4d,101700000000000000000
0xd5e124ad5d77c836a1b28c8f941cb050b857ab31,7084970513103980000000
0x0f638c2cc65d72c1aecd056d1fda2918126fbdfe,50618078430129700000000
0xe97047f83589719791d6da5d016ecbd129bd2fcc,6000300000000000000000
0xd0d1b2def7204152088982494a0b6461d7c27a8a,2752914062591020000000
0x869d7b9ca8b385dbd76929e4baaea302cfc45b56,37433781983699200000000
0xf8926a177273202755f9fa930c96285e612375ac,29873250000000000000000
0x3fb0cdb134bdfe1d80da4bf305d57019c18ec8cb,15499794790183800000000
0x771e326008a72af5aed672d21139f41563fcfd79,1321590684339660000000000
0x7b362ab92c2eafb0b7fa28818f5ee65af7711720,261303335942678000000000
0x25bf2711bcb147b31bf3753f32c6a89a688b3518,264962456459192000000000
0x9744bccd69d5b574195628114b82081a4dacb5aa,21323134446445300000000
0xfb0c1380b2917f8c1072b49d69873445abe2e34a,264691240802320000000000
0x9234a405b420a746eaa6631f80c8df3c86629505,10284837619981700000000
0x5e160708a5abe101049a1f5f1e85b2f9ac16c05e,264090258225808000000000
0xf9f1650ad2c9b4a96e8bac5eef25d1b0dbe2b691,25285992064116800000000
0x42d8b35f9eaa5d21cbaa498c342757205cdd72b7,20100191400000000000000
0x7eba274d01c609959afd6ea8005cd695b3a62b18,14815545985088900000000
0x3e40de5c19627d5f354f40a34c6c7c1eb33df01c,3678281427646650000000
0x493409704ec5e2ed28fdad4f48638532228ac693,375423304066052000000000
0xc6003171b9c32426d743a6911e36207d14ad3c17,4574466000000000000000
0xc6179d33238b7af15a98cc90670842cdcb37e50a,2630978541224180000000
0x54841daf4b65308f9931e68e537be53de36dda59,15159802566053300000000
0xec712ce410df07c9a5a38954d1a85520410b8b83,2862034799349650000000
0x7562901cb12e98c7d0a50f3ce756134329fd90fa,477990000000000000000
0xdb1f202d688e7efc426328cd4efa0d4f34a9191a,2226314784960180000000
0xe1452baea1efb49489cf642021c86480965c9e03,94896064125000000000000
0x982dd304cf5d140b5c1673999ccb4e69dc1e7e53,1274601959540330000000000
0x85312d6a50928f3ffc7a192444601e6e04a428a2,268822682373620000000000
0xf1cc2f3047cd31edad0b35de19b45830d2a4e281,11828328255657000000000
0x07023c87471184ea2e837037ed6778999173276a,21217262667131700000000
0x8d913539a777b13d82ecf6b97f25e1564355b9f6,2880960746068140000000
0x2404d0170536a843d7fd024c10a4059ee4293915,31041679036430300000000
0xc0b961945c5832253c70bc346683f3be3f566376,20814619705258100000000
0x29dfa3b040a65ee3fc0da515343c18cdd49c635f,158811900001778000000000
0x8343860e53cbc64b4f232b0a336dcf953b2eccca,31613294301488200000000
0xcb6eac76e563d0007b3514ba1e4221b1e2b810f4,3670545875001910000000
0xeb057c509cf30cc45b0f52c8e507ac3cf8e78777,296233608395539000000000
0x0ddea4e685f6320a4e89f57216ca5c6a4bf16bad,4316481073405720000000
0x94440b86b05458f07e58cda1db6891e099f109f3,465387814705378000000000
0xc8e3ea98a439f57851d04240c96683c3eec7deef,89645674933776300000000
0xab9c304d0be3588e20ed794d01390501cdf35434,1257249856135940000000
0x0ef27f6ee5290b4d38868bc3efd9aa09662c6d25,126245214204944000000
0x90682ab7de70165dc4d4347f20278417461db1c4,9939385347934750000000
0x9f8df9a4f490aa987fda9d7c549c97e9d6095ab4,22807726536209800000000
0x78dc87dd50d82ad55c39ebabadacb10696bef96b,26975830587871500000000
0xcfa4fc9b13e58c907425122c9dde2cfd6e6bb12a,250662342159575000000000
0xe36f3c32d9791cb67e21a6af651432c875967ab6,39272589454334800000000
0x0333f6c7b94c154f8c3d8f89cc34523103aab704,118247982855783000000000
0xdcff443d0b70884680549e35c6d2ed75789d90f4,122812838977338000000000
0x57a98596b5f7396c72a30d66d3ece70dccb46acb,32145939900000000000000
0xe4c518dc76aaf80be0a3c13020d1437cfb9fdfbb,40423083164841700000000
0x08d545c5c8fb179e136141146bf4562e3db1c6ed,18308179954872900000000
0x2d674857986b5c052ca1cb07b1d2ebf304e2ac5c,39535709338237300000000
0x543a986585d42b10aa4c76c930c68ef8b61807f2,3928308929332970000000
0xe18067c9ef5985b1716b14311aa57a7de166ce43,22241160907311200000000
0x68820e5cdbdbb1cb131151dbb203d4fef563fa4d,151020011747637000000000
0xee50c3c7b7cb0ea0aae889219121534f976e4974,22521840625325200000000
0x9c09926927201527812364cf97aa9bb962a638b5,22249273085678900000000
0x50b5d4768efb012150ab4c24c39924b14acbb9ce,74246570294855700000000
0xdb0eb9d762b9a81a3b4e0cf124be93557fbf19e0,17550776626996900000000
0xa95587aebc2713dcc3b992363280de9979add61a,362575102691344000000000
0xbae2b0cf575cf2ac9d030f4db93377ae8e656057,5744371950000000000000
0xf158a9704ce17b87ac5118df611a1a9a56579b35,2026855423767230000000
0x79728646bdb30ea6b697395b6d3eafcf74057579,7119536355920860000000
0x04accb2c2835f0fedb1cd67a644d3ebba49c7399,46579455966315700000000
0x84b81987f6ca3cde2a50daca42a58a132099c731,4447005248571910000000
0x79f930b13f8d64db58717d142cfbba9747ee0aa3,9210169609512810000000
0x2a35ea45f23d8bea3f8737e161fcd730a4c5910b,34167716135884200000000
0xa219712cc2aaa5aa98ccf2a7ba055231f1752323,136333419747964000000000
0xf3d09f199e45e30f3da7f70723ef22e0facab580,1525500000000000000000
0x7680460d2332cadb284c88a36ab4f8dc239ec055,1494990000000000000000
0xe624ba6d7e7e1ce6d11c8a47a4915c1636ad0e47,9413573474325370000000
0x228118d3ea334f8d34694a4ae929c5bbcffa625c,3464678762903640000000
0x9cbeb2040dc433a34d00b288d54a3693ab8f0c25,23737565591790000000000
0x5ad03d8940bcfe6aeb09bb2e80a78d759ea7907e,8443500558849740000000
0x7e66dc013571b49f347905431f19b12fb0bc7133,1218487544551430000000000
0xaeb2a714ebad486958b247d3add47f8020b7ff54,392046836259572000000000
0x24e2ba010c4c02a8b9e93ceb013d2983332a301f,2920951125000000000000
0xb43ee087df982bdcac0e7ea519afec10d14842d8,49676959863926600000000
0x7d1dbccab094f64ab3b2900f88d65b303d817176,44185825703928200000000
0xa00d260f6c185f2ff5932e99c0f2af84c9eb06b5,13806308615197400000000
0x25aea2a746b2d9b4f3f11a2cf98b83410adffd67,1704982831849860000000000
0xc2164fb26ecc6ce4855401a8c9ef2b7a653b7c7e,238569443285488000000000
0x33e60aff189db40cb187e679c25dfd1bfa58cfeb,15468058168038500000000
0x25b1cae86ed898b2b01cb650e049a457af8943b9,93880552503127200000000
0xdb65979031a4011a1fcd7079bd6f298161586139,19332336142752400000000
0x08c3e8473235b40deede4bd2004cb388cfe63955,131564856275637000000000
0xa67fb8d44d23114311505ce814e82cf6401cf155,4177534776104310000000
0x0bd6cb52b48f084282174304a434eb44c995667a,6733881419535000000000
0x3cdc6f91d41f1738e8e1cbd2a06f64dc6da5b0c0,45117159750324000000000
0xdc3c8cfeda33b34cdfc1eea82c53bc52ef26f2a3,16473257401634100000000
0x6a5f44d24dca8417db339203d9e07d23321f030b,22500000000000000000000
0x5d020f3a58b4d66831da90ca34db4c44d963132f,34074676400465200000000
0xb94330b6c6bfda6346018474018934d9c514c862,20255453256807500000000
0x0b3db7657eff298c552fa97e5e7492612b8d8fee,3685982516402600000000
0x555bd66cb8d0ffb2af7a16d06750ef9283c13361,14575093420551100000000
0xab0fd3f3d44d384a7e4f3b0d764baeb8df44c708,27912265159966400000000
0x8db68eb7384f161d8a5427635c4deccd8961878b,14735547416055600000000
0xe5fae1a033ad8cb1355e8f19811380afd15b8bba,732123946540798000000000
0x4d8cfd197a001abe5c77eb6993280a328570c4e6,8556751355129930000000
0x602c3adede091b9954f72a35f2f0f26867585cd6,33872397767227400000000
0xe42f220a32bbb97c2ca68b8b5146a4b36f4c9938,7811052639640510000000
0x1b5a6186c4bc11b8cf0df4775f7e209513c572f0,13319328110762300000000
0x70ad81d18f2838b8650d88740d8e337032c9baac,33749995950000000000000
0x7c9002921381cea5e36996683fc4e8d4468f3491,9001800000000000000000
0x40cda1c586d11a17a984f4477c5efce89c2ab8b3,8561697641746370000000
0x02ae7f5d8f615674ec39db0beab15768c35e6756,3051000000000000000000
0xcfda1c7946ca879ae2189a89f1a3b52914840d1c,447479999999999000000
0xf43a1739838c99cb3fc801536d3d3b62bca0da0d,87084131522732500000000
0xa2a28521ce9d9b30c0c969e882ae09f417f716f4,9263721852450800000000
0x15aef876f022053f28eb0551378934c798a4fa82,249002449395259000000000
0xb9e0831bf34f0cfe8948cde4f46542b51be9afd4,566214758215158000000000
0xc99d24438690f061e522a6bb3664fc200fa4f4e1,24238486419562100000000
0xd996ddb8b48e3728206fbf0bfc91b4378d6c0c51,37886246983927700000000
0x3838c954d0629918578847378ee22e6778473239,273484002547802000000000
0xbb47516fbd74b6149ca7f85531ab51d2d11cb6bc,3362710785554280000000
0x5999498c4eedba03a6d9dd8b52da5470d807d921,675000000000000000000000
0x7e32e412686efb5dd7957d76a224c57fcd998c1b,2427660851145910000000
0x392add568c8c910d480d549e69cd86630942c0e1,10500339304847100000000
0x5816d1c63729a2f2d546d5a7f4a2508d989fe6b8,3838804640364980000000
0xb8a9ee50eb8d7f4144f96e00306be960b87b904d,10596232345608700000000
0x1fd38adb7d1a21806d0907c1436a4e84229b9419,2803350714528720000000
0x52b0c7c17effe49914e241bec55105b19da4b8e1,54746418089374800000000
0x3585ce928de55c1f74e81cc94495f44b6e410128,22500000000000000000000
0x1f507be0f25fded2b4acf27c5b3467e61477c39b,209204122831384000000000
0xcb3833a6a1dab47376c94ee9ca15bded513ca883,4500000000000000000000000
0x0ad5312a36e634dde8b332929cfc43c8b3c86c07,32910126145949100000000
0xafe24a8f46b78b09b46834d513bb8da715cb8e56,236170419901519000000000
0x3d3ad639333ea99618f4fabfb791394574dd17ef,10014775462198400000000
0x8d005cc8c0ff30ac7e2343351107de2591e3c59a,9000000000000000000000
0x0cb90ce56a6f92a972151b7d5f88bf56df425367,27585000000000000000000
0x71535aae1b6c0c51db317b54d5eee72d1ab843c1,314318635911784000000000
0x6002ca6a5a935171345c9e25c3cd6e277a4d6631,24089225304556700000000
0xb27cb9aeda3cc03ffe6d0cbd93976eebe48f02db,44949999337768600000000
0xd581e286911bb17f067a826e25305b798d65b1e2,27000000000000000000000000
0x72b72029a38f6a954177313bf5ff01987e5b8fb5,45097875827568000000000
0x825a976c53fc561bc45a3ca0c2d6e6c18111e0a4,7114763532212970000000
0x4bba504587d11f490c56ea02e53f77ee7af50783,15061444394690400000000
0x99ef4f146d654b9075f540db62b07e1d6e582802,73238953790960700000000
0x90b7d3c9a566237c72b3c304c0810e74ccd238ca,26915906202239400000000
0x2b95c5afc5974fe382d9ccda5ccf01150c9bb9dd,46919312908603600000000
0x623321a72a0394be496c12cd0f833a35715924fc,15290590075528900000000
0x7e40dc3babad6dbb81b92d3107f37e21877759f5,9169232382698900000000
0xbf479afb9eb8b74500127e5f32245fe1a66ad6ed,27000000000000000000000000
0xf4f7957ec70b17003d97f0fc194d2610ff3a4440,3351118141472410000000
0x6713ac30d0b578c50746d12cc5d7de52ccdc0ce5,7702703307561450000000
0xb26d6e78c2a2d9ecf9cb70a88b2e571278904a08,22500000000000000000000
0xd3aecf9e0856822bd320873e905ae9f78a2977e7,22500000000000000000000
0x2b35e7543fa9cefb8d5979cd4fbda8e699cc5c14,5865638328905630000000
0xbcd5981849214c1b7a69ed083182792687ea0b42,14253747602988800000000
0xcb609b14c532e5eabf1b62bf953ae9af26ba33d8,6164678601965950000000
0x06b417dc51d1ac7556607889aaa6a15f9b86e1ba,15341511348997600000000
0xcfb9b07ea027a29505180d3956a306d16dff58b6,6791659915154070000000
0x14dc2173313e76c16ede4003b72ea081d6b7abb2,4518727238823990000000
0x343692ba9e51ba5cb0dfa7310bf81feaf91b1d18,6856368856475300000000
0xe6b1147f43d14d355b2697382fc58a43c3ff9a06,1774461614693180000000000
0xa49224407bfbcfced35d70657f44041b8e162ef9,1305217800000000000000
0xaec7b2720df0332b0bf4355cdf09b799a2e650a8,259789401711645000000000
0x4c8a825eec24d49cdabc86a5372726dc85f33ade,8237700000000000000000
0xaef4e5f64711839ceb1be829de1975be49d28192,1525500000000000000000
0xc19d1d778abaddc4fadeb1b91cd4f705bcfe45e7,26867581124164600000000
0x8646516a78421efb14c80eeb1f28b1ddab212577,22500000000000000000000
0xa9e6a69c86c991ae39cf4d45afd5d77a111d89b3,249919644894676000000000
0x1995b9085d6356c5b9afb87f01a79f009c3c292b,108673418179706000000000
0x33134db5bcfddced0791a0b6389a4c621fac0616,20571226979404500000000
0x3973f248c7aff534f21834087d2426b4e1e054c4,7081377376862200000000
0xb2e2e08fda9281b41318781e77f6573520ee6948,80852197452084100000000
0x5f151c016c0cc5197b62449f732512cdc2c63a3f,937076072670000000000000
0xb792ca8551f5fad8db7ee9257e5b8cdb57998834,5712178971024990000
0x67841533da735fe0c0878ac9b9feef6da941f98f,6002322166343600000000
0xb35896f842243ee8afcd90065b2d09fa0c68e2d7,5765516456720280000000
0x29f5680f38e32b2f6c30054adb943ce0a820c416,31781390819223800000000
0xa07503efe671e3363ff01227f917f83e7700df2c,4030147784279770000000
0xa5e57877db7fe896fd7ae4db6130fb74f3b46931,41672423842830400000000
0x1fc34caf8c66dfafb61fc7b12fe7fc3060fe21ab,27065753721615300000000
0x2ea539b3eb3dd50f750881e27fdf406df4273345,2752582449346100000000
0xfb4cac430725f5871b80239b162b0c9f10b687d3,1932300000000000000000
0x5c981f5997b2dfbba93b4570221373fb429e3de6,22500000000000000000000
0x4e268ef3bb2b0eb025b42b7f1e93b9d42ea2ebcd,27130728375000000000000
0xaaa082b4f1c46d8a5ac3fad0516ab5c1a5ae8790,6654787222864330000000
0x66730039cb232ac1e6c39606c56c1b87eefb3d1f,5182158329725810000000
0x588ba26579a52ee81844ce7f46583e06314b58a9,9550545300000000000000
0x682e7fc3206ebcff095f36a2827a46f00bd3a318,40530756915335500000000
0x41477aa998e49025c5098aee2e6950c0d7a9da6c,4533944441430150000000
0x65a7c3cb6d1c3cef361063c57936d9d4c9d7bcab,349952127669192000000000
0x45a3262d276f55950c3a5c48b61738598c920a03,18401188830808000000000
0xf590382e9c1347a7e72edb10d54769f63fa18cd3,22500000000000000000000
0xbba7d68f66336626d23790896edd94129218f65b,3436410008425420000000
0xaeb088876149865e660dbdb7440f6263a4acfb92,15797864209615100000000
0x66755d560e4447c7d2a50acbb119d4896b6eaad3,3113772567791810000000
0xa1b0b899f843ec4caee771ed7c15fac333f28d7c,8301450621913080000000
0xe0d1ba9c7470b623063581332d124c31b2cf207b,2807454843912380000000
0xe3ae90525e2c0dbb84477aa340ef6a7f04c706fb,4105506812792300000000
0x6d9b7220961ea59ff1b020adafd338f51c802427,7060503368815350000000
0x40aa6b4479891c4bf2e5122ac90bff31f4e8d324,272421955943899000000000
0x0c1f0520ebec973756ef1da2e3ec851cc47419d1,281237877383846000000000
0x37035b0571d76c08cd56ca1b0b1e9eab26401db1,22282379345329400000000
0xd529848a851533b560eb7d72522205b0dfd7a8a9,29390046120031000000000
0x1961034e4f5f1b8c495d17480163e0179bed845a,20267398412305200000000
0xaec4935a8c8c7691d406f176a470e3c10aee83ee,29526916950000000000000
0xd85f7fb2e34e59d57908ddcdd031514d593e874c,7527483217369580000000
0x39dea24a2a495e181edefc0d6a9af9bd8a52e5ac,5348637258795410000000
0x6393776f946669e367209ad9c4bee0a924c73d4c,25826287606189700000000
0xa4cae4d3f59a7360b649bb43035c14ced7760d88,62647204412719300000000
0x974d10847b7bfd3a20048dee6fff926cd133c1eb,65827805018445400000000
0x5612dac82676dc6cae976f690283395ee647f419,95085000000000000000000
0x8f5a0a123d6c1d96abcacff3b11dc54eee0ea2fa,4885928995299540000000
0x2a309ec427e8a227bd3823a65da2dafd8b84bef1,32157759282727900000000
0x84d0f74d21a89f86b67e9a38d8559d0b4e10f12d,73474711224961200000000
0x31ae02c71f1f10d460ecf71e10325fa4b6792061,6381220618961920000000
0xc5d12ea19866d7fe0db4dbe613b6c2c915d4f618,52219395552878600000000
0xe13f6ee087c7f63833ac4c6a36b5d87031a59229,12019080652856900000000
0x9216ee2d2767b0bccf79940a76cd3ecf07097ec6,21537883922878100000000
0xc9ac0fbcebbf6ccbd0f16004c645fa49b160061d,3145357723805900000000
0xebecc0a1eb0a05f3ce7100f20ec6b97cb93f0965,596640329160238000000000
0xfd2a87116f29b3bd71ad85450881ff4351271284,37778056606561600000000
0x797cb7f07356ac6f77dceff2e7e252b77627ae11,17207393805348900000000
0xaf6b08f1c0891f022ba2457678b5eafed1b62404,2683601771910440000000
0x75dad1f315c1bd5c4cd60328b949ce75b593def8,51156768619492800000000
0xde7bda3eb5adee97c3ef250ce63bfe917bf679ba,22551981511180500000000
0x9501cf1fa271623ab506e38a0378cd25c68cb391,24083461763017200000000
0xe7d473b0603e813f69f59e6fc595eac08df819de,23263288157765200000000
0xc552fe745458b1698b5c277866e8b0ef7d1d04b4,793423735244414000000000
0x0fc6e891c8485e205802f3120d1e485a659a62f9,166016475483003000000000
0x913a825ddaa4088a7b80513cf3a54f2561c24cf5,166092925004716000000000
0xf8839c9fbb071d4bc07f5aac415b6e01f5205fb2,47125731911881600000000
0x8c952cc18969129a1c67297332a0b6558eb0bfec,263985507853499000000000
0x8a183976686c15797b86aee156e6b6c451da3ace,32589812789204600000000
0xba3d570535360bc9383b28691c872959d4a34061,225000000000000000000000
0xb5cce7bc0ceaf22e05b254c619ce8c1a7aff8fc8,1830647691656670000000
0xc09bb0a29b9a8965e17b00f85e63f353543ac572,20110906039840500000000
0x112b0704447829f2a15f6f31c0845d1e01624579,147453174481701000000000
0x0865ac88224f30ca44237d9a3d79fbb1119db9b9,162240703019202000000000
0xa37b188ac91ddf8557cd01020f0c2068232deb81,23017494629156000000000
0x024989a58913a06d19d5ea36f0828a15cb680cae,253656793456955000000000
0x80411fe0b947266d12153378bc11a38c2607347a,1139032710038230000000
0x3ff215b85126b0bc7f65519bd444b9b90833dd0b,961255255446471000000
0x5631ae503b452175157c7161d3c078fdd0c6215d,4416725594894080000000
0x756955de3fa532cfd5a87c1211c641399c682bff,610200000000000000000
0xc3ea6aa60786e81cdf705d2e893e4815c3c9831f,5166846500192950000000
0xd1f4cf428835a775916dd767e11553b5649eaf87,33925709603973700000000
0xfd68946edbefa6ada5f6719310480f724568996e,2981242010504400000000
0x0d85964abe96b98f7c048db0ca9e4c713bc027e5,37880837578912500000000
0x0029d8dbaeef9f218a578eb4d685159bc9d30115,67267856449317400000000
0x7284bfcad25b9d16c5bacf72783c8a16bde5763b,31541455136229700000000
0xe1882249519126a144083abb13b33ca3cdcc0be6,77012042936067000000
0x4b1f140a82cf40a955d1e8ca2aa52e128b593722,3169059923808510000000
0x4e888b09e0db94d2308b06a1f9486e2ec9bcbb41,7398486719880360000000
0x5628a3adc8d8110ea531592aaa23f516f36c18f6,27774270000000000000000
0xf712ab8c4505eb4b36a2ff9fa746470be81e6538,297638157473832000000000
0x9aae12dd452f78ae8919c2168717e7348392ad11,448164852898939000000000
0xc08ea9f1c02509499bb92afd399f6c140b537e50,193230000000000000000
0xa4a62f7127c644aaef733029e0d052e411fdafb4,1321323607379550000000000
0x34968cd2359e88201ba2f9bbc7ae2d2a93b1f24f,2979810000000000000000
0xb7abdd02d437fe0a8b26547f2f44261f25843bb8,42847991825817500000000
0x5bbc261de4ffd714585d75b242575a2c55e7d89f,45861514238096000000000
0x35f6c833c3e51328df66b23e8911b8750dc1c8ec,3341543939072330000000
0x1094c724ba10de2bce40f3d041dbf249e3dfe7ad,1759410000000000000000
0xda6b4d57e31f772e2044dc8b9d651d7d2a0275ed,22500000000000000000000
0x818854b363b90791a9ebc29e2f9c7f1055ee5a4d,1080427919687550000000000
0x13ba3308cf8c3c64659919819499a2711dede8f4,4500000000000000000000000
0xf4998f0c3e8993ff104ea4135901277325882fa9,35238726467010700000000
0x108cb445333edf6124570593e4e593cdd899a126,9870152424811840000000
0x7351ed7ddeb3b4b5b9d309a7801e34eada21c130,40037127910463500000000
0x785e2c0374120f6be08dbc1642d6e996f0ec6097,17484159821012700000000
0xc534a272c8640696c4d9257c660fa52058c7175d,41577743585488000000000
0xb160309a1e8f5f43493f86feca656bd80802399e,7429374850754100000000
0x2bb64f1be16511278ab06fd6ff4c27388256858e,4236586652520330000000
0x772a6fb038d12244ebefe5cf221ce6bf7e04bba4,7389565332541440000000
0x0d36906827ec5b34accf2910fb2eaea6f57e8125,2433287665959290000000
0xbcdf0453908bd19ee169f9a82350101f41059a7b,16879243634469800000000
0xafe12624f2d8de70b46534d8e4508f0870dde386,47071261983100800000000
0x59d66b384a75433add7fd55b04586254f79af94a,259183480787506000000000
0x89231f349f6c4910174baf1fd8155485eb817365,22500000000000000000000
0x1d0a10e57bf6e0717623c5a36f555e4a5e5c021c,11250000000000000000000
0x3275a74ceedfcb8cfaa86ad3e202574b76bc865d,22500000000000000000000
0xb68dabf88e221fb4469928ba1ea6dd312a342aaa,1095299111963830000000000
0x285860e1f828bc2f34979b31cc2a1a1a5e565d66,20040538386754900000000
0xe8ba56cff9771678907b2950ed5e99b5b4599a19,3331168420088760000000
0x770e5f48c9df3bdfe6810d48ea1bd378dff174af,13512955275000000000000
0x009fa7aef8e5a3230ac5028cea68998e2da57f9c,4078217726039530000000
0x289eac609441c8bd140b13d5b71c769fc7dcadf3,2237400000000000000000
0xea88e793a854d58da3aa96e1a35062b97ce93925,35236365652397600000000
0xba89aed599eb25a5b14bd263c41b645409b46e07,8079420509579130000000
0x3d8d9e4732009e38f9893a691f206dabf2ea2617,21679016150710800000000
0x3a79cac51e770a84e8cb5155aaafaa9cac83f429,2798268554477830000000
0xeac63c27ef2efa3d9046e0ce99135c9d1b086cfc,1602944550000000000000
0xec55e496f1230c28e1ec768c5503a60f4bd259b2,3885262500274800000000
0xcdcd260d759988a81ee6cad5e1fcf0f48e0910f9,43412905342168100000000
0x19f5911e4ca69e30449ad6bb71de341f01f118bb,25424273692513700000000
0xa191fd04ebf22bb9317094557cad0cf68d0767cf,30044547964474000000000
0x690661617843593d91562d6dce9e9316ad3d10ab,43409391001206300000000
0xb3a81311c3a178928cf96f5092d627a259dc5ad5,247218259740314000000000
0xc828febfee7c599eed963f0b6418897bfedc4e38,47968844741433600000000
0x615c0effe79bd28fd95e823aa23f9c277ff8977d,45238592089144500000000
0xd3638ad01f849fc194969d3f301161af9049a198,73868099999999700000000
0xe4816cbc5a31c2b5cbc8745a37b0e3ce652efa65,2156040000000000000000
0x9ff65acc2d2c17f8dc5be1381dbb5546df613631,43670667351210300000000
0x976e574feb14f1ecbfec42b77a4b46bb0ab1341c,25425067800000000000000
0x844eb853614bdcec4c9b9e9257252206c1fda64b,3300809396937220000000
0x1f3d60acb224adde650790f4c90470634e09d13c,13954521474455900000000
0x7ae7f924b1dd9bea6100f950a26e78f462fbce85,45257225748266900000000
0x69b8a24edc9053b3d007710e7b986df40a0bc7eb,5084448060405060000000000
0x650b47e8e1fed68511e8b44f2d52b84d62dd48a9,6620966354147820000000
0xc2901e8aebb4bde5b792c5d6c64f461cc6f50fb9,21712625015093300000000
0x6afc8fc9b1db42904503b16dae1150bc38bb23aa,5500252867046560000000
0x1a34141d0850ccf313d4efb0b7586c1770e38c93,35984850169500000000000
0xa42b37b50fe7f1a4850e66881c22e80a80a08240,22500000000000000000000
0x14603d798055859b18948c8517a360954d28a2a3,15167059342752900000000
0x229e51f9a1ff83d5e7699f59695e7a808cf2f854,2133952462700050000000
0x330c17ccd25839dc9aff158a30ce42959d249ea6,810519894903387000000000
0x40067d0736ff54789ab846b9a23ae7573a5d0cc9,20984106780000000000000
0x296f502da7a3656a2bfbc34f72d286a7ce6f9c8d,11897385551378000000000
0xb94a75f5e0b0efc5610d9e8df863a9893434b7b4,604860755528855000000000
0x5b4a301a25abc311c3697ffa1cab0a6efca3acfe,28398874628159900000000
0x57a2a5e6288f074ef12bfbc4e0c9e9133587c5a2,21189508299297100000000
0x8ae930c3db4ca2ea1ecf4d541150ce3daef2e16f,21020132491534200000000
0xecce7f93f1970e98ba81c535321a1ee15d900c56,20891229229189600000000
0x9abcc0a4e71c0f415c97ce0269fd858950f3278a,21061355056430200000000
0x2c8cf6cc11082fdfc988a85ab0a93ad2f371e9e7,21035004078188500000000
0x93b7de84ba91af7edb77b80fa352b34f976b5342,21045911820838900000000
0xb1193069bc6debd64e7d3a51026ba7dc91be2d25,21068324745788800000000
0x4d4025858175850aa10fc228d06c4c3ac765d25f,19237970777695500000000
0xf7d08e03d668092100107b5580ad907c81f19d9e,9290809786544770000000
0x3dcb531e773adf1960a71d4e73adbf022e5fcd04,1525500000000000000000000
0xfbc76fc5186d3c2e30acbf74f63465cd32384263,3169058405883130000000
0x60134afa482e525e1749d8c4c71a5008e0a27934,21085853832913600000000
0x8b5aa954fa83dc0db57d25cbbfd484e6d753ac40,21061241919778000000000
0x607eb88801e6a89eced139278d5ef0ea3ad75a6c,21108323914001800000000
0x6e285b145cf9d985af483ee552292eb44111e933,21108749329456600000000
0x9e45aacdc8eed007d0d2b259c0bc543872acf90d,21106697774650400000000
0x8f4714060188f4b878739f72228f5d7451f18589,20973218199828400000000
0xfc772ffed41c769b939aa4c97a131f034aa85a92,21146358585179600000000
0x37eca2a9bb548aa2f33dfa419ab30e203a68348b,27789108031915900000000
0x474f897166db7c9aa7815a730826c70e2dad270d,21038643527726500000000
0x45447766553d2d33b78f4b568fb862ecc4657a0a,21100895343333800000000
0x4cb75146e98562c9d79b31649c6c739e4dcb7cd5,20628156671285800000000
0xe83d91ec67024d46707a98141242e73c77e9f936,21142837880429400000000
0x480a76b367fc60bcda046768bea629438cf33a9c,21098885433322000000000
0xedb820557ed82c986e923ebc144582e6a2b7ceb7,21081132698381200000000
0x18bcfeca6349d8df5b560a756a2997eb66aa4dd6,20997728956695700000000
0xd5382962b8ec74e27c7c9da2083099df3c6e4687,20982413058733800000000
0xe8c32c028adc995c9cbcaeafcecbe357b8b73ee9,20881900065816900000000
0x3d8207cdc540f415d806b3f57b68d8ac31c7ab61,21075398983512100000000
0xc3c20382153ba2566cf213713221e40755c249cb,21746831823679400000000
0xed32826bb99adc9fe3a2cb2ee9ebf5f50854f0e8,20992271700250000000000
0x743b5797e6d2835e843ddd39c227bebd6e15c1d4,21847791517167000000000
0x767fedb67bae8805d67b5786555693bb88cb1bb5,72897760926532600000000
0x1b9714b20a2e166a21707b2b24064510f34f2c98,21131061095880600000000
0x0a83985e4a6e8dae2b67bed4f2d9268f6806ce00,1191434252467900000000000
0xfc961534a0a55b925db2c5ee546c8a019c0d78d5,5848809799527890000000
0x9b0b1a1cdca6f64b6bfbd9ea43d90d5474964f9f,16609781311979800000000
0x486d1ec9c9c8c5648d7402f20ab43535f76e4a5c,11558938375860900000000
0x98a529e3488c2d44566881feab335b17b1c3b430,778559436686105000000000
0x044a6b35c1cebf99205753f7b0f13806b701bf8f,24346980000000000000000
0xb529c47864c513fb3060f0fb0821bcb11f78ed99,2009896674325690000000000
0xc59617071742a8c56f2ce8b8d2489ab8d39aa1be,22341224554255600000000
0x58a0f68f41bee7e844cde7d19fb3e95ff877e33c,1209619800000000000000
0xd20e2fc8888070e2d6801eccfc8af82c7873c75b,4985647473279320000000
0xfa02ffdbedaae966e1aaad69004f0d9ae8bc4364,4765737933937860000000
0xc636ec471c8f44c8a5d79c86045aea9f3c4d5bd9,30720217074353000000000
0x49b686b3782669d1382c94a04ef988a9f905d2e0,13881147934164600000000
0x528f5a5fde656f6f83b85413082866d638fe9720,4813670944757050000000
0xcf38884fba505e66252d449cd72e5558599634a7,57111841765898700000000
0x941cc12d91a5246895c13d9d9d621096e80276a5,80028450295652800000000
0x72c5cd18a51d53db34072546a7a38a4f73600d92,30442770000000000000000
0x6523e9ad3dd4cb6982f8d72d9220670ab51882ac,25686161293031700000000
0xa38e40797faa6ecbcfa4a64f14c7622d090e8a31,328878869515894000000000
0x14c0338959d08eeb21cdbc7e1fe0350be87d1fa7,8568005107094490000000000
0x523be2d66ff21069840118d18e2a3aa55a866cf6,45000000000000000000000
0x6f27916b2d27f538413fba9113594899ddf44db4,10829379724920900000000
0x22ec97503f9aa4ba17b4aa2a8ed36af96a943518,40562182081616800000000
0xdd4b0803d8cea3095b8d4dfc0c753a1fdee945b1,1678050000000000000000
0xf39816f2785814ee08a8f97ba6a1c6649892bb0f,34963863827603100000000
0xc358574fbec5efd698d4421d4b2ef99a8111ecd1,18379462081286000000000
0xfa94208d77323931ee68d46c20fc0ed2ebb55549,2651181844877670000000
0xce9d952839905cb76c1f00454ac3dc1ca76b3ef4,10098569777827600000000
0xe1f9d37e3447505cfe53f9ec50691a681fc12815,50649154330062700000000
0x91e2ee363656403bf507e98f15f2f912b6ffa3c8,21157767125119200000000
0x8a876018a35065b67f06ed126b20ed3e81e4f4fb,91141815033541400000000
0xcaa1cc1e79db7f19f72d7ed4977f51b975adab85,15106694490541500000000
0xf1f957595dc117128bf7d3ac5f71042a889b826a,22500000000000000000000
0x918d7b498184dbef17aa6a647342ffb10e72bebd,4628091183019110000000
0x86ba8a649cdc9a0e6e911385ebdbbf5600b3c367,13405394573271100000000
0x46e0ebb66c75743ea7cf223830b6d01d26c9d2e5,7555049865145900000000
0xff9fb8a3e4e736acf36171da7cdaa8794c9ce9d1,14193619662388800000000
0xc2cc1585f1f16e8464476bd90f01043bc6332ba4,23096124556533300000000
0x53fdd2853d7bb8fbcee77b0eff77ef7f180ad38d,8806615485063560000000
0x40ae1f6d9f44ea53f29ebb8c95b21185b3e0f39e,6454751206693080000000
0x683aeb4ce353157d670957d783ffbb3b820d8166,1544689277387420000000
0xe59be152ef9d325c5638596bea6f07c9d36215ec,16693192244382800000000
0x9b5a493a922fbdfebef5ea026279d6c1c24f29e2,15628219168500000
0xc4b52cc72d5785e418b6f24a56df1b3f67674474,21584428748283800000000
0xd4fdc0544d3ae465d5905fc3349369f96d8528b6,21765605762609600000000
0xc84dc42b652f5d970f3656e835a1b9512023476c,27252896999073800000000
0x3c61d07632b9b01fe3ebeb282812c6ac2e6b6501,24285035753635700000000
0x25be3605ba7bffea76338652dd5f117b97b82639,15261288926311600000000
0xe5d0b5746e837e8da4333deba11082990415a0a9,25289805415157300000000
0xd24f97006c8104a830023145ce26a242d537c97d,2297447428371140000000
0x811f631b883e5e2b32577a75d36cd976b9d19556,17674868340937200000000
0x4513d1a68b966a6479bc0de4ce9c263cf41eb2a4,20207700000000000000000
0x5431f59e673f7a910cb99c87b7e6e6a347fbc635,657752688569836000000000
0x964c21215dd25f1493d0610d0dc6e0e486432e77,61004280135574500000000
0xfde8d0168e1f9b0eae204000e29e40118281c7be,22500000000000000000000
0x5e2531895621571f75e87e7cc1611a89c34cbd25,22500000000000000000000
0xfd5f1397e32506aadae56514bcf6ce4246ecda0c,109955347506587000000000
0x54135b80f795ec386bce92298ab3fa939394be8d,6778357586250880000000
0x39c645ddca8cedabae63f38b255edf2c7092cb1d,22061425050000000000000
0xfc2adfb3d1412c946d898a48b9b96654257a1133,26013842614029200000000
0xd240048889cf1435d6299c0d1dd9d2a0533a4397,4281082177668410000000
0x19f5244ec162ba513f255ecfc95846390b963ed5,20758664606802200000000
0x437b28a6ec8e76556d99fa571006ea5da594aa91,12333291284056600000000
0x4e75e1b8d9a0acf272b2539c6e36ff9b08d20f7a,30514481663370800000000
0x53ae3f85703ec52b42e3986819e22aef64305a2f,443295219920973000000
0xe9473ddef77b8973c30e501af4b84b7e22fbd572,344303179251893000000
0xec8a5c2e10268d6faed8fe94a0b82906e50ed563,53774177491422500000
0x1aa1d9f3e3a45417eeb55994041fe13cdb26cee2,22500000000000000000000
0x0fcfe3c0d30b88b9b06f85db087439c524369e51,310424213280256000000000
0xe7bc34716313b4f18b9584a6dc0ab959ce2f4388,8917898694864840000000
0x09d33df52a5ec96a1a84b0e845f4adeb081d9b71,2357460526242450000000
0xb5ab2d2ce88374b8995fe4ce1407b4be72a9ba26,1525500000000000000000
0x9ebc0b1bccb2c2412b661510f2b2e67828347f0c,65839493700000000000000
0x9f9692fff5ce2c81737f62bcca101a7a7bc31c46,297835005488290000000000
0xa383f90dc7b8f9a46bfb4563559fc31bded32dac,579525838004762000000
0x4c17137e659ae2b9715dbc7f9ef4b3ddcb6028d1,10133980572539900000000
0x9e716dcba3165044d1717c8ca26ebee94e8fbfc0,35064599966147100000000
0x7e82992d1c883f922e0cf2d91428f84744792d62,326239164963177000000
0xf0d7ca49d902ab34e1727171732ceb0fcd3ae275,202997697728561000000
0xb64b3a2dc730545ceb42699d8c69bd5b67ad395e,22440461305126800000000
0x2cf8c8c5ad01502deaf4095ec38fc609453ef8e5,224332029283107000000
0xf1c28a12d3a318b3e4d06ab2e1f69baba94f624d,276244792230910000000
0x5edab16ae9f6aeceba0a016000bcaf9f650ff486,138305790000000000000000
0xea063d6fb1e88d466ea7e36b498e64db90e45116,40065241626832600000000
0x731b257a15af0d77c89d65cc1303751f6aaa82a6,23526152287197000000
0x2c229f8803d1ff882954f62da7d99a4e19865929,34020225959770100000
0xf8dced1f97d366c43b527def32a0ca546e6e2b64,124019035926602000000
0x7a247b651b81a35a2371a9237ffadd8052437115,87042099386842100000
0xcadd306b4e0cda627ad75cb9047ae23b1568e322,279545636947515000000
0xe84a19bd3655fb4c6d1bfacb444335620478e472,154331737251762000000
0x93c1fdf5b0d5be85099a80beabade1328783f2c0,63861581925000000000000
0xf6de3d6eb349abf2aa7211392888e81ca7659d51,392535932768082000000
0xec8edfae340278b79a9a7ba58c8f97b36f3739ef,22500000000000000000000
0xa6eda1465d259ce1643833561e36fce3d54993ad,20130109270714100000000
0xc499afb7a48cddcae12c1bb12ccfba65c00f6a39,512749668251828000000000
0x5325dc6066048940e933af43fbc1d9fd9ca979ee,7094631337714590000000
0x3d60b65857017703c2dd8a4b3f0485c68de7f7ab,1207218201386750000000
0x298523faa843ca40e83b7934170ca874a4fa1b04,22500000000000000000000
0xf29b6be9bee1de7434bfc727f8a2a3590995354c,28921759346305800000000
0xcc2e601f4e686366b7a0a581eae4d26b0768f4b2,184735984500000000000000
0xef034e6523f1fa5a7cc0fec2569101aeabd249c0,16215527411572100000000
0x04cd9cc35601bb748cbc98b549545f44068cddeb,33687000000000000000000
0x63a2cbc6bceda3cc12fc7def000c465c20bf3bee,112500000000000000000000
0x8b321f1e491f78234ad1627effc3debb5c8d4230,772920000000000000000
0xcacc10840b02bab5e9fcb20c897d786514b601f5,1753308000000000000000
0x29a64c38a4a4166ff5097b86d22fcd353bda5cad,3677851506160800000000
0xd93ec7e214c50fe64050d0a88002942f0e242659,318609761502778000000000
0x01707f015c69a2146704982d99e7f906aaaa7992,10546114015070700000000
0x52255adf53a3be2c9576dba3afdb46c582ee52b7,13652133210000000000000
0x3e13dbf9608a43d0ab4fda8d6c8052a39e9c35e3,3090651124635320000000000
0xe2942d62c2d00ac4cbdb29af64f6ec06ef156aca,45000000000000000000000
0xff037cb5f1c99c1c653c5786f8bc89af232c77fb,90000000000000000000000
0x3eea986f694a6c5c3e1468f34f1f83e1fd3b868d,1476806679000000000000000
0x79e3371d3b3941b2b43e653181e52e91789113a3,28401930000000000000000
0xb9440515c94a66b15ccadea014808a1710209c69,7635560025618080000000
0x4da39bbbd489b36f9a0aae72374f2440ddb39404,48524079947713200000000
0xcfc55da075180410ae20a754e151065b4287b92d,22500000000000000000000
0x8c1565b607994cf0fd0643a4369ef58bba3942ba,22101743736903400000000
0x7b230f8235f3e3b14aefd3ed657479e8ffd931a7,32923297212388400000000
0x8579bbf4db5f2af1dd5c56374129c7df0e56e42b,5139222737164020000000
0xb2089ae37a98db2314e5616f1246a69efd56f711,51252580475542300000000
0x18fc15d6a2cf92f523e5d6cf878e39f354b88093,37799952718373500000000
0x39c4f7fc1ba0870215fea5e94bee67b5ceeaaf02,234913103244242000000000
0x4a9b562176bd1da06b3cc265f2710251d5e98290,274811517598584000000000
0x1411bde0514d1182bf8f34f8a31cc3edc6b0889c,24094738093893200000000
0xc6d6510000166c4e4043a68249952a7fd9650e19,5649435000000000000000
0x8a806bc475331f20022d897e4f9dc066bf0324c8,45126924660000000000000
0x5836b63945d38ac241b700942796f3faaceab1e3,3350003123907370000000
0x628d405f175821a6463274414720e64ade28fa74,23136818270792900000000
0x6dea8be3f839f802975b52faed98b9242a63b445,35050880030076000000000
0x0675305120949d8e9f506380238360d47c1d76f1,4607698954531430000000
0x2c8cddb4ed5aa7d28fcfcc75313de4286e0b5e32,128120014025475000000000
0x4d061713f112100fbda4c7d4d8e82000ad90267c,854280000000000000000
0x0c3a4fa7075aef89a5970e9c2607e04e7a074c32,25183739139043600000000
0x8be9e4cda9ad24a6370b3f12b2959325246fc82a,70919979007838300000000
0x3e0f006584a7bbbe777e1fde986ee55b85005237,15361673598848200000000
0x6b6ca48da27304eeeb1d15d355d948f68b852733,271043949669716000000000
0xac1da0859e165ebef8bccd0a876905c3ff499da4,200474956289361000000000
0xd690b7e99ac77658784fe48b755a73a863625caf,22485204570851900000000
0xa89883404318a533885ad69dccb4d65d8e79a78e,41830010620746500000000
0x74ed4b81890739185a04634ef037c4b3b4bf53ba,37177311724139600000000
0xeeccbda1d96b4746752afec17431382b8c2819b5,21465916848317200000000
0x2b2332978d79ac1d89914fe7c1cc48970a71a825,5066256944861220000000
0x8666f346df38c7e38430690397935259a3b782a2,2594874508925830000000
0xea9aba09189cbcb9545824ac6650f8f075b693f6,7197617549700610000000
0x3f1a54684bbf27e4b7ac4474f022b782a3a79686,22332081677555100000000
0x0c824dd3516483b011fea03ee376592b6340402b,22075627431302800000000
0xbe782ec98ce7135a056e31300a9831fa35d52865,407766683876135000000000
0xd4be1baa6ce343431a37aa77d3d960030d989a71,4972285492852350000000
0xee7e4cd9272a71a893713b0a56c143b5d8c034a3,20730257431383000000000
0x4f1aac726b8322fab05971f5732f8658ce4b1f75,670048918606973000000000
0x5ae923e68436d29042c37ddcd037db58abd19032,220405927239048000000000
0xf1c05dd73e643e40cdedd439e1770432ed6eca6b,4156201782787970000000
0x383f554cadc3cf7a7a2c1f649dc947e86d995ef1,1298152956385640000000000
0xe175c44341736349fcb4c1498eb27d77b96d7bb3,641350516142519000000000
0x514a7e9bebdb461a633e412603d2f8b426bc88ad,41446615961861800000000
0x411798e357825f57a842bae53fbbb2d3976639fe,5444944719046320000000
0xf72b782cb874ac045b3205984052c1a8bf451157,8661483900000000000000
0xc65f79472282ef74ca4129a360a583c2efaebcfc,5078766989269790000000
0x6ba55bfd21895746f86ce2ba2b977f920447d82e,47993736224876100000000
0xf4f80fd1bcbf407adfcc17c2f27a4c262bc4a8d2,878980113651541000000
0xf8896b3a560d2255d1dbbbee1cec10b032c756a4,3017113560000000000000
0xe4f63f33e9b762246e7abac576f56c9f77fee147,1050916950000000000000
0x0fb4240d6b852350bb5cb808e3b24e446f2a01d3,1101792375000000000000
0xe49ed6c54c34ba69e84bb9c71691e21f69df63db,1033983900000000000000
0xf7e9d94e771b8eb1997ffc018ee33c2ddf2119bc,1033983900000000000000
0xd19389e34df0c070f34030b18129ec83b5aadecb,1050916950000000000000
0x05d1cdfe9678682b880040ad846fcda747cfae42,983123730000000000000
0x5050d3b8a16553a2797aa46c8b658205532d7a9b,1050906780000000000000
0x48c9e64ac10db2a1092efd8cf89a101ff0bf83d5,5115510000000000000000
0x43824c33a585946ea739c38bc83fee3155ded297,45602408843720700000000
0xbc3d0b08028bb6a510f214f331deafb6d830ab00,44844871006384900000000
0x6544c3ede0f63381492b68ac3f790abf6d01e42c,1541033219122160000000000
0xa315377102acc6a2add99c0baad2c9012b95b240,2339100000000000000000
0x8e0ab3889492c3d94444b55a21f34f66d9779c64,45620848238934200000000
0xd8f6bf24faf972b40b78e740291516386c10f526,47555125827289100000000
0xa567501abf12f401c9e613b6323c43cf29b0f92c,96373022820944500000000
0x7e4167a8ac2eb4e3a2cd0ec370cb6b07de216830,50850000000000000
0x887fa37fc0b96df80be314ea59b7b02b63e8be32,23751524526506000000000
0x34b77024c963ae3794f76c46502b6dc60d9d57b8,1024088728195350000000
0x56f2c4cb8518d0a4ec749593df574f7597a36140,91841785585910200000000
0x4e92e9c4b3e0e32d1d389520341f214c8061aa72,13121593866091600000000
0x385c1cd65f9d681b60642cf8c1c1ed201f064718,237624577249958000000000
0x7bdd41cd947b1202ce605f5af5f80890abf49ba0,1257057327025100000000
0x9a00a353525fcd6f8599cfcd3c2e6895b7b74621,22945043905205600000000
0xb3d01d33cd613a24c2890c9cb138224f0f7727e6,33340200177120200000000
0x3a92b4bf4f6528dd12f8b0feb4e91768f65be781,362925000000000000000000
0x273fdfc4c0b2251c4758b54e1ae9b5b5ee6c4455,67500000000000000000000
0xb1a1662c074db8e65863b5f412fcc65471e0742b,24227480006483000000000
0x978d5a5e2f908a7475b230c3266ba61ccbd9aed8,6342985001688670000000
0x551d9262265f9de3b6b9a29ef13d412ee96e3dcb,188672310345188000000000
0x4db5dd00731ae3b04e7128d0413dcfe854c8a276,19495584900000000000000
0xe2a2d9c4ae144b8c66134522a57a994ab4e7e08b,28090173142451200000000
0xa9eb95cf5d2f1c5bf0c68bd5cbe863b1fa3ca6cf,1052475813825520000000000
0x14b8e759e1cdd510522973dcd84edf82dadf57a9,393273175925327000000
0xf1df09bba5e4440e8a5ae410dd4e199706d23bf4,306314529074274000000
0xc69801cdba5e5ad2b91084b78856578b33e469db,96598073625936800000000
0xba70e40c218534db2d91d86bb317a62cea5c1cac,376731101363659000000
0x0c9c5f404943180a689670414364c6e9af844c9e,392385594882145000000
0xa0f129d76120248c5cac0bf91995108e9fbffa8f,274960947231730000000
0xfda63aaee492844ab2ced371858d0d478a4887d9,304650058125850000000
0x50be426559e42a249c0ae3254b98f4e34ae4e17d,301783419336663000000
0x59b7cab462e5725739144c9ba2df896422ee8493,326927819639414000000
0xdf0d1567e52a3f68ae63a1e436cf6a870bcbbe39,18511299923857400000000
0x14eadb7a1fbc99f1d16c10e4295fe28ef795fa8d,3188099221733610000000
0x0f922af2cafad417ab72b83706a87a307fc8f2e9,173333728759092000000
0x9801676c2abc339e5395baafb48b17aebd4f9372,307994323742823000000
0x4847704242589b93f52e46e4a824f0eac474edbe,153718097994808000000
0x89141bc0cee51f6f9c1e5d093402ce5ab5a4bb00,356238002472015000000
0x28eea86d03ac9f020e4539abd350b79550978b26,279136055679738000000
0x4b8d42484d48414f7a3467ddd8fbacad53a010eb,409781219756186000000
0x494531110e5a3dde01725e09fed7165ecb16c626,254869149363185000000
0x8aa72b7fe620999f7a784097a1e7de42f225fa70,442897913454340000000
0xe2c44f05ad18a39e78e24c8caa8f812d47842e31,205270731719756000000
0xb05519ee93df8b9659d81f6db18eb6236483d0be,262626030410656000000
0xd70b45437d6c87d90929bf35c4fa11af9d17534a,408910446546056000000
0x97952a15d277b63cd9093738f31bb6507db197b4,407653424277102000000
0x827c4243634e99b146c9fc73cf703af5e5d183cc,249097186562086000000000
0x18e650e72a775c9dae4a17aeaf12a7ecc58c4af9,40809034767133900000
0x5d8e88ac5751be8054c699ad218bda56cccb5ae7,393361904879276000000
0x399a1f04d6cb5aa37c2929f9c2cf5882cc673ae8,200285262111071000000
0x430d7d89b37cf053c4ec9be0e728a1c68cbf92ae,160432972637380000000
0xa7ee858b0ddea12fe1552a325f69b1e0f45f5f21,56680537278329200000
0x09b0f2620fd63073c3a1640e36d2e60f32b30972,175971113219516000000
0x9d941690744697475eb9b19f3946efcdda4b9b8e,88293617835535600000
0xe2cc06af647a79095a695a041d9244fea7cea8ca,76544098557806000000
0xba8d0c2c542ebcf964e376b3e5d7a3a92fc424b4,204479747443191000000
0x87c974f3d39880292e8ceca4887a6fdfe1378e9e,174027727916123000000
0x4fb49e917866e0ea4a5a32672daf82ec5d87fe0f,276122929986390000000
0xbb05d0b838b9e638eead511c9fde81726a887a8a,147431222509467000000
0x61ad008ad0789f551f0ee0ad1d37c2c9038b13b6,197613868042297000000
0x7cfd9347dafcd3e213e96607ed926bbd62f31b4d,74740555439363100000
0x82d2a82d8435253961a6594e930ac07185cf540e,41945064121037700000
0xb1c6518277faa3855f25a81ba60e8e163faa1090,106992861104859000000
0x5957d4f482f81709cb2ebabc0de8745be85041b1,44807781835963800000
0x2552ba4b68f343eba16bfc0ea8bfa97259edfd9a,173777140476660000000
0x22b7c15b71aaa36c5b7915763cd7996dbada642b,125358041107476000000
0x879294b5b444f1ca88f39cdb01c7ebd84f9a87e6,72601243989153700000
0xad6c1d56515a74fb81461938117800e225e59f90,205270556550262000000
0x4d292fad974483f00ad1efd1556e74a5f2501347,52251973121149100000
0x6c469037e41b98cbbec25db75b28c46ff5ea61be,55856949840619500000
0xf785b62107d26cc9973fc1f9355e52bdf682ca0c,2573305602368190000000
0xf7d136c88b93eff4b88768932c7888c97da88dfb,21124114327993500000000
0xce58868f49b99dfb35a1bfbcd733dc7b59048060,53199245997267400000
0xf3c0f9ba71a8a164f9216d517ff2fbf569089ca8,89703842669112000000
0xb33368571a076a8208a714262e8b3658fb43bf71,102889789950950000000
0x3e740017e14824fc603e08d69ba586a80359b56f,2396028528090530000000
0xb6e3633baca360f52d51c88b2a1b00200275e54b,25784690777599400000000
0x1a5420e77c910b14f0ebf26aed25c26b908cb21d,2491311509847860000000
0xf9e06cda588fb2f2d8a96efb6b6d49af13020f93,2420240981877100000000
0x53fcbdafd7da701d152c6c7b23437cde759dc93a,4182786146300360000000
0xa20828d3b102aca429961cf37136919e3eff457d,12291858912450400000000
0x2ca6e764b6395c5e69aa6eddc5f6454bff5d8cc3,42681131866550900000000
0x4df600b807681b889f574e43d8cbf139105ca2f1,105074995942835000000000
0xae53daf17c7525f3b34086dc0a9443f5d81d1907,43181151659117600000000
0x1b378d1c5eb9db696e10b413f506abd4ae19c8c3,2589104303216620000000
0xe8f3e8c0eda05700fe425dbe3a3a1a9367cecb86,43356852976984100000000
0x0b96940d7409fa9b5e5d86f03c4847ef5b97746b,90000000000000000000000
0xa56f72354af02153426a19f9f2b64f0eb336546c,43722974504769900000000
0xdd95f6323a88ec307e1d5b631faf3832c0a99bcc,45116085986906700000000
0xa0d983b38cf2fd5f5391f2ef7881876cd7dc9365,98887676859646200000000
0xb10846c3301e19c389fa520b3240110929402702,42951809483258400000000
0xf5b905852e9c9cd5f6857f6f314871760eca7bca,32318637422826600000000
0x52e5cab0ede7303c3de191ed04e2d22766df31d0,22500000000000000000000
0xee14f431ea96224239cb429eca3982d6492b9eb3,48992965942513400000000
0x4e6903a8636a902a31e97121664d4ba55d66490e,215421335366884000000000
0x6af28afe58c873579e80d2bd0c6e883401edcecf,45964984164636200000000
0x7ac159f266be93e67c24f91caf18a42be711ed12,111935537896950000000000
0x1c3b1091381eee617fec568d8524b2f7f064cfb8,10065090216926700000000
0xf0a067eaae33f91f4ebb25e123334a1ca8970f3f,281226642870150000000000
0xfcb09bf2635e216b18fda08dadf1f011aa2a287c,63000000000000000000000
0x481b2fe0972f8e9ce15e58753d07d77ea6ad5fb8,1079885709037500000000000
0x2b9f8654b2b4c56cf8b07249e89fa7c38a76036c,21501045147863100000000
0x4f725e7cd53d76af3dde36bd05dd06292a6f3c56,7129170000000000000000
0x322e128453efd91a4c131761d9d535ff6e0ccd90,41395869206939600000000
0xca2964c50babca62afae92386aba942c78fe90bc,13790087116528100000000
0xf1ae6201f681d8539ae07b74210b81187374b0be,294632156440452000000000
0x131759470ca68a3d88bd14b5a68f35178349048f,1182034851706980000000000
0x3092adf3da46df094013282f73fbf638fc83b071,13353210000000000000000
0x20d35fa020ab42d3a28dce864fab609e59a45823,12344573705278000000000
0xb5f292147793fcb045bd977c97c941cb3fbe28ba,63000000000000000000000
0xc75e787218e307bb5e3037bc210892c459fac708,48188192784240100000000
0x8646f32d157de233f0070bd43a9ecb88143b9888,4500000000000000000000000
0x09bac567d73e8bc701a900d14c90c06644ea0156,173359095503761000000000
0x3c734bc75f663304d71da217c216fd9d67912e16,11536266046958900000000
0xda6235274e7ba8cbdb3367c1a0a5d9a303997789,11884931492446700000000
0xc2fa9583c46f1bf7d09e1c479e2ce1c3861732d7,10334858567154400000000
0x679e48815fe89662c12eb05c7baaca9674973cc0,1760630890224040000000000
0xbebe4edad8fd9e7c3d7c14ced49f5383e1975943,28724264763308200000000
0xe76183d03fcad988f74a2645c122b06b467f6649,13152709517833200000000
0x7d66f6c12604d7a199d44114d2ca435386a8272d,42790468949342400000000
0xca82208f0d0b12dfeece333e5d05b80f56604fc4,4713725572383710000000
0xe9369560a730f5a3510c2c9fc63d7ea773d390a0,91530000000000000000
0xeb7846ad58fbdac651830d5370a94488c06f282d,14911472070000000000000
0xfded2df82e49661f57e788f0689fcc0bd31c3464,6475579845024280000000
0xecf5e76947dfb0fe0b23c04e1f3112dd636d1ae7,172399823121513000000000
0xc19ed1fa9fa3968fe12e97aa4d511ab6bce1320f,197984783161631000000000
0xc2bf1de8ea815eb7b39087b72fdca3079cabd877,28866313466824700000000
0xc16958cc973b527d50b784c8aca29c0f20c78377,1706657626571510000000
0x7883f39c6c0f7a349c7e54f1a20c015dcece2056,29501548598176300000000
0xb20f2c187e606c025e3abcef7c12774cc98e3250,5383048109220380000000
0xcdc5b46fe8f802bbf31e396338da78a0770e1d86,10170000000000000000
0x725cad3a27145654ccd2f26c32ee1ecbd462f198,2741348999364060000000
0x467057739b5d969a2435cc336b15219152c63ee6,2824943660448810000000
0xbbc1ca5ae020ef698d5bf97c580eee8e951319f1,2751219395515800000000
0x364d608b25b24b7a8011a7cd6a9b7f230d2d6949,5102043661081230000000
0xe0e4b9e563a4f1a878ef71f0bbbba327677ead24,5451067720063420000000
0xe5d9d0fa5779b7ebde19e8265d7f25e9a01b2dce,102231848433227000000000
0x02449b9afb223c8f4ac24432ae7ed07ac5080881,5233726914986490000000
0x61a91f236a58bd09ee7d66305e60a85f628fa0cf,71054819070990100000000
0x0c18cc3c5851802abef52e10118c2ad6f391bf7a,67500000000000000000000
0xd6a9228c5bc7773f0fa1eb0e097b293d00233654,37686501523799900000000
0x9f263068d72c2e5bc05cf8c54bdb9cda932eef32,13475250000000000000000
0x4a4c8e15ccc184e9eff2cbbbbb06ebc2571fe6f0,5368743000000000000000
0xde8541c907e189d339e1e0e2e2a6401d1d6baed1,20950220550549500000000
0x4b570c1f0186df6190b3013f6f72a9476c17e8c9,1431896376497230000000
0x635a03f2f7f61b1b4b0f22fe07ea9d27bee31744,345780000000000000000
0x829b87c820d931b6eebc2f046b023c3864afb6df,2242179287127320000000
0x4624d4ded1e8089be5db22e5c7bc07a59c7af85b,2329639361720980000000
0x7a6474146639853b40a6bfd0c0af902cf933f3ae,1005942938818350000000
0xb609099b6bbab96b126d2542a8d521d6ecf448f0,113827500092041000000000
0x0e1a259e93aeb0c3b789fbe1bc363d6e01f83e4b,28372459932147500000000000
0xbc5873598daa239772f89cd5bbdb13a9dd1eeb88,129782407321271000000000
0xa8f8ce7f66e2b46000e1ccd63cf074717468f461,5651084405068170000000
0x306f2adeaa4cce9fe5f21177c936524c089a67a4,8495537374186180000000
0x578dc56ab5163526b674b4e275388e577d32f285,79996513924185600000000
0xc37f5dc79705a93a9e005bdb60b0d86a3e6245ed,7767751074707210000000
0x97bad317387f33f8ca8a29da4824387ce5a74b43,112536223231201000000000
0xeb126e5cfefd3459e3de587c740138cc58bec0d7,2980826869068370000000
0x9cd75894548a8969e924f0b3af6bf8dc27612b71,381502487287337000000000
0x1146711a144045d3da4bc3fe82dfd7926074e838,11265886394965600000000
0x5ef664d835792823c41b69c74a880f580702a446,11361579755011500000000
0x37e88fd44e5695fe38d0ebc3fdb9e8a97c82923a,11613445039115900000000
0x08b746d26f050e18247b32c72cc4e50de8a22402,22500000000000000000000
0x3f6c7fde65cd44627bb2452440af6843082ce9a9,63000000000000000000000
0x3a20ae4f8de8fc9a119ba08bdaa050009edb7302,9566966698866180000000
0xce88d5f09e863ecfabc417a962ffb4854f393c89,20390899080420800000000
0x310850102e7bacc12d89fabbd6768eba9e08cd10,60488483793364500000000
0x9bf9dd190f2a91c87af76621a1e1e6b49906b6ca,215084692226447000000000
0x36e85f33b6f6f6f0fa4e17b972530248a1c613db,13523257586363400000000
0xee597ec35edd33af936a27da631c223bae6146bf,9000000000000000000000
0xa9be8afc2255bff5cbf3956f8ee33a2186891a50,143196034260578000000000
0x0f31d4ce252f8b7d45ff695cce79db8e732a0736,50850000000000000000
0xe8758bf29d41e99f010a756fb843cecb12917bab,142380000000000000000
0xa7b98ff47722fa7faecfd84e98cdc53e4f472710,23412458700000000000000
0x02aed212b3317ee947cf8e0f2f0e525d6f979b69,137472750000000000000000
0x19ffc4978ee7c1760969cd7305e3786277f41d89,24224940000000000000000
0xd23939a2995e56723c542a5b3d3051a0a80d4dbe,9211650957316520000000
0xf6934c96326f2057c52af635acce63a859311e58,125271142126701000000
0x9bfb3a539d29ad81491daba7bbeb0f9225c16036,174115864269415000000
0xbdd6779db60792dd346f84df544178175aeb0c7e,125304602084577000000
0x64d6c3865f2350e8cb36d98353ed8b65878d989b,38539711880446800000
0x48c30caa7d912e2dd7c056c1fd481192060e6a4c,378007529935264000000
0xa7e372864488d7493ffe07a259783a69e93608a6,311000565108629000000
0x26d99545ad35b87cd32e2cb772898f78c9c53779,104270192819427000000
0x411fe595a573fe7f82a960c28f86e84e720acba7,103094825309755000000
0x7c2461a9f45282dec121fb468cac00f72337fb14,5336950228694710000000
0x428be6ddfa627a671beeee0102399ff476683791,905155586749283000000000
0x8b02221954f11ec2f0685fbafbe70dbda587b624,446588641850017000000000
0x2e05d8d2e4b8ea5b0a5b19d87a218ba150400a5d,203400000255688000000
0xfd57084561d29ef194c6db8c2fe4908a11ee3c97,19456751418618900000000
0x0900c95b9ae08b88d81f8089b08097d223a9b5df,5652971918841170000000
0xa6a2ad1320cec227f24f404fccc120b71b41757d,450017846032050000000000
0xcaac6067d9a42d58195e5f1247993a5b43a400f4,124538151609302000000
0x6c3c301bb3af46c86205844c7ad9ef8bd6593baf,450054223135705000000000
0x109fdcbdcc49a2017459b4d5d39e885d18e96207,26289460594203200000000
0x4a702395817f2a51ed45b4f3ebe6bfb3bfe41c76,4776172551633510000000
0x33142e616f37b1eebdc46ccbb3fad03dd3dd1c84,38440085767938100000000
0x322b8188acd4aea04bb79ec0ced9d95dfdc01942,1932300000000000000000
0x089d7854d3add52873e9217486c6bc0a80698e24,10729350000000000000000
0x1e006b8c762f0b4136744095dffdb8941112411a,41583782559074600000000
0xfe1dad74cae5532f1e1469320d5daa9d70377e1a,32126217152980200000000
0xa15e5586cce9086d7e9ee16e878edffdbe79b62c,1143338101188040000000
0xfb33f1e0013513704dbcfbd2e73e9d4ee2f92908,40684548930912800000000
0x07e2fdce7f6340d8e07e71ff164ab93cbd13a98f,42015174570619700000000
0xa86f4e6586987ebf9005c82301c5f48c73882cf1,33561016950000000000000
0x23d31a5750cb33effc81a67df4b34d98d4ec4d68,67601694050487800000000
0x078484c97313b98fdbf144405ff044c5b7a96fbc,1206031782005800000000
0xae4d9a67d24832613f277e08e25342c227184fb7,1075303173708190000000
0x22daa9dcef3e0e5c6a5e69ce82cae7451ada40a0,2250000000000000000000000
0x1c578c29ec4c9267156112df394312a4e00cf79b,2679156953098050000000000
0x5590bbe1c513f9f5c3787eb80cccb8b13873bfe6,23646964530105400000000
0xb5e0c5a26ed9cd9c1684fbb1138d5952c53349f8,175946981606826000000000
0x5baa688ddffa6b0cff959a8fa06671ceba330a20,356093710581914000000000
0x7496f952fad9fd32f63ab481aee51e1493e1ccf6,14089886947050600000000
0xfe3c6993920ac33ba28378a9f92e18de52795117,30636000000000000000000
0x1c618597257694e85134d809d3feb09bc4aec747,147254504036222000000000
0x942a79202a94222819466594d6a0854cfea082cb,67162500000000000000000
0xa99c3c45062a6c68999a8f11d6d7d2c2fecd66c7,6999533000586140000000
0xeb129015e51ee819e2a765b8dae3b76d13fae3ee,22499103572325000000000
0x528935b9889780e8ffe3b3abfb614d31718d9965,946148259372531000000000
0x2beaab4e2774e2bf25d31dd4b36c725ef91c0e92,2426968800000000000000
0xe4b32bcef3154f9d3d882ee8e1136b4ef28c47bd,88479005356841600000000
0x239a9c2e1a96fb1b8a522bbd222426e7211f9bc2,39240932472387800000000
0xeb74c6e3c046e16190dfefb7d3cba84db5790cc4,315000000000000000000000
0x94625be060d1e09698c616a5808efb083c769166,314994375000000000000000
0x099ea5192cb4470f94ea5d52535363223599450b,15941589133333000000000
0x416a29d1e4ef38e4e1c1f48fa101e7fa7fcb65fe,259853077839445000000000
0xce0fb36a3529f6768ccbeca894c9900a7ce7b8c9,45678611496382900000000
0x11c4820c6869d43f3b49b7eb49dc6c09eed12cab,116746165571870000000000
0x5d9bdba5896d17315579862392bde5f56b6d2629,5698530675000000000000
0xe8c8ea20a7c47dd979947f1a6229ff9ac68febd3,158632920595848000000000
0x4c5a9965c5de8662cd743beb40dc3f4bb0eca864,650880000000000000000
0x98a8a0e239142fcfd697331580f237f2df72642a,152804283715441000000000
0x347e5ffe1434a408416cdc6c31e3524d71471e80,42316671126399300000000
0xfd6bd56cda0c0b4479f605889fbf9818fea71cec,1318905329462840000000
0x1717c1974b9f2bd8fa29a064a0bdb686c1525139,2172260704900310000000
0x79fdf243cc3c623360105691f8175605dc14c678,112332358643560000000000
0xbfd69f27c27e5d4210ec127ec7d7c2c13d0eadeb,1470085841066060000000
0xe33e95e19f927f364d617e35ffb3e92aa29a62b7,8611320339718590000000
0x99a7db24effd51aa44b33412c2e1b21903dd56e5,1773495747885110000000000
0x56b32744bb8aae79f34e7701e581cb6e2136e0d3,33532708030575300000000
0x9c66d83c558f7b0e2b718abecf07333f18c750d4,355950000000000000000
0x425c26e95bdda441855d184e8ea08f3e3e202b1f,13072558991217000000000
0x69072df70f72bd1c53314baed81ac200f9ae6c53,58008973442982400000000
0x1073db69bdd171348e472baf83f801ad71e4444a,279954674765671000000000
0x69f9916960ec2749ebd8d95bd3b07bac7e82328e,516363136507360000000000
0x01a66607e2f13f89c1af094e7bac50082f094686,22500000000000000000000
0x0ee56e2eae57c190cd8f04e06a21d2bff46661da,2481480000000000000000
0x16cb5679300f47429c3a4e8177a48fcad46ba6b4,1276089553226780000000000
0xfefd67ff63e01edf62742c7497a4412ef37de324,1271255085000000000000000
0x035b8489004400adb9ea890c40cd09e8995577fd,5138824729546300000000
0x5f4eca85055fff26decf454d49c0e9a1288a65bd,90000000000000000000000
0x4ee185fc27811ea6d436495ded42e0f57f5d3a41,18550545024503800000000
0x65ab9eb45fd0cf121d4d527be37c9026e1b7e918,631079318841792000000
0x1d541162a4a2c64042be2df25c8d26ce39c592ad,3742560000000000000000
0xb8924e9003ab9529129a5d91bcf2feb368738e9a,25182785892328100000
0x836e71f16a53577edd2ea377a8ab29a90ae0cdc0,1276145341485180000000000
0xb87d9671e0e846301b03ac5a17a0256fbbfe7dd7,1793604616093460000000
0x309e1471586f7793274e4df2417a69c4b6956bb0,1214573275653260000000
0x18a08d43cda6bf56690c872b327e2ae615ecd4e2,1822241475209230000000
0xa74ef63bffac18eb2172126909145dcfae623257,22933378379326400000000
0xcfa281fc0d6d8dac480d44ec6b685baa002f2b44,944872070094324000000
0x72de26a6614fe10c7356d227ffe2f9afba37248c,1459397142991890000000
0x25c1e4da8a277ec55ec1c38a053e707141459eb8,1271255085000000000000000
0x553d47b3b4ae2892ea0a5342c27ee4c7744400d5,20366137341652400000000
0xc55f44744acd8ef593f584e9b0de50d7b2e454ad,25035178804464300000000
0xfb6db7aa2a7c66b1f194c27c3214b7d28cfd6f2a,41685228745082900000
0x604058a910c70586f942d27caacbf0ddac592933,53115593702258700000
0xba0e5713eb13da1dbcc7ad2e79639671d82c7bb0,53051144424575900000
0x3fd719ddd13fc924943dfe995bb0265b400275d5,53265573714167400000
0x82480db974974244a0b90822913db9dcd95013f2,125238471747228000000
0xa9f38c82d7915a6cf098f4f80a87faa9450b1cc9,124879811857686000000
0x29037ff4c184f575f49aa16ab169ada19a2720b1,145398107474815000000
0xf9eb3ff6750e2ac20fbaf3d082acfad1fcfd7681,140919904527214000000
0xdb4450ab02c78ba540a400c3e2429a75c90ebd34,1221354320103450000000
0xd7137ad0cb7d02e8ddb9c9a8f7a3a7c00e14f4d2,1542381922342730000000
0xfde17d06f38b76aa22017f88fa45ecc5df7eb177,877054614946695000000
0xc185cd537904d8faf3991990c231dab74535e1c6,182209436079471000000
0x7d3dfa9534fc1ec160fb41d20c5f895e59cadeaf,353094702874912000000
0x67b1df527b6a6dd3918deb48f728b3bc58c51d8a,360033830977690000000
0xa75b753703d76f1a854c3bb656c3fa86265e1f38,516519371410152000000
0xfccadfd9b2b75abcd757221c2983d50aef9961c9,461501419447591000000
0xad6a649023ae05a085678d0824000d1ef27b0923,1299091343987450000000000
0xae4d11613aa9d723677e12cdf21af839459bfd40,29240760658508900000000
0x06c57207adf91461a63820a64aedcd4b24f224ce,312726828547251000000
0xc2395776f961c2cacd06ec11e5281eb230c03e12,1093179476890860000000
0xb6188e6d1ca76a443cebc5413df9d16659c5eed8,8981139462093000000000
0x979875010b9a7925c5955de120e483cf56998e48,102514492273595000000000
0x716410bfb864a494df9b943a63e942e6e895d21c,82013709587277400000000
0xe36dee0392194e0a4e592850cac1bd88d9bb719f,4398595070909470000000
0x7442411f5f176e3e2e0c057c08b7f2993fd2820a,542242494125115000000000
0xee5f40609f3ad53d4de2433109335b4bfc28e521,39863364208758900000000
0x2864be4b616bcde06a635776dfb4ccca3d2a0ed0,318102476202872000000000
0x7ce3e44f1c02d35e530c03fcff19de23f15ae60c,142536243359999000000000
0x39a986a0c815b656bc3a74a7028e593652ec521f,1210074969812250000000
0x501de854259e41c339c03982629e4bb5576f9b61,51348964533831700000000
0xa93ecfda2a2f7fac49ccb24183844abd92cd864e,26088882854818400000000
0x4baa17b36018c709473cd7218a65849e12667e56,7628058569314900000000
0x40bb0be4171a888da2a6c46ac6ae505a63fb3ae9,64266536560883800000000
0x9e2de6c3d858309d44b8a961b16a74cd1d21a35d,91880944833546100000000
0x14326074ecf4a630a1fbdff861b42fc8e690667b,508632820891941000000000
0xfec391411c560c89449a1549a2fa37699453275e,22500000000000000000000
0x8afe875d4c22254b7ac0343714b30a9bb5a3d1c9,22500000000000000000000
0x409017a1c404e456ce93191929b06b1bab5c918f,173896722012965000000000
0x34b20e68f071bb5801714ec8486d4e2fbddd3184,129748860000000000000000
0x665b326f1e566ab223b30f30b05b2c3955890a44,129413279493000000000000
0x4382964e09e1c402024bd504655904fd90a4e981,4042956029253860000000
0x21d939897f9998771b7ee3647bf81cd7d0aae044,1271250000000000000000000
0xe775fa8b106f428a5c96f80a53b2ae01c8ac0577,1271250020340000000000000
0x10890742a1a20a936132072c20ae77b081486190,1220400000000000000000000
0x8d4456e19f057e5914b0bfa26abadcfda5664313,1271250025425000000000000
0xa0bbc65077467317674b4db02f33a6bd986c7d4e,1271250005085000000000000
0x310b42cbf1937cf0817aa9fb023de7f08ee5e99a,122307620182967000000000
0xe9d2b3587f7ddb4891b1ad3e8a07d58d5a3a2c29,2196720008043860000000000
0x7da0355397aa56ec7121d8dadccc04550217a188,21984615295033300000000000
0x261e97c0445ca180fc096eab84a6d37726a2a34d,766611678209565000000
0x7a0f06055713ba59c998e590b54c7bde07c5b359,94624285611295800000000
0x9d80ba83e105789eeb4125d00c571aaba08342c2,11812154700444100000000
0x8184ec25479c7abafb62def5bc4ceaae070e4d78,2588265000000000000000
0x89c4e28a11c782524f73433eee9964077c9283a5,4068000000000000000000
0x9c9553cd0c8673651a36e5e11c4989bb629d4067,13160146650556700000000
0xd24ccc86e6c6d56b803b9276ca06cc63e4aa78e5,3199499692998010000000
0xee9ca24fb62bfc021e1a46e09e1c1cbecd3341b5,35212500000000000000000
0xb410ac0724ed22454713cd6316ce0b9a2ee8d607,4377964650000000000000
0x510c5e29e7d7ed78d4a7d81d98bfad8a2a67b45d,50565871992677700000000
0xd82dcee066e9440da0a2979d3d85cb924f59a40b,22500000000000000000000
0xf99c8873b972b4192e789f55ab954188d0d9a133,112500000000000000000000
0xfa537c114edd1d85a6019222c1c0e90707d2088d,36337055127825000000000
0xb8aabec6ff29d736038e2591dba875a5e3ad92ec,22507509472947600000000
0x61d4c4487c736ecad76cca017bfad8e61348b0e6,7975314000969730
0xd54bcad34cfff3071b0bc10370d69d2f1b62165d,16949999999222400
0x1b5905acb5e0c49b24e5172778f2c4dcfaf684d1,5962285050761200000000
0xcecc9a129372e6bc63bb35d3d35337fb85bfc1d2,9738105968210690000000
0xada1ec62224bd96159bbeaf4d15341f62abd753f,19769731545103000000000
0x47d8c2a28b2a3b3f143a8c44cd4fa90242f460a3,16949999999222400
0x3a39899dc78b7307acd83f51463c853fa79e1b09,25304892821012000000000
0x4e0dc5eae4826858103ccb556b9c517f67eb2016,22940217823796900000000
0xf58037dbda4d7263cdee26ec45b46d2a39cef83d,16949999999221800
0x0df3dc2eb13ab4784a17d7bfa19ad61585117554,1058851629150410000000000
0xa8e8c5adf3e714c682150d2f81ac8d5bfa2050b0,27707080200000000000000
0xbe7dd82facd47d3598803f44cb980078466aeba3,20218149960600300000000
0xb872547ee4c73f6002300bd78af45881ebd0a6ba,33598461633349000000000
0x025f4d2d2a34bb022ec22609f01dbdf18ad820e5,126311229169847000000000
0x9d0a96a24d9c4033c882a3c4a3c33ced4254581b,50021332285617200000000
0x197ec83437f12490855f2c3fe9ab3fc08d0f7473,257414483639744000000
0x104750be1dfd7c2f0caf4009354427ecc0aa139e,25016230522123500000000
0xadc92e52414bb1a407f6216230be1ff574f7042a,15012767441397900000000
0x79919948973c896b96206df67bb05c543e1377db,14728448250640500
0xc78e7731da04aa6e6ce730cca7aae517523f49df,67500000000000000000000
0xf3119222fefd46875391333ed596246194717f70,16245000000000000000000
0x5fd61a1b02f0b2a8c8e01ee36359b234051f295c,10000548934772000000000
0xf199606027b17dd19286f0a953a44cb3f543bb91,25678368600000000000000
0x11faf40ffc2f2a60d22d5431ace9d9d61612d22d,66890139468401300000000
0x63c1d4ce3f0ea0a37eda12376205e25d2298af3a,90000000000000000000000
0x934c80e3a3e9136ee3558950385b66ac5e7d9bf7,118142949450000000000000
0xd407ce568abc00df0161e424596bdb04195ed28c,8540952449999970000000
0x44658349331cb9f613b2c20ba0660e33b556942d,16949999999647700
0x1e236701c4290c26820b006b98246c3240b52131,3420306600000000000000
0x21d61bc952ea475fd54897238e59e63d20af7d59,50307599999999500000
0x0d2bab6899c0a058b0f3162f656660a2f41a7712,292762277481216000000000
0xe0cc396a48931c92e694a5b10ccb9d7cb6b64a1a,22558060050000000000000
0x7094a59a0147b7f247222a2f26eafd391e1c875f,20441377950000000000000
0x469132c0391ed5a39b00bd43c46228fc95391224,22102986450000000000000
0xadb6c65f95689f29a122189e5e4e13628ff8247a,27686833096781600000000
0xe477bc45111ab7f4b5b44d2620676be077d73a7b,38783023253160800000000
0x479eb1755b4b5d74e163d3b9720c28d9775771d3,6051946649999970000000
0x61604b9c4c438908cfcbccc71140a422fd04aa03,16949999999647700
0xcef2f4cb4638b7a5195cc0979e0dd0965cd18e08,53812528282991800000000
0x61d7ece32854caf46c6304fd536704eacd4da256,8830365033442060000000
0x6a429aade86ead247e47d0a24a0e0acad47822c0,88494295195852300000000
0xd13cf36b646adcad473523f7b32baa74f4f8f502,21380075788581700000000
0x6231af60c43c8e898d2121abae2f3d569daa2852,163448025262439000000000
0x3ab8c2c27a9c1a0b396758a77719e361b87240d6,5356865655226960000000
0xf90cee3013399b22e1e80dcc3776ba5e50601943,12737331750000000000000
0xcd0cfede9810a9342991e58e2fe046ec2a9a8658,394496694577454000000
0x9ecd2ed8762c693008141a3809a56616da0f596c,4125555185590120000000
0x5881e189629a806522c97bddfb8e1193d5e15fca,22661509472095700000000
0x76210ddcb5568069d06b33fff2689e2248ee492d,4585294113004740000000
0x81783cc606bbc2618a1dd653d260777157ebad26,635426979869646000000
0xd34bad24ff7759ef033ca81d9d3d74dd6df4bbe3,82012232603508200000000
0x72ac3ebb6b9d674fad43a26e1a0e61010ad5583d,2851540804536830000000
0x2dcca48e1275b19952156e0ef7ef83e343fb1e2d,487891523370140000000
0x02de0a6808cc62927d14b325ca407b83de9d5ce1,24055892102835700000000
0x4465c8b761ebe8a5d509ec15140a749969b06a6b,130676114710701000000
0x868255d70a046207bfe85b4650b932c69a10eda3,24051862772360800000000
0xda90a6e5b488a617c49a412a198b8187b7e9c999,30670816365000000000000
0x14da174fab1356466af2dd0ecdf94204e828a732,90000000000000000000000
0xc5c674ae89339e9dc211267ea2fac2c3676744d0,460220866207290000000000
0x1a2b292661f0102c5961afc42b278fe8c9169234,23564391313392000000000
0x4815ee939fe2efec2f7bc415f0ce2282f6417fe9,24028769879321300000000
0x515ae4802ecabc68f3dfa9faff751a3fc5758813,13214229635289700000000
0x103a1f94bc38313af8724777da71201e40adef5a,70307122095000000000000
0xbdb9803c14ca144d6cdac3cb0939ac6b2b5a854e,2685839042177640000000
0x8214e4ab4fd9212b7e14d97cc0bba6b9f4c37feb,69396705000000000000000
0xe2c44dc333b59a3cc88919bfaadfb59c96b7cdef,23955219906348300000000
0x061d84c204978d385db892bb5f1b0d9cf5341848,22500000000000000000000
0xb9f831f19f94f09709cf75c757e5bd7a9a812819,22500000000000000000000
0xf4f58044b4afbaa53bffd87f2dce77a5f0b32a64,23651817851461000000000
0x7e028136aaf176b8e338581c0e62857d8b7f5ef4,48815528771539200000000
0x98f825117b9eee8f9a0b48f6d64325931ef098c8,113191344071699000000
0xc02e8a8f2c59da42d8f0cdad9f1afd2cda37bd8e,23913615829830400000000
0x2ec698480f860dcd4d6e78f5fc13f94739cb032f,417376455096348000000
0xbfe24b4d8b1e421ca8794f6416946db505d6dbd7,47777689208458600000000
0xe486627c7542623f947acdccc84c35a59f13ef9d,26376945464208800000000
0xacb17fc73cf202ebe532e107cec195d50dee61dd,143828386055621000000000
0x41fe862ffc1c003e93a2b2846a2acabb4073a701,23849879265259400000000
0xca3dfad2f5b498c1777b3b37336678cd29e0918b,24394016773992400000000
0x82767b4b962a2c8d0f60df6e4797d77afb108904,52464011425429600000000
0x0bda0f33311e65379461d0a555bbd7669c0eaa22,167455282870995000000000
0xe117ce954b77eca1b128b94ca5d4a72fd4718a8d,63000000000000000000000
0x2c766fd4ee2060437a3542cfcef83971f6aaed2e,69852669111695000000000
0x05381cae37ae44f66416ba5fe7f8cb407f1e4608,3458779651566910000000
0x15df8d5c22192b54f10309f89e6be1891d8f64d7,79291256929433300000
0xce3e142bc70f5a0f674a2ef5649b3248842cf1a5,672749972086500000000000
0x3e08b0d17a3eda94b21e844c35d4ec932084a38b,5899781385222580000000
0x3c1195a1c3b48ccbb289e4021b3fbe6ce2804f2c,4862389349339320000000
0x11a42db923de9bde2b71186f832b1f890f999888,22623599993766800000000
0x04c316af988d9c9a938ef412dddefcb43acdc2f6,10905294862244100000000
0x2e6a27556bf03125b4db4704fcc86247d432365b,4749505571142790000000
0xa198d81f1fa3185e16b5e245ca2babd18031886d,22500000000000000000000
0xf93ea91d48e3fcb4a9d710c6493b4f6bccbe4943,22500000000000000000000
0x1073a2e63fcbe9acb80b2fc3143a2717be188430,1984755735000000000000
0x5a437400ef10265aaedad47cd3520c885d11514e,7664481679381530000000
0x73b9d541130cca13801cb2539bb02dacedbc1332,45034582811955300000000
0xbd11f25ed4407b289bdd27d0668435a3493a4e02,1292149980000000000000
0x491d927fa6c49460446346cc93e7b5e75b0b8c7b,731191545000000000000
0xd992f394cdc5945ddff23b7f84e231d1c15f017b,721719823678501000000000
0xabd1ead4c68c4adc0fb530d7d969a8eca2cde308,6679217280457320000000
0x1ee840962f7e8414092a25a216ec94d06e4600d5,2368198718476960000000
0xa7e5a837382c4b2a484bd2afadc8b5a5f6d74e87,24145457266312400000000
0x7fbeec8580a2066509e81067333fc76e6dcd5fd0,70992552914794600000000
0x116a75fbfc55c26bb98e18ff7d1a13f1ad672847,45548096246056000000000
0xde815c4f718c0be92ab10768c57dbf908c48297e,2156815028814340000000
0x1373867db85bf48af9f3133ab65097a1f561c069,900000000000000000000000
0xa9eaef87c01b4c46a691862c7ba94401394b8b9c,6971405645893560000000
0x1b3a5c32a73a1e0861e46e2ad349c9ebceb80b25,5106504761291760000000
0xab4d5021b24b3d295269131b2b15e48ed0c8fbdd,435583506913267000000
0xb9f1eca1d567fb0f94990bb831f473530ede36d4,23537481759785600000000
0x39c57c80c80ccc8c891ad5a5732a42b8445aeefa,10143650994528900000000
0x2db6d8c600b3c55c770b0b821a975e22f88d0349,56335691196381700000000
0x057f5122a1ad2b9280abf92528958abca0a7d849,2629081636683750000000
0x386cfc10f9e63411bf8fc4f30df65938659038c5,19260617693770900000000
0xabbf75a59ac8838fa46bd5260501b68ab28b95f6,175413659895267000000000
0xc7d47af934f75209377942dda47a1ffd83ff3a36,11072890686003200000000
0x96f4bf4f2dc729c5ca4b9e2d5bdf985f93f46540,14719414696192400000000
0x72e5716bf9c70401d9125302df0aaa02b0ea6ae8,25854376328525600000000
0x5bef45489a03462d199612c5cd992f114f398ea8,1141009308024160000000
0x7e274b869a4bc911afae8fe58f62a2af950a905b,22718178043776000000000
0x885818188ff2fa182bac9a8f0f427dd6da804c81,22681301622321800000000
0xa770c94a39d17075ca9ba359b9ee191127649cde,38639956334285200000000
0xee01c4672a7a8b6ce04371e5c0771c381e56c898,6548918529798270000000
0xe66b290105f73dd5f38b25c7d4c86d2c5e5a37be,90165276361706400000000
0xe91d89e1a54d2aa2453721d060bbceb389737957,22500000000000000000000
0x8d292bd248f8f756ff5aaabacda9d465bceae6c3,9603994484880480000
0xcdce7c134b6a1ca46cea65fc0ef32489bef6bed6,10339282368754200000
0xcbf02a5aeea5c97c41760d1c3ccab268a61beae6,7926828710559530000
0x9043f87aab75c57bad7d387b957d9f03578a745f,7522623887089350000
0x6d6c5a0c23a78f024d741d3cc990340e4068aece,7777740182109900000
0xd880d4e6df0d855bec4f181af8e7519fc9439650,9138999367869410000
0x26d1409f5be7bf9beb6901d78f3a70d155e70dc2,7749788125110380000
0x4bc8944ebc3b034a729af80bc4c4a264ccd4f831,21116257557822800000000
0xb6cdaf372240f3611fa6be84eebc381694a94911,9000000000000000000000
0xd433c1b56055b7adf8e5e2982e7e2c00c378706a,675000000000000000000000
0x6cc77695e67bbbb4e07515189a1323965cad6a1c,67500000000000000000000
0x3fd7308b41a38d3886440d60ddbed72d72a17d74,11149018520283500000000
0xdec2216fcbf07810d29f25c439ba6214436c4f36,22500000000000000000000
0x0fd90eb42ad3726b8e5dd0604d175f2aa9f10aa5,10880127630000000000000
0x47c465e7beac169081371969c0fcf62d10c84ef7,22500000000000000000000
0x6d62f1d6b0d829f5bcf177ef5c36ee4b53629cc0,6749780939460000000000
0x5fa3a3872dd95f4ca792059f9dede4a0c519f2f6,94500000000000000000000
0xbeda49bdbdb8abdd6993b8059a8192147fbb55aa,22500000000000000000000
0x6c689ed0dfe25ab2221d5f9232588538a5d91da8,27000000000000000000000
0xb3e4e684c5e8335d495ffa9d72f16c5e0574a1dd,4477500000000000000000
0x91cf204d6f6a2b012c3df157da0734cd82230cb2,11249718750000000000000
0x9006eef759c79745509e8d99ebd84efd75975f3f,6701531427135000000000
0xd1ea1b88fa1c5d289dc01cf9a58d22fb2240aa45,22402152352395000000000
0xb2a86e3051bb321910cf4ee10251c22562d58b5d,133840985795055000000000
0xb5a3e180cb7436efe43ea2e248be8acc489d0ed5,22410750626685000000000
0x1a78caa9b855a4551c35f557aaf722834fe1a74f,13500000000000000000000
0x51ce169e574117abdbdce3fbc5c3d786f4943e73,6750000000000000000000
0xd2f1a5bbfcc1b4490ff5c3548bfbaff1f74af6a6,79014005709750000000000
0xf5ab4fd967a8d2513d5f5749905045d433af6a90,20249818759080000000000
0xa1e223a5ed88e272e7b652ae898701cea20993d7,29250000000000000000000
0xc75804ab604875305d91dde52bec2d471c11b48a,6750000000000000000000
0x52b481e0e149a882dd26167e0510bded8c595330,11193750000000000000000
0x35856dbe75cfedc4a14aa88efe1f90d87706e760,11193750000000000000000
0xdc5b17f7e80ba5f2c06e9d04bd202d394165e093,6716250000000000000000
0x3baaaffbb4ede1ffa7b512bcea490ceda2db0ee6,22499981079525000000000
0xab5b57832498a2b541aaa2c448e2e79d872564e0,22499607431745000000000
0x4e9c104d24ca8aa27c3e1a5d9d3249e96c5bbd80,22500000000000000000000
0x27eaf5158daaf5ae6c3e1494fc53fb37a158f131,22500000000000000000000
0xe9e3b7570b65d4e4b9946d0cea4653af0d0708bc,22442135877630000000000
0x05f55abea2a736f8996c36a5697f117fc39e2090,6714183167280000000000
0x5761774922b95084454c8720d647250bad207ea2,11250000000000000000000
0x73b249b198ab6df73182075d0a1f5785ffc49a38,4500000000000000000000
0x795a76d8180d05b7465351a83ee5ac3bcea7f836,4477500000000000000000
0xadf094b2b6d2c6f4d8e60f714be005a378b26d36,22400455611105000000000
0x85a6a51e4c4a77af04b7d0320c3a489532436508,11247199024635000000000
0xc00a397e5328527734d5f44638c401658f939819,26977500000000000000000
0x51c2a5fbb0f4362466b0b2c1fc0a7ee2686d9176,6750000000000000000000
0x94a49666bd0453c925c8612a0822e48db86c8235,6633628415595000000000
0x4bd23b8a50673f43f276f8c26ad420be97c112a4,111937500000000000000000
0xa0175d3352039fb65293d2a8486398b06b112e65,111937500000000000000000
0x1306ca467437ed2f7639ad1a2d0d88565e24d333,44814472847550000000000
0xc8f64d227c715ae078d642c0e3a15d44fe7a48b1,94497300000000000000000
0x4fa6b043dc07ac6081f0ffd1d62e937f5e4d63cf,4500000000000000000000
0x9fd2867d2f8e186cac42993da839697d646e9169,26971338371211000000000
0x059d9955c133cf705b4c6ab9b20f01cacfbef237,8959855043520000000000
0x2c01d9459248ac3d96e69c208d8daaf196b6b0dc,6746983272405000000000
0x0861660adc5795fd7b8349f77d4f5dc128d30355,4478014529496000000000
0x15a3f14bbd9a1d2f6472f0c6081c730f8afab3a7,449999943750000000000000
0xc968dbcd45d99252ea350967ef07120faa12a3e0,6749831250000000000000
0xa8cbda3618336931ec0b6d7241fbb05211abc4a7,67500000000000000000000
0x6fec474030a273a673dff02f83bb1ceb9de7b82c,44999994283020000000000
0xa171df891a420e5a441086bd3f179b38d36cad6d,4477500000000000000000
0x1ec158333f61a3015803d05494bbe28c15850a4f,22387500000000000000000
0xa21bb86c5ea3e3ed98baa50be086ee0fb931843f,22315938951420000000000
0x8dc4510d1bba68cfdae43f9a506b6a44e59678cd,44869159365435000000000
0x7da220633dfaa2dd4ef3e3b222e836a2e23a496b,96717437778465000000000
0x0000000901c92bb92c98df004be56d37d1604c93,96392338740000000000000
0x166056ae7450135b9aad3b45cc6b6625f78be1a8,4477835328894000000000
0x0f8f7afa8314da4deb6be2086601fcb084a30791,6716250000000000000000
0xbd48dd506e9179a757ae229d04745476ce6c2aad,899980540326000000000000
0x679bcdae56edf5c847e769ca9eb82ab58c93351a,225000000000000000000000
0x77fbaf85f2251af24f49aa73788ce0d60cb11153,6750000000000000000000
0x77d1c6f7efb481e3275a1fd21fbae9a6f76454ee,4477500000000000000000
0x7d7753887915339438207763880674c1c7fbb482,39764955876750000000000
0xaf1a02d5d185fd99a6258f79137fe1a1ec34cd00,9286382115000000000000
0x474870f9cd749c140791c013f62b3d82324c8841,6721941346200000000000
0x62bd4cdb6a9cfe6b3ca3ad57ea7db61b9ea2ec42,67500000000000000000000
0x8a99caaf05bb3fdcdd092dc6770dafec0047444d,4477500000000000000000
0xa93d3b5d86770f8ab2130e30556a880be801a994,4477500000000000000000
0xd0e5d73785a1b179628f873306ae5911dd29aed3,895069264068000000000
0x1681cce61b0338232b80aea861413a3d26880da6,22165802271000000000000
0x9965b1475a7bf33ef562774b514a8b2421333c20,6704491957785000000000
0xb8dc5739b7024ed22e00447706ec5f3dffc5aa0f,6750000000000000000000
0x60da45f8530042d06580f45a092d014b52acdbba,4477500000000000000000
0x9fbbcd89cd2008f3a791f7c00d4634c99f902387,11181413435535000000000
0xfdb68afdebc651d26bae98cfa4921c08eb18905a,4477500000000000000000
0x34202709cd47a3c96669d868599946221dec70d1,4477500000000000000000
0x131f26e6da9fb411846bdf00ccde59bf7783687a,112500000000000000000000
0x8edaf13697bcc248a428df216b42610f9af5df54,10687500000000000000000
0x6e8427760114144c4dc2bd8f87a8ce9ca7988061,6719069417085000000000
0xfa122d9ee820873027411ffbda06853439b8fef9,29250000000000000000000
0x2da6014cf9d8056645e2e9b1ab47b799ede840ae,11250000000000000000000
0xdb89f642e287175b6139372899178624719871ea,6720247465965000000000
0xca24ee62344900f7bfc39cebeecedfa1920debbe,11249718750000000000000
0x4ba42b8811d5d50930a8be400dcbf6db3264799b,4288518000000000000000
0xae9a5f08dcdd84aa4579e0870a07b62aff19e4e8,4477500000000000000000
0x1088cb5d856ec78a77db5a8ff89ea32ad217478c,6748087500000000000000
0xd27d6874b1feb36c61735ee56d94fc90b686d41c,4368600000000000000000
0x05eb7f0ebcfc8bee7d5283521a08ebef149569ed,22276800000000000000000
0x1ad3e1493a5486f8cb675549ca4d6d124986613b,11247525000000000000000
0x8fe9a14b7f01f8e472959d850c40a2598a86bbea,224429142174300000000000
0xbffec65e5099826a4fd5694a4b6415e9ba40ccf6,4477500000000000000000
0xF6AB32e50D77da4F2D20748a04b9039c0606c9b6,29061689130000000000000
0x80b744588fd2fea8ef14386bd953493a097eadb0,81632863639080000000000
0x0a9156c1b88494ac6f40045a62efc232ee747db5,6716250000000000000000
0x7d4c4d5380ca2f9c7a091bb622b80613da7eae8c,44836555144725000000000
0x0496e3d488ccf9aec556ba08da1286d8eba2d6cd,65785461301800000000000
0x918def53676ad8d5955c637c43983d1d7db46dea,4488497259250500000000
0xb02648091da9e0aacdd9f5cb9080c4893cad6c4e,2238603787201500000000
0x7e4ddc00ac1642d422e4224539fd8a0a5dacd1fa,6741814950000000000000
0x5b113ceed63a4d92820fd7ecf6fce119cec75aad,22500000000000000000000
0x00da72ba500d6e7c5dbf6ef79ff90b741d6d053c,223853924783700000000000
0x5305095cf75cdd312c202e27f6aaf3ca7da79a5e,33581250000000000000000
0xdabbae361ee98e3643f6eece82d0b50df4d6eaf2,6026310000000000000000
0x09c0cb705477d94f0c25d9e535d58d75ee8895a8,44924324581035000000000
0xf4d63bae0ac9c6fc57ecfb25a1e0077dba6aa091,9000000000000000000000
0x01a63ddcaa343128a7318127f7238277734e2c39,4488578707455000000000
0xfdc3492ab736b575d446d288e087aa69be6c5b8b,45000000000000000000000
0x4a669f017c74b1f6890846fccca2f380356be107,6726753611235000000000
0x95ed1d0fbde355debd390967e28b30dcf8396eec,6716250000000000000000
0xf90dc93eeea448a4e69166fb397a0252370668e4,4476881930706000000000
0x11da5c656e60ac65c4c0d590a9e483906eada3a1,22287367298970000000000
0xbb5d838ddcc55b287e290622d229a360bc3130ee,22499438547780000000000
0x81c5e53ac8e5af8966b332742fcd2e06d101bb70,6750000000000000000000
0x4b5314a421e4384f876272dd42dad2307590716e,22472752939695000000000
0xa6b49397ce21bb62200e914f41bf371e5940bb41,6750000000000000000000
0x4d04f4df74438b21b3e7298a13aa9c316b47c632,6711750000000000000000
0x36f22f65a3476f42f6ae813da097dd471fcadeb1,225000000000000000000000
0x6781728db576273870ffbb9ad7d1c3f5aa358c50,112500000000000000000000
0xef13a2be34dba77c3008735f328d5a7af3f914c0,22386670176915000000000
0x5faa7d29b6f009b5a2ced1a51bd93cb26be2d43c,6750000000000000000000
0x63291f6aec0d7bb60a017336c352727a42367ae0,27000000000000000000000
0x12e307075f20baf6b67f73c9017251818f7e5d81,112499866422000000000000
0xf00aea879fec57c08f2739e5ba89b455942c7d4e,225000000000000000000000
0x29c25cee4e390ba6ea51161aabe814c9a2b0a8f4,13477500000000000000000
0xd23199f1222c418ffc74c385171330b21b16e452,4477500000000000000000
0xc1400ec206f6d341c4de46e609cd908d50a7f167,111980041929000000000000
0xfbf704ab4c8255a68d127a34d4e956594f7f0c2f,11250000000000000000000
0xca7c767854b1e7305de07247ab85e30543d1d9c9,719983125000000000000000
0x42664bf05c3c126b00d26ea3093a5c3b3d898a15,4476809570157000000000
0xe4423bd6a31ede56e508275d7a0536d52a269680,6720271090650000000000
0xcdddca32494e80c137c52e9c553bf635e6fd7a5d,4498827451983000000000
0xdf8beaabfed67fb3fbd3d9fff14e2e176ae10e17,6737670519660000000000
0x3480e74b579732bf8210a59f079a0d73c36b3de3,45000000000000000000000
0xeb1fb67ee34129236211d95bde8a9383e0973cf1,4480098520338000000000
0x36cbd78b71a161dfed7c30db2b5989d81fa31f52,11250000000000000000000
0x194cc90931e6ea6461c2e72de0970bceea7a430e,4500000000000000000000
0x7d03216b776639c7dbfa2089f4d8bd00b4e79d54,51716477438190000000000
0xadebe12fd6e08b5e7235ec07912f838db7aa3265,4482159750324000000000
0xe2d7c679aedc71dcfd65eb381107f8beb0f65666,123750000000000000000000
0xeb7247c001e8c2daa2e2b9eadefee5f4f0aac854,112499999984250000000000
0xcc9d128d91f6b29c6f0faac761d2868a5d82c106,6716250000000000000000
0xfdd7c88db10a4e099337a09b1651a7fe5124d88f,6725400501195000000000
0x1164fe7a76d22eaa66f6a0adce3e3a30d9957a5f,11189535813990000000000
0xa8d211e91bcafeb2c3a433e1946218c73470d6a6,4475635593349500000000
0x56c74db3860e19b78b8caf1c515b4d526f5bfe48,44775000000000000000000
0xa3c6312795199efe026912cdff4b4e391a7f17fb,6726708671760000000000
0x4406079cc29ecb9295e50dd5b2114ea3dca154aa,4476966605869500000000
0xa28ac1264ea4dc2fcae85c379a25e24b44a1aae0,43605868579155000000000
0x872bcc6c36b512c5fed0bf947ba574b1cdc0edd8,4500000000000000000000
0xb6b0927147ddf27c0aa79407a2594c8d9ec2038c,11199319088175000000000
0x208b1c1c1711b8d22f6e8faebffb0769c5426a88,6736236649335000000000
0x4d640d6d2cae44c3192a70dc1179aa890484cc7e,6750000000000000000000
0x978220580c3f31dac692f82a467f7a93063a7e6c,4500000000000000000000
0x2baa98f2bd4f5cfcae3f3a2e2ecfa3b1ae9d04f6,4498022439279000000000
0x5abd904127c91db2fb61a4c0087da24ca08b0280,11205415232100000000000
0x5a8207adf52729c8bbbd42bb0e40155adebdd101,6716250000000000000000
0x0c16f16eaa88f956516cbbb2c9a0cb44d2c8c6eb,4499572869270000000000
0x62501959d7d549b5625e569342cb93299f572b69,11185556858460000000000
0xba04f91807dcb266d0976f70c6685b63a2e862d7,6716250000000000000000
0x11741d1cb1657db35edc8805eae8c4911cee2f71,11155596742755000000000
0x5b3d1509b3cbf2b4d601d3bbb4d722740dc90240,134400734324550000000000
0xaa75aff2452826bfe3cdfcdc2b579935d168b71e,27771170715000000000000
0xc7ee3b9778e6192ec7a1ef984c786e59d2990eab,6730687156230000000000
0x203750d4b97979e1ed4ad083db831a5ad232c169,22494998702340000000000
0x1319308320444d845a1a8d07825d24420b1f95d1,11245599350415000000000
0xd575a54a345a43eff67f90cd5a54cfb4c79fa4f4,45000000000000000000000
0x00c0c6558dc28e749c3402766cd603cec6400f91,155696996835000000000
0x7796a7f85f5c9e27b7ae6dc17711d49906d42a1b,4477272083626500000000
0xf8f8ed7ca52c884f81a89ea73bc80b1d47631a8b,4477500000000000000000
0x1f1163c6c0a85e91fe60f8dd5d1a7007ddbf95c9,6716250000000000000000
0xf54358e958ece02828f2ed1042c5d77e2611d423,27000000000000000000000
0xb75500721d659c44f07df306d168f9de01968dc3,4477500000000000000000
0x2d32dab2a1dde0878890d2c1fe87f566c88349b0,22499289264060000000000
0x955ebb45951c3baf2d39c253cd9a828c21767a2e,6750000000000000000000
0xfb69e4b694a62812b1c6543bd9723cb4cc001d91,13743885240000000000000
0x209f9c887d04a06f61710e4a2b1f4dc3ab1546f3,6750000000000000000000
0x6704fb5522696e5595f6cb9fa47f6246fb5766fe,9000000000000000000000
0x316cf81e37bd57210618592b88fe9e5ec2bbc847,44999423698140000000000
0xe8e61db7918bd88e5ff764ad5393e87d7aaef9ad,6699378956355000000000
0xa792fefe0e59fa17cb181bbcbcd6f159af3dd18b,4464627306691500000000
0x1e783916f6d340c152c37cd13b34e07f509fc6ed,6716250000000000000000
0x63c964dc8fa9ded3510af5fbe5fe18bac844e69d,119216250000000000000000
0x3d18fc023a030d97d67bfe5957d115083c8c4a49,16134237582502500000000
0x1f916bbf39ab189a9e3d9e1823a7b1a8e9e5f204,4477205854336500000000
0x96d94f4549a03411dcd60bbedca7a170eac644d8,5535997184160000000000
0x082d6cc8b00ecb3ae22e84e8540b279ace648275,6712515273240000000000
0x8b2362e5e1a04b14add7c4236d4e4237aba313cb,11249628142545000000000
0x15943dead00d4cc9804698b327f682ab6706f206,4498064014734000000000
0x808a023b72260170c95d831f589a1ae0dca1e43e,11193750000000000000000
0x156fbdba3a032751c6f7a23fcf68ee3b7ff3ee71,4477500000000000000000
0x71ec583a7442b97cfd30b398976b019f10683dbd,11193750000000000000000
0xbf35b80b9e771e8082cb9740dd49fc5f26800d63,179998312500000000000000
0x1005b7bef137969fe21ab236b14e6a9f10c03b0a,4483525359312000000000
0xe41748b199378b03978bcca18bd0401578201cd8,11249853773310000000000
0xddc60d163015cf5ca1369d557a2ca1cc2de1f1e3,22209321577815000000000
0x7c888b5da98453668579a8a2e7b323f91e445f4c,4488627215065500000000
0x9050c755691e9089e08adee29462bab6b338def0,29227191091830000000000
0x3f5d5c850ce1fe1da479b4de9de336cf3c68d2ee,6750000000000000000000
0x56eb867d39391b9a83f1f42b140e375525fe85e0,935726458284000000000
0x0206bc8fc7c1e8635d14f73c0fdb035493f2fd84,11250000000000000000000
0xf8b87bdfb5097c34761a4065f1644bd39b3014b2,6750000000000000000000
0x02c0a7e57fd97b9cd65396585cbeb494555e0e68,4490549256397500000000
0xf50f458ac4961185fae7c9b5599a119eacad009b,8987712517620000000000
0x4534b2b160217849776b1885e082b0e39ec7df08,29247859440000000000000
0xa7255773acc951850348e4885e8e6433d8101980,6733581733260000000000
0x41af90cd357748928c5e85e6a9bab4d4872dff54,76500000000000000000000
0x4f3e8913185594d5e9735c5aa9cae9dea9312b24,11203941729870000000000
0x9c7b84be5d69bb41a718a4af921e44730a277f90,4477500000000000000000
0xd6fd705ee0b31a9300d3e2154bcce777270cbb6f,44900108681940000000000
0x433acb9148a3418cedf924a4529f84b815c60a79,4500000000000000000000
0xba5960c2cedbc59ccb2b2b14d5b51be3348cf1b8,11208724294680000000000
0x27e42ca80671d02033afc822e3e8e833bdb7b39a,6749817803865000000000
0x0a4660a140f4bd6e265a1113a454c83e2838c726,11250000000000000000000
0x97e931494a837ecde1d2f152fcef1c2f5e093356,67202401505850000000000
0x7650376ad17592801bb2cc73bc08f4e777dea7f5,4495492199250000000000
0xa21fed132341f41c7f96cd9a5cdb3965bc0b74b0,22387500000000000000000
0x3a45d4e216fa81bb8bec07d3931ef2522d040681,11205000000000000000000
0xbe719b05b4dbf02ed9555ef92d36d746312403ae,224994375000000000000000
0x5b46af5886e51029f3a2f941c5eac2d8b51babbe,22387500000000000000000
0xdb59f54f833ee542ab4f99cb3cdd66cd1aa7b318,224999445330000000000000
0xfb09d6570a9c1de1b22367e46932685e14077dca,6750000000000000000000
0xbbabc2b3bef7af5913987c4ebbd9e0c2876eb717,58550009731785000000000
0xf3e4d421e826a03848254095455ce818ace25af6,4477500000000000000000
0xc94a7f853e568c9c394c7475106fdf549c3afcb4,225000000000000000000000
0x157501cba19d12a5a2bb4339e77295f8dd8c6e5d,6716250000000000000000
0xc441e3a4bc890c35beb20380d95e5b7eb8f24e98,4500000000000000000000
0x2abe8ff5a5cecb4f839adc851ed1a1578b2f276b,36000000000
0x0eb9a7ff5cbf719251989caf1599c1270eafb531,11226509159400000000000
0x8db7147b554b739058e74c01042d2aea44505e2f,22387500000000000000000
0xa65ba816f1f01ef234b8480b81a2ed5b3544c61a,4500000000000000000000
0xa3f2bb48e3365a558c8c3f45760504d6ff3b4b63,4474058515182000000000
0x76937f60b76db3b5330b2d257138f994dc160dc0,29250000000000000000000
0xe3857b65b4940af091c988b238c95eb5c08cecb6,4485706945060500000000
0xcf62886216ae712ec222db0742c4ccf0a5007a4d,45000000000000000000000
0x291e4181f506aaef0b29b59d7765b23024fde911,9000000000000000000000
0x1d6a0381920f67428918c03dcdba9f1752b43ec9,44536719826665000000000
0x09bb1b41bd79efd19050dd62aaefcbd4a96d895b,11200422737205000000000
0x26aaf2d294d68f6b958e1baf45278c087ddae4c4,4494373200000000000000
0x5d77400ec10abe1093e459c977fa81dd92ad2442,4500000000000000000000
0x959ebe8861481e0bc21b37444bef96167bad5834,4481727745909500000000
0x12f45feb851bd3d56dfb893d1adeb32e3bacc34e,6727407828795000000000
0x52604af3b9ea7e4acd63cd25f2f9c769d1c4865d,6716250000000000000000
0xfd1779090710934f2c381ecca22b68075aaf3dfb,22499370198135000000000
0x4f50e5e8662b4be49590b3003ffb448ee48ea1e8,6723055704915000000000
0x849dcfd1ff228befb8048c4b094f016562c65efb,449988750000000000000000
0x2124ed5982e1d3384c4800ff57b9f883b2e2f47c,6322284000000000000000
0xa91b82084b37b01a7b5fd60160eef7b04302517f,6750000000000000000000
0xf28dce94a86f64606bb80b38182c2962157bb2ca,45416250000000000000000
0xf23a8dab5dab50bc8276a15e73bd89bb2327315d,123639363188595000000000
0x366b7705216f20e30fed9d47d65c5e4f6d53e288,1125000000000000000000000
0x53811bea240edccdd922db6733e5f13bcde1a6ed,22387500000000000000000
0x06ec034b1556e72ccc77c0b411553b61c1359b75,4477500000000000000000
0x8ea1726128fe7a3de7f68b152d35276ce14207ad,49475925000000000000000
0xe4c3b0dff7287259a7bf576d0a3bc46c432c5541,4482447163398000000000
0xa3bc1b0c0205847b5fad18758571bddad56e5797,4500000000000000000000
0x73dd0f5b465b57570156f25907fac0f38b05ad0b,4477500000000000000000
0xdcc7a0be39ac6605febc41fb5540281a3cf23482,4477500000000000000000
0xa710c069237dda9ffb25b5f7faae221274368c42,146249747042220000000000
0x864f23945a1ed0021112a4bf1c8c9cd25e40d9f4,112497187500000000000000
0x5df52e6b70f25919ad29add390efe2614f91b2c6,6716250000000000000000
0xd79c597a5d5e4b093c4de8dca8b9c7927d0d4b68,6749998425000000000000
0x85c447d3fc7d42b1167c7fa6ee50fdd961512b4e,161934784304850000000000
0xe728bd0d3664df35036b0584fe6d9d952bb27606,11250000000000000000000
0x00001ef108843ab7c937974c54c42360da8f9000,22500000000000000000000
0x0097ed2c77222d41f3fa2890edcb8a87865476ce,340021314490500000000
0x00ab97c782c661fb3d08c96dce06176938101211,13500000000000000000000
0x00cd780b182b96e3025db0214ae2c5f207e4d769,900000000000000000000
0x014208c7c3c4fc25ca755567ee8864742329efb5,90000000000000000000000
0x016b24e537c7955c6fde8e3dc0b00ffa40ed19c8,90000000000000000000000
0x01ccd75b739ea68983c53dbb2f30f47f7370a352,139500000000000000000000
0x038031636404b212e1aa161709065cd853252f8b,22500000000000000000000
0x03ef25681a3e8380631cc84e13ca39fcb0fe771d,22500000000000000000000
0x0507b3ffe3836ad0f256f3d53b8fa7653e54e2eb,112500000000000000000000
0x057543dbfa19953ea561550c9600ab9e77a05ced,22500000000000000000000
0x071e3b54a4354f7246f048b63e5200dfe239a329,900000000000000000000
0x078b7b9520514eec7e767574e5f0bf33c84d910a,44747454465000000000000
0x079d9567e67d6c83353ec287c0c5a12bb1b3d628,740237505277500000000
0x07a27705ed393003dc066160d2706394a5b96d61,47790000000000000000000
0x08433fc61bd53c71f51613fbe656f7228ae6d885,22500000000000000000000
0x084d57de5ce3d1812adfa54817e57d21dd479381,22500000000000000000000
0x098d3b9d61de50bd85059969d1b302047d0ac73a,1350000000000000000000
0x09aaa0dc34cc9d81b21bba98d856304be6bf05ef,22500000000000000000000
0x0a1d45542a6aac01ccef66d2365b8fdd3532e4cb,22500000000000000000000
0x0a9d89f628ddcb16269c537edd57e103ac4b8ba5,22500000000000000000000
0x0ab769afb16d14ed78ddbd53da6ed3e067c25d6f,22500000000000000000000
0x0b36518f2da8c357f235be18b0b28392b45cd1ce,22500000000000000000000
0x0b878b6e1b43e4f5ad543a1bfdc8890455aa9a0b,45000000000000000000000
0x0d0c4d8bc5029e8420e1fab78d1373ea175f4bae,90000000000000000000000
0x0d6818d5565cd93de30702282a8ad9f27a8db862,22500000000000000000000
0x0d86e97bada05d91b6c6201a4efcdf978d1807da,26482822806136500000000
0x0df079f9a3bfe44106db880e7bc462cbe5673f0e,22500000000000000000000
0x0e30ef35e75fca07cd3063f26d29799c521bbc1c,22500000000000000000000
0x0e3199c0647055484cd16ad5299dcc24249a57b4,22500000000000000000000
0x0e91fe225dc45567e224e5cf413f618a1074b2b6,112500000000000000000000
0x0eed845ed1f1cac7a4ad6b961dc1874ffc5d5103,22500000000000000000000
0x0f0924a3a5111e7987a23a49af826d2ba431342e,45000000000000000000000
0x0f480869123823ac6c4dc103c49b155dd7c4d976,4500000090000000000000
0x0f8361ef329b43fa48ac66a7cd8f619c517274f1,22500000000000000000000
0x0fab98ead995990a9f2a62027eba468cdee87b42,22500000000000000000000
0x0fcf993690a7c27dcbd1bdc7873deba7b54b2ac1,90000000000000000000000
0x10277bab3f27c6bdcba787eaa5d965f4b0631a51,90000000000000000000000
0x10437b1650f6b1133d3eba32fdc40ddf42e9d5ba,22500000000000000000000
0x104f3dc171f5ce1d1501a49e664ba1fc30252dc5,5689270845000000000000
0x1079778b3f805b8030f5b9fedc52e92d65f70ce2,22500000000000000000000
0x109cbdcf9e4f6cb9ea56c810bc26f06f8b1f399f,22500000000000000000000
0x11b7916f50a50ec9820e0bf97af0034aed1f021d,22500000000000000000000
0x11fc39e329bbd289cc7225ade7872c923519ee15,22500000000000000000000
0x1241ef66fd50919f909f33b5333976c99635c13f,1755000000000000000000
0x12580008bd52862ae3080bffddfeb847ca8ec284,900000000000000000000
0x129ed0be1ded0b8297f185d2d90519337c9a5088,6570900000000000000000
0x12a2e457862437746ae0ce2f1d158a5e399e1c03,216000000000000000000
0x12aef3c25baec7eda6569f63ec7662c4ce7d7a41,22500000000000000000000
0x12dc69f7d827b19906605b2fc6c72dd4ff4aa941,22500000000000000000000
0x1338fef4210fc6095226fb6388077c66f153087c,22500000000000000000000
0x136448853c82a08cc4ad38fe0637cbf2085f9a3e,22500000000000000000000
0x1390337555d5b16c584f62ec82d9cc42e53d85e6,2700000000000000000000
0x13bb8774acfcfa92b03c3b9f88c5e86cced3db71,11520000000000000000000
0x148960216a0c880304658b9132308f1ee1a43e69,22500000000000000000000
0x14bfc91c2e2a9db6263384cae8d36f68b2141e6e,2731554204552000000000
0x15e198793336cd403fa74eccc690fc9e64dbdb78,90000000000000000000000
0x19b46688f2b67568b7b5eb3ab515a821e447fa21,11250000000000000000000
0x19dfdc194bb5cf599af78b1967dbb3783c590720,22500000000000000000000
0x1a41cf2db18e50144b076063c222256cc0ccb64a,22500000000000000000000
0x1b4fda5c9eb62aa890d01003eec2daae20e8a343,803714949000000000000
0x1c2534ff8abdbbbd7d45a632dc147f7436824f16,22500000000000000000000
0x1d3c1f37eab0d0bf90cf8b0e14160d5d58dc96f3,22500000000000000000000
0x1d9a2c5086fa5f4bbbd7e684f3f16ed44d04fa5f,1800000000000000000000
0x1df249f13b45be675c2fb43c76d19296b90cb556,22500000000000000000000
0x1dfb0f3daaf2192964c9c2a3f06912ac430c9f1e,8325000000000000000000
0x1e2b59a838210dd970f09aacec9c7b6c6768834d,22500000000000000000000
0x1ecbbfe153c46347645f56096a214d982ac53c8b,22500000000000000000000
0x1ef84d542d3efab5241b56bc82a50093e28a2a8b,22500000000000000000000
0x20397a5d8b04d57ab9b285b94d4c7fc5da732bef,22500000000000000000000
0x205043ddfa3f742bcca920332ba1e6970701cfce,112500000000000000000000
0x20814cab68d53b2d05854c9828eb8a2cbbbbd4c1,22500000000000000000000
0x2181f675e810ad682df863f4593233b8b010b42d,2225492086131000000000
0x2184d88114f300050841b82d7c344049278d5d82,2250000000000000000000
0x21a6868be9335dc9e1ce8a39fe981b5acea762e1,756628917516000000000
0x21f38bcb0e0ce291fb0536c41aad36586750bd02,22500000000000000000000
0x222a3273ee8bbb90b954d0c195a46a338fb1820d,5400000000000000000
0x2249ad76c1995822d1b7d3bd673b630fb68b6267,22500000000000000000000
0x2288ab0f0b81e6632c9154b0e8ce0b23fa04eabb,1882018080000000000000
0x24617cf7babb16681184f9335834a7f053f42612,369065025000000000000
0x254119f59412802efea71689dfd6f0fe3b429bce,20250000000000000000000
0x2607084b0f342daa5c3157cb85a27b6ac3f60de3,4500000000000000000000
0x266bbb1f62e65920f9a2564151d17be125c3b06c,13052641050000000000000
0x2705a3516dd983c81ab7fb17d075c77ff118d510,22500000000000000000000
0x2824bd8c4a16278712353233f37011b989eaa325,22500000000000000000000
0x283b40e5f28fd131a53cb158f2c04396febc6418,22500000000000000000000
0x2920620b47d51170319a531a2d6d5810610e8c2a,22500000000000000000000
0x2a369495c5108ab93128a84f905ea26566416428,28788423030000000000000
0x2abfaf3ec0b1323fc73c893e623610ea2034ceae,22500000000000000000000
0x2bf30058044ffdf42141511bcee24e104a2ee633,22500000000000000000000
0x2c59b17cf7af3ffa04ca5f23305811013e3bb18f,22500000000000000000000
0x2cea915874cd32045bc3397c732fee924ac9227b,22500000000000000000000
0x2d94dc4d69db8ecda720406c118702c0719b4345,2250000000000000000000
0x2dadd6df80ff7008cedde37affec883655480ff9,112500000000000000000000
0x2e0a372fde848f2f6835599c05dd2fa17b6960ff,22500000000000000000000
0x2e46bdb8523e5d7d456387672b89bb0bb2503c37,22500000000000000000000
0x2fe95ba46d36e6bbc8d3bbc6bf3f18c85c91f3af,90000000000000000000000
0x3032d9bddd8732e91c5aca16c053aea2aa26020b,22500000000000000000000
0x304e270f3de1873cdbe0cad2dbed3bb777e41439,22496591472750000000000
0x308d0dd3298ac01eb0a26f4077a53379d4502595,22500000000000000000000
0x30e611012f0bf9f29b7a54cb738b60cf3e6a5f51,22500000000000000000000
0x310142ad4a636ed88a56b7dcc164144e5f7950f8,22500000000000000000000
0x32144a3f0ed8145aa42896a811c7a7ceb1717f24,32177893545000000000000
0x32882c68ab8832044bbe9b0e9beb738f60ae4e2f,112500000000000000000000
0x32eb9a25d36c585d2f89b9cb76a792a6eaecfd40,22500000000000000000000
0x33995fd4965765da3acbafdf0791b538a1d23ce0,8405375492821500000000
0x33d8cdd8f2b66bf2fdcd7b1a84d047cea6642f80,22500000000000000000000
0x3443d039390f5b8dbae2d6bd1175d190e48dc529,22500000000000000000000
0x34b356d22c85f66ca3e7d88edc8f8a7d2edd72c8,22499995905000000000000
0x34b99d721ea5fa5feaeb7df1252e0f2534fe0da1,22500000000000000000000
0x353285385ed77d1e90d3788c74bdfa2534c11ebd,22500000000000000000000
0x35e04afe4d5cf3adb211caf1104ac11fdd1885d4,2475000000000000000000
0x35e3a5f9a59a441f5b87416ed68eb99753e59171,22500000000000000000000
0x35fe19bef25665f80b1b6bc50bb6a9e0cd5cd2fb,22500000000000000000000
0x360cebac3453204d44032d4e4d2c9896de48a85c,22500000000000000000000
0x36699d43c0c603d123e7bc9f537a15cff2cb1be0,22500000000000000000000
0x369606edde71fb6ec43353330796544852bad340,22500000000000000000000
0x36c26b11006b1ea1df2f2deba31a0bb35d0ad4e2,13320000000000000000000
0x36d6c29e957fa8e533f1096711cc8d70931f101f,22500000000000000000000
0x3714e1078cb6f67ef01442b4213012b16889926f,22500000000000000000000
0x386c82b52d6e0dfb636c51b577577140cc1df4bf,22500000000000000000000
0x3957355c62e3eac522c9462af591ac763c674038,22500000000000000000000
0x3a0b433cdf858a29f3f31426d14dd5264700bd77,22500000000000000000000
0x3a1b51be347cc35bee967fa6d32c07b63cd4e41e,22500000000000000000000
0x3a5d9e242b7ef824c60f24ac23daa68859964543,4500000000000000000000
0x3b7f503825a9960e2d1de200509af2f4061275cf,13500000000000000000000
0x3be27a8de4ec11a5bf64b3627c1667a8f289f44a,574034883372000000000
0x3caec1b35c38fde81b58f4beef61472daf3b8f68,9000000000000000000000
0x3d3a32f9c980a9187ab451c962756e6e5e344630,23615615835000000000000
0x3d4c438f918cf530404fd6dc12f7ad35e05d760a,4701780000000000000000
0x3d6e4a3857edb49d0704e1940cacf5b8512d121b,22500000000000000000000
0x3d75b3f53903b8e528b95e0b21deddb31df37305,22500000000000000000000
0x3dc56e85283ca780d5fbda7337b6bc98a5e4f22f,22500000000000000000000
0x3df5133de45bb9fa5a995e1fb3864723474472a3,22500000000000000000000
0x3e0ac229fd52afe0dd1eb5acd4adac019d6a8a62,2700000000000000000000
0x3ec63e862d3421ebc8bafd5f467b29d9d8f3fcc0,22668416190000000000000
0x3f2a89ecb736d3180be7b7068b3f1ac413bc08c3,22500000000000000000000
0x3f86af16565ba5f6654090a258f75313bfaea426,21274426980000000000000
0x849fa0db13481454833d93e8c5ed4cf359a3d1c8,22500000000000000000000
0x4052a0c3238ed0e44007fdcc9c9ddccfed075bae,22500000000000000000000
0x415f9cb3b8682bf1748452812e9fe60440cf27d6,13500000000000000000000
0x41bb607b8dc98242eec3c95584418706fde4bfe9,22500000000000000000000
0x41eadfa4ab87e09b5645e8b25c950c64da01355b,22500000000000000000000
0x41f4ffe53565079a17acc81e6c275c270f21ea05,2176255107450000000000
0x424608494b4b1e6e4d8332518b031c4110ad2f63,22500000000000000000000
0x42cdcf83de17756c8362e73571e89c060759ee21,22500000000000000000000
0x4334fc936bd246f0e9ce8c0e182e6f9d9ceee2b7,22500000000000000000000
0x433502a6ed9680874f59f67183318c8be0a33d50,22500000000000000000000
0x435fd3088a2aa6c413dc0603eff3bb9d7bf97c24,22500000000000000000000
0x43d41e511f0b98b959ba1f423b630f31e11f11ca,5625000000000000000000
0x43da6d2db9651b7042e31ffb2607a7cfa4d5d03b,22500000000000000000000
0x44b4d9081ff4639187169370497379ff662f11ed,22500000000000000000000
0x44c0d0f160326aa6783d98ff07897a8fc217481d,22500000000000000000000
0x46a68e49d1a42946c1e4d7372cc2b0fb82e0c73e,22500000000000000000000
0x46c4c4781fbcbd501e11ef8d87180c44026a3ec5,13500000000000000000000
0x4815366bb6f74796173c8bea057b5919810138a6,22500000000000000000000
0x4aadddc950de010eabb148057cea83e22d3aaa6e,22500000000000000000000
0x4b36ea0fa1a457fc0382830b744dfcf7ea3232e2,22500000000000000000000
0x4bf4679873019a14af187ef6e523807d9d5e6db9,22500000000000000000000
0x4cf8be01027ad66c4939181a5b8c5b2b281771f0,13500000000000000000000
0x4d12f5c524521e53eea589ef9df67fe04e56b047,22500000000000000000000
0x4d9b5ebbc755720a9cc6c472a1aef272960b928e,4500000000000000000000
0x4e05455a4ac6710fa775e7defd028bc557f247db,22500000000000000000000
0x4e8c101bd3beaaa049e42b0db1877c9c5f90b724,45000000000000000000000
0x4ebb399c5c03891889f21e726ecb72ee05a7fb5b,4569881933700000000000
0x4f942119e6ab0a6e4368e795d1d64291a3ff0da4,22500000000000000000000
0x4fb0a29c1efd289c837a1a00f02457f08bceb26c,112470726015000000000000
0x4ff4d57ba0afc73d6857d463381fcb580bf256d7,22500000000000000000000
0x4ffb72b66eba24521736924f87dfe10677d82286,4506714172588500000000
0x5055609c32153724f78d6e6ef6b7d02b211b6ef1,3060000000000000000000
0x5190242985abfb66ba17b1097bd14bc12d373dc7,22500000000000000000000
0x5192fa6618869ffd9fe6230d94b0e4c8f57adcb2,22500000000000000000000
0x51f059c07e03d330b007b48630a857e582be8236,1252948770000000000000
0x539af3924ac2db853fa33b93e7e6acec9839ec91,22050000000000000000000
0x54bba94ab40cbc892e0ae6d5504d545dcd276aa9,22500000000000000000000
0x54cf1c30105cba99668049b1f46f28852d0202b6,22500000000000000000000
0x55a77770fbb3fb0f74e16790a6d30986a40d3095,45000000000000000000000
0x563e2f4bff54280dc715cd1779624b52684b490c,22500000000000000000000
0x56a47e0d3244ebfe7e84feeb2111ea13e849ab86,22500000000000000000000
0x56b3acddab7693d57be596163777d5fdf7551efc,8563506705000000000000
0x56bbe6390b51d4f71a32ea86aea534598d6cf6dd,22500000000000000000000
0x56c0e3aadc595f60d21dd3e9a5a91d8e9703121e,22500000000000000000000
0x571fe9d0561c377abef25ee45fb6f1fb40258ffe,22500000000000000000000
0x5839fa6e03aaf23b297162714c2bb0046770c626,22500000000000000000000
0x5866505d38d99b5c13b27b8992ab5942bb22945f,900000000000000000000
0x58682d8e862e74316871b70ffaf2d03963206c1d,4463012884419000000000
0x595d602661fd23ff26dfe8a4e19103564fbd10a7,15713174340000000000000
0x59d05c0f50095346814bb75cadf6c5d51caedae0,2025000000000000000000
0x5a4867ab0f2d2aba7a9b8ec10e705f24e94f9af8,22500000000000000000000
0x5b3067c5e26fec823d6fbf8f315e43632658d2f6,22500000000000000000000
0x5b53ed6274b61bab06ebc0d2a87b8b4b12f73c96,22500000000000000000000
0x5dd5092ada4412cf829a1e1eb98f37ebc3261a31,22500000000000000000000
0x5defc9a77d5171fcf47a22ec1783c1ec24c375f0,22500000000000000000000
0x5dfbc15314501fe246b7d6091488b5bd55277b3a,1286740530000000000000
0x5e1bc7c6fdc763cd0b2127aa8b7f7c4a0149501f,22500000000000000000000
0x5f5734cb35db6a4f2ac9b1cfe81ab8dbbefd8988,90000000000000000000000
0x5fd8eb9b9958e88698fa64f0e4a418f6c9c563e2,22500000000000000000000
0x60ac0b2f9760b24ccd0c6b03d2b9f2e19c283ff9,112500000000000000000000
0x612b8e8762bf14f445467d023f9f04c0c22d3dbb,2250000000000000000000
0x614cbfa888a36613f3ff73d00c6ab377254e9e6b,22500000000000000000000
0x61b11000fe497a215fc3759142d5d662993afb93,8045771499900000000000
0x623331fd48abca0af5457ba39b8328979c7fabd0,22500000000000000000000
0x625164dde1dbfb117a1477b574bc62aa67261ddc,22500000000000000000000
0x629f6a7335531791ebed6e7651634285c3280334,110121709725000000000000
0x6326aeef87a2a60dbcf267a3b021a5e300c17b53,9000000000000000000000
0x63f19569f0f729f137e1042639bf867eaf8e7b18,22500000000000000000000
0x66319221cc3b5ea8d949665bf65fe5ee45ccb894,22500000000000000000000
0x663211ac27b398ae6174d680d8a98d645ed4311d,90000000000000000000000
0x670ac837a1b768232e6fc665820c999e8cbd214e,22500000000000000000000
0x671f8edb620b99790739f49d337dd2b0ed56634f,22500000000000000000000
0x674b49d3a86c77b5554d2a78f24dad513af2dbe0,6750000000000000000000
0x67592c823bcd2fefc6987766584e17aab6d582c0,27000000000000000000000
0x67b1ff96df1d0923467a5d8f972d0533c300cf43,8100000000000000000000
0x68037f970edf769fc29c9916cee34a2255caff50,9000000000000000000000
0x6803bc6e4bd209537eb356feb03c66ba4a383f1c,22500000000000000000000
0x688d098928afd7d916fadfa2e2e25d367533b6ad,22500000000000000000000
0x68cd3a96f4ce0998e41559f6f292a26f6af1ab24,4532489336250000000000
0x68f995a02a52a31fa7e820cbbd530e9ddbcff07a,1097935876831500000000
0x69258d1ed30a0e5971992921cb5787b9c7a2909d,89999994690000000000000
0x69cd1c2e13113c09a22ff98cbd2db3f682f716b4,45000000000000000000000
0x6a1588c07da2a6ddb54c1e5a1b4e9a89bcbc30f9,22500000000000000000000
0x6a478095c5be760895bca772a91f414f03df6378,9000000000000000000000
0x6a5d8a800539879f68ea1613c79d6cc2ae039bb6,22500000000000000000000
0x6a9696899e5b114342882c358ffc7c4e620e88df,922500000000000000000000
0x6b0e251aca6f46377a2e52910b27a2c830a7d8c9,22500000000000000000000
0x6c2693f5a936f37ed03cfa8465bf2d8beff19a0f,5337090135000000000000
0x6c59816c3ba468759381b0bae2fcbe3a27027488,22500000000000000000000
0x6cac40120df8caa99ae3e1b3fc959e0de31e808c,14037867855000000000000
0x6cb60ea44123b24daf738bb74990e7a615d49559,1800000000000000000000
0x6dc8699ed13d4c9b71caf9ed9508042b645088f8,900000000000000000000
0x70015e62e7aa017d7a7594a51219fe4c276d6afb,5400000000000000000000
0x7037c3521616ca33f3362cc4a8ef29dc172cc392,22500000000000000000000
0x714010d6e9737c0c97e2345410cbdb2ec508ed14,8325000000000000000000
0x7267db34b6072080923f92e626c2fc5da91ff25b,45000000000000000000000
0x72b590e6d43905b9ed260e386c70650f1d205e77,21561810120000000000000
0x73422a2722066c1750cb9fcbf79cabf1f08f9bf4,112500000000000000000000
0x735587aa624a21bcdb2b4558dfed94508b32af83,22500000000000000000000
0x738f958c5ba60274276eaaab9b7c1e195a64e2fc,22500000000000000000000
0x73ea3879ef0c8c7fded26d4f9a8184f9d077d4c7,9000000000000000000000
0x74a54e9c5ecf1c1ab33778df51f3e8c8ee894b26,22500000000000000000000
0x74dc445c8e24919975e63fabd3841d13fd0d5f9e,22500000000000000000000
0x75f2e07b7d6ee6cd0a5889dbc0083c428d9ee3de,22500000000000000000000
0x76574781fb8d68607e42d3bef0a5207665a8388e,22500000000000000000000
0x774fa0b0052ad2da651fafec60cc125332c1499b,22500000000000000000000
0x778fa65c416dca073565ce23fb6ec71e657d1154,22500000000000000000000
0x77b42f4694541bb538c554d378732dfb477b572e,22500000000000000000000
0x77c8899b3e7a1012ed5505fbb82a95c3a70117c8,22500000000000000000000
0x7813fb425f9409fe9cc0a24c9d2a074a1f3d21aa,22500000000000000000000
0x78d220ee5f12d2f080d1d86350a7ee4e0fc7bf3f,916914842608500000000
0x790bf39e80a36fcd51f2ce7d1df1ea6f372b9f2f,1125000000000000000000
0x7a3084ff361ef62c979d548b163df908b773ed1f,2925000000000000000000
0x7a78ee74d3fa77eebf56797f9bb3bf06b6878154,112500000000000000000000
0x7aa533b5e12955cfabdc2e52864b90ee3b7cfdfc,1032346153660500000000
0x7d9048a13a96657b12dd69bbd8999e1be1c7d97c,22500000000000000000000
0x7d9ed74485c526df40e970b5b15df18396aa7653,8964280395000000000000
0x7dc72aa520b137aeba8bd27d674866ce73dbafad,1552500000000000000000
0x7e1d89efe0d75b659fece9159801fd9df37c0ac0,22500000000000000000000
0x7e1ea6b5c8cebb536f3b74eaeaa6bc9e821d4b44,22500000000000000000000
0x7e3bd161529eda074ba2f82ee985b7f8085cb5c1,22261653501129000000000
0xa90b6c923ca5af6753bc2ca06ae518b7bc418f32,42255000000000000000000
0x7eb010ee94df76f0310b9abcda8ffc301983d6bf,44887500000000000000000
0x7f45a9a584135a877ddfac9891f94ad8cce81fc0,4453517998350000000000
0x80c60269762264f1ff40e30bb892b362b75de504,22500000000000000000000
0x80d09661298d46aaab20a5039665a7bf9d0dcc80,22500000000000000000000
0x813e372eb82008b31503027aaacddbd5bd228f89,22500000000000000000000
0x81c0976763f228a0bd38f698f4e24c028f2a08b9,22500000000000000000000
0x8219b4400853d62ed4b8f926dceb9f86dfff6521,22500000000000000000000
0x823b9b0399bbe7c03f7c89571ccb4286068832eb,22500000000000000000000
0x835a7449b33e041834f4808b488db3dbdb848103,22500000000000000000000
0x837fa98272ed6f7e4bb493dfc664fc7589c95934,22500000000000000000000
0x856a8284b6ae62ca00ef00d9dcf39cbef09103de,22500000000000000000000
0x86260912fff381d097d8e84463d9a9cf98ba685f,22500000000000000000000
0x8718125dd2bbf0bc1e0c76c0dc794b772821567a,4525810200000000000000
0x8731372c0bbdfd496c6f85dc3ae9fe945ff9e184,22500000000000000000000
0x8753ca006e6a941377466fe4e0783be6a4e792bb,11250000000000000000000
0x87eb26e17392ba673e3bd775b13af3b684a8fc79,8482696830000000000000
0x88f96204a47c3bd173b672a49f010149c4bd802c,9000000000000000000000
0x891fdf1892502c2b89bd88049385a3c5d140ed20,4422327140398500000000
0x89730c1655a8627090f91e6cd2ffc3034bb249f6,112500000000000000000000
0x8c79a60ddb221dcbfc7e8d18dbdc3d9decacabb8,22500000000000000000000
0x8d3264231373c857110e254986cacd1fdcb62f15,22500000000000000000000
0x8d345c1dcf02495a1e7089a7bc61c77fe2326027,63059936400000000000000
0x8d425941712415e4b92c2b9139f8df887f0fe6b2,13501215000000000000000
0x8d979a82ed53b603d5bede17844bc86f3813b2c7,13287856500000000000000
0x8e7cc4eafc424e6c3442b160b9dcbd081a4e540a,22500000000000000000000
0x8ee04ed98d631f23391130c69a8609f82c8102c2,11250000000000000000000
0x8ef351141e9f36cda28db1af4bc6616d4d58a6da,18000000000000000000000
0x8fda04e38c8549961eeb77e6a64c8bd8ddc9d407,22500000000000000000000
0x8fe2dd17fd7a965ad976e49c4a7039924d0841e5,4502115897363000000000
0x8ff51fd619bba1fefd404d7b25459cd38dfb7032,22500000000000000000000
0x9188d357c55e56f6eccbd7240fe29e450c9d91eb,22500000000000000000000
0x941689a3677ae5d7547aa6b298773db1a50e2ebc,41372626185000000000000
0x952118d279812a68a3ef54bec1e86a5ef7ff904f,5003437500000000000000
0x9631faf188dc81d978e5bbb56182951d54289429,22500000000000000000000
0x9647712f9e87ff28b340b362ae535f1117ad92c8,112500000000000000000000
0x96b08318a2a9fc18c1af7e63404e11ee6de8cfd8,450000000000000000000
0x96dc3c7e0c59b6804d2078b32f6b8e9e1e719854,22500000000000000000000
0x96f4ec1640257ec4d4f4527eabe904ad2afc2d07,2070000000000000000000
0x9745c9462585263c7a354002c7dbaee5085f979c,9000000000000000000000
0x97675d5d3ffd22401b78ba4c0a34faadd2039250,22500000000000000000000
0x97fd87cc32ed4ccee07b17e1159e9aca85b223ab,22500000000000000000000
0x20E72E086d994c9d83121fAd6eaa16bED2035D18,15615000000000000000000
0x98b267c74728e49fd14bdeedd7e08f6c610be38a,22500000000000000000000
0x98ed1eae1836fa93a20fa389fc386ba75bd07d5b,22500000000000000000000
0x9902b65e5d84a8b23a4dba4966654153ebfc4627,22500000000000000000000
0x99b6a43b6f96909037608e1e73e4c98e1ec3f562,22500000000000000000000
0x99b96b1905aa5ae769a20d8e41c9b5738a13e73b,9900000000000000000000
0x99e512a245953da7bdc869d8adbea5c4d93a1eac,8820000000000000000000
0x9a499155e6d5f6a8722876a5ad0c4a47b3322c87,112500000000000000000000
0x9a856e0d42c1a9d7f8ddc0d7d06ca27313ff4e1c,6800444415000000000000
0x9aced0a343831ce6606a071aece347f06498064e,1600573972756500000000
0x9b702dc99ca8e1a0846d4cc673d45b473f670323,22500000000000000000000
0x9bb7c31ede9e2ca3589f259d14d04703234e38c2,22500000000000000000000
0x9d480d2e3a1a3e5fe678ca8b932b4ca7d1503e2c,45000000000000000000000
0x9d9ac7ae2e68c589b3d06efc5b30eaf961599f02,1736425350000000000000
0x9e9b13abc5f7f5f7a7953e1b2a30f3014c547130,22500000000000000000000
0x9f72b48ec2410586a49c75963f094b23738a0cf4,9000000000000000000000
0x9fd28576964041bd73ea68f2f09ee587c858d291,4500000000000000000000
0xa0a8338295e07e11f118ddc8e3f604b84cdf791d,90000000000000000000000
0xa0fa13f542c1f45facc537f8ba8db3c4f91a4fd9,455269950000000000000
0xa14a711e5d6f38bccf81d703cb8a949f9a1d3cbb,90000000000000000000000
0xa21901993ac74f3d7db6eea3e1b5fdc94879da7e,22500000000000000000000
0xa30fb3bc8d7af774d9c612c6ebdb8aa58232d334,18000000000000000000000
0xa33285321b3303949b3d1caef02724fbc7023a27,1485821650050000000000
0xa345d6388cc1dbf76689a8720f535c91c450e820,22500000000000000000000
0xa3964b0e113c0b215e47f1d2ec9b40996e124930,22500000000000000000000
0xa3c56b60e018fa19100ee08e9128c3b80b25ba8e,18000000000000000000000
0xa40e0330671540286254a67a70712bc0d0800b9e,22500000000000000000000
0xa455884687f392af0c64675700ff18ae8c51af50,90000000000000000000000
0xa502173e7ceabd3c90ede0164325e84323987796,11192281020000000000000
0xa61ab1b1d0c5876c39068409e94f465d8b52e7eb,22500000000000000000000
0xa6c5cd80cd2ad231347708ceef117267c80cd0a5,22500000000000000000000
0xa7195c71aa20481fa0c093e51323f8a4d3a2f5d2,49500000000000000000000
0xa792ba69231b088688dbbb36773c74e04566d6b6,22500000000000000000000
0xa8470d7e5052f64f87db7e5d40ca660cfe339531,89999986275000000000000
0xaa2b610bf24237c15ba7eba7d1122f2246776e64,22500000000000000000000
0xaa56c1febdb4c9698cc09b6065efe23443474114,67455000000000000000000
0xacaec33fca95b1351927aa092c28bd813c525226,22500000000000000000000
0xacaf23b5d619edcc135a400a0ecb8f81a79a9a73,22500000000000000000000
0xadb261cebb20d1e13c70848d9af6b28e408e05c7,216743580000000000000
0xae8f0e1be19deaa4eadb7f61607c9570304ca46f,22500000000000000000000
0xb139d467993aa119711a527f492ccea9a4e53cb2,420645645000000000000
0xb2d5acb6297f2fc9dec9589e6a541e7b8672c23c,22500000000000000000000
0xb3bfb32977cfd6200ab9537e3703e501d8381c9b,45000000000000000000000
0xb46e6b39eee4168a636093401b1439c14e95d9c3,22500000000000000000000
0xb4b1a6464be993d0fa7ac2a81194ec49ee880350,22500000000000000000000
0xb5bf6ce1597504bc086fa7c17e73397fce1a50f5,22500000000000000000000
0xb5d5c0565eb2a6c91b1eb31067646f2e9d725ff9,22500000000000000000000
0xb5e9953940dcaa05def45665676884f659ec60f7,22500000000000000000000
0xb6111c33d7b439604fa7f7324f7bb7c51579d03e,22500000000000000000000
0xb6d7430542e62517ad4c8c699fece9ab80f83531,353396610000000000000
0xb842ee848dfe4786fe6272ae75e7605facd6f4b0,27900000000000000000000
0xb84afc36379f6e36161ce0125f4e198af36c00c5,4543734824550000000000
0xb9328ae4ffadfad326eb39aa25429760ea28d043,11316609225000000000000
0xb9e4d5715065f5fddeb6cb60c122488ff4d09f9f,22500000000000000000000
0xba312f9517071cd01f33c32c077d838fb83fe9be,22500000000000000000000
0xba69593f1f51d4b2ff0a73298c8be0c8586be931,45000000000000000000000
0xbad19e37e23ebb8e91ad0b7bfdbc193f4010ba2e,45000000000000000000000
0xbad447203d16fe48d7c2c42032b49f392ac055f6,22500000000000000000000
0xbae6379acaee0fd0d5922caba1895292533b6fb9,44994521340000000000000
0xbaed8d4f349815568a9a36f45f6cc04eec99d72e,22500000000000000000000
0xbaf88b32025aeaefee010013da46098382475ddc,11250000000000000000000
0xbba2379f5cc9a2f248c5cf18ad72379ae2478f42,90000000000000000000000
0xbbcf796a56b677d0883015a2bd80afed165c1b8e,4500000000000000000000
0xbdf4b597dc14ac8c64e5f34e4eb81110dda5bfbb,22500000000000000000000
0xbe18255cd826ea8aadaaadb133dfd735a06b0e75,22500000000000000000000
0xbe3d17b43b3abca1859c13179a1d1f5ff231d6d9,22500000000000000000000
0xbf68f1ce39ed3bd9b20944260aa678bb934d164b,112500000000000000000000
0xbf95ef0358af5d15eef43dd1ebee92d6b47b770d,90000000000000000000000
0xbfd8aa4c17dfcfada2a15e171b5efcbb9f27ab8d,25971210000000000000
0xc091ae026811da17e2f5f4090e4cddc47b6153cf,22500000000000000000000
0xc09d026ffd87d36bb5f02b339166efba75069403,22500000000000000000000
0xc14352ad978771051f46a3c8eebd43add56a6899,90000000000000000000000
0xc1491119314d67455f50ab9799d7bec54ea681da,112455000000000000000000
0xc189324070b5e8f66c2710622929ac7a942b7466,22500000000000000000000
0xc231d89fe7995b4f5be43aa5877ced34b75d24b1,9000000000000000000000
0xc29dac18bf481c1615caebea293b84c15b383828,90000000000000000000000
0xc2bb35a8a51bce4eb27a01d257bc1b86b4ee1753,22500000000000000000000
0xc2feed3ff48d865c44bac9fd4f7509df93ec76f2,22500000000000000000000
0xc3d7163360170cb62be9907d1dca4fab2a13cabc,22500000000000000000000
0xc582a9ee95bb62d621f691c4721e15d282a798c3,22500000000000000000000
0xc591aaeec6b139b40fd7d91e1abcbcd940fe89b4,22500000000000000000000
0xc7076a538613bd0f1f5224deebae10257170b41c,22500000000000000000000
0xc766545ef68b49e5c70f4e04c52a9caf27b9a9a6,18000000000000000000000
0xc77340907570de55eeb7b91acc30e163505bcdbb,22500000000000000000000
0xc7b2186afff6d0ff8566fe112e30c8c5a3424046,22500000000000000000000
0xc7e31caf3d236135c7671c86575d7057b4e37a40,22500000000000000000000
0xc8fa33679e5b2114d8344ad2f8567f4887a6c8b1,22500000000000000000000
0xc969a10372391724205869e80a9bbb54fff7e2c4,4500000000000000000000
0xca381687154927c4948ccc751028a7e9b50c8fcd,15750000000000000000000
0xca8928486be0803f954c3fedf1fe995c9ed8945d,22500000000000000000000
0xcb255c4d7556a63d96d6b8b467b615e269ae2a22,18004314600000000000000
0xcb5a998cd81ff0d7613981a64ea2b1d49783b8e5,22500000000000000000000
0xcc7f6eb2637a48392b6cdeabd847b502bb702bbe,900000000000000000000
0xccf1c5f8fcf90008630778e0615fd3f597655a77,22500000000000000000000
0xccf5958bfb86aea25e9ae77598c558f37a91d2af,22500000000000000000000
0xcd180eca01740098321951e9698a43520c3b6fab,4458494970000000000000
0xcde7e2c01a6d46a693fec66bb04155af04f8235b,112500000000000000000000
0xce1cb8bb004d6f3b9f8166e3fb90617c5b723a70,22500000000000000000000
0xce29cec7552ab3c9cf5264ed96081c2804c3ef07,90000000000000000000000
0xced3fc4610761f79242d7d8a72fe86f3a1c626b4,27896899725000000000000
0xcf6b59b5f5bdc9585720b2bb8de9c30111ae4872,2025000000000000000000
0xd0218959d0e45c0d9397ebe9d7f26912a70c15ee,22500000000000000000000
0xd18b8d61c160e779cefeb61d47600061007a6130,22500000000000000000000
0xd1ad811a222f2684f42baa3d852aeeabe2353dd4,22500000000000000000000
0xd1b62db7ad09e615a4603e89c2f25fe8ad67e596,9000000000000000000000
0xd3620104d54d0cb1d1450b600f3fe843cade1ff3,22500000000000000000000
0xd3cb705598c7ecdbb5b4a33b6dbb3cb4d64fcec1,22500000000000000000000
0xd480a5c44e54f216717566a28c49f9874fa02bfb,22500000000000000000000
0xd593e659fe0283ddbfec11237ef46207bda6c313,7639596405000000000000
0xd5ecdae4fff83a81a7ec23929088e0db7455a5ad,3188562901650000000000
0xd65a892cf2a71383227f56886af6d0eab38d5552,1081049764203000000000
0xd6774d4be0cc524e8350c82ae0b76414faadf657,9000000000000000000000
0xd7ff819916bdebe9ef18811c03b5bd1b88e17441,22500000000000000000000
0xd88d0de304381c96d54af059bea11958827cc322,22500000000000000000000
0xd895bded79cca7e77ffb38ff88d134d5eb3091d3,18900000000000000000000
0xda03120a3a7c67612e6d2c31b2b7498a876d2987,3141522540000000000000
0xda4c20bb77eea27a47d27adabf2071328d93a67a,90000000000000000000000
0xdb9e450bb772f63425b9f6df81d69f2c3b8ee832,45000000000000000000000
0xdc232e884a3cf741a3d8079037e4033f49a661e3,8235000000000000000000
0xdca555a01ccbcca90b7f0cb3dbb970ebdc99189b,22500000000000000000000
0xdd8dcce83d19628131bcb4233d9882a2384cc319,8955000000000000000000
0xde45900762a3b139c2890f2e2d34baa5ad892c94,22455000000000000000000
0xde4fd702d487f2256b79f6b8f129a5ec5999c916,90000000000000000000000
0xde83b9dd1900b86b8b3db8d4c597089eed5cf911,22500000000000000000000
0xdf037d3078024265754ade7af5c7f60db4340f87,6750000000000000000000
0xe038d943560de7192e6bd72a65916823f80031a8,22500000000000000000000
0xe0a599b0d20348dc5cf742c2cc8ecbabb5bb07ca,8976727762065000000000
0xe0b3200d1feee0c93fe51bb734de0187db49cd89,22499989740000000000000
0xe0e4bff7ed1cd39dfb4310eebf078187586526c8,67500000000000000000000
0xe1ecf8ef96a4a01e1cb713321564530dc3165a8c,22500000000000000000000
0xe2253032fe37679ceb17ca42f287a5dad92ef7d3,18003460658850000000000
0xe2c2bbac29a8991c21d50cfb76d56ef455d85157,22500000000000000000000
0xe323e7116df02f8339ba9972c2830007d4423a87,5922260640000000000000
0xe4416b12496aa2f182c47625ee138615b0e76405,9000000000000000000000
0xe4b7fbc0c55299db43553908c36c98afd641d3cf,22500000000000000000000
0xe53d3f2b99fe0ed6c05977bc0547127836f0d78d,9000000000000000000000
0xe64ad79e3db72dceda1840c75b3753ae385c7596,22408482937428000000000
0xe68fb3f8bad8abe3c289890898eaf39e2e5aa708,22500000000000000000000
0xe759887aa3b0433b36705455c75a9f8f17029b4d,1533403260000000000000
0xe827c9485d095a82f427a4d1a54e781663da2de0,53418242115000000000000
0xe834d001b5a2adbfa2f3339012dd1470d6f89ab0,22500000000000000000000
0xe897c19e98e4aa9465cf0609a33af90b6a4ca2fd,22500000000000000000000
0xe8dbb6a7df45aa81dbb08d595bc2eb7d6d129f17,22500000000000000000000
0xe93086375044d0ac07acb498bf6d8b25bd53fcb1,7361767417873500000000
0xe95d4e083e2863e606c930438a60ed5fe734d064,4496149541254500000000
0xea1a492c1d0f1c57924937b54a118d799b6d6442,22500000000000000000000
0xeb946c5b8d6d179c8a6090e68e0a61ec6839f95f,2250000000000000000000
0xec08c416138b9dc0b8256d96a40abe67707b7f05,22500000000000000000000
0xec2209f765e51d429b3e03c4f09e000b530f5ee3,22500000000000000000000
0xec627c40c46f8649d321ef164a8f690ec0ec363b,4619553885000000000000
0xedb82eaa5d2eeb0156528d19af8f942b65b377c0,34635612954789000000000
0xee20f85dd3f826700a6a42af4873a04af8ac6d75,22500000000000000000000
0xeefaef10ac38f9751d1acdcc03fadd2f7d5ccec0,22500000000000000000000
0xef3b50dbc6b6069c63999d81408e74ba432644f5,22500000000000000000000
0xef492e0d43fe8ad042d6cfbdcb7f48775e544ede,22500000000000000000000
0xf02037571fbe132e3c69c39dbd8941a3a833e1a3,22500000000000000000000
0xf0244b65ea65495447bf1ead85a0520a04abe2c3,9974844000000000000000
0xf03ba38bff13755598fae34f5196fd66303a402e,22500000000000000000000
0xf11e795484e2915b47a42b3e456f7eefd92fe863,22500000000000000000000
0xf1d968251fc105da8c42945beaa0af7486340af1,9061131284100000000000
0xf2910fa35e1c1bf1bb497b6d4dcc98bbc5214e15,22500000000000000000000
0xf2da34a196b739811a593c9fc434f23e099a03d1,22500000000000000000000
0xf2f5da9a4bc63f9aa77ac67f8ca2700e8218deb1,45000000000000000000000
0xf2fbe54a78aac6ff92c4410277d44faac4650f98,22500000000000000000000
0xf3381ee675e4b0ee5a74ecea36b3dde77bc23c47,22500000000000000000000
0xf3db4f713fd09d0febfd7e5f0db91a637cd93c41,22500000000000000000000
0xf53e2c37a22f877079fe24314fbe1c44123c0ebb,4500000000000000000000
0xf55828dc035b00d939b9866c875a19df9e4e2f4d,22500000000000000000000
0xf5f79c2a4df97b0a87383c330378d6345c62ade4,4672240008295500000000
0xf6a2147fcf86ddc23e503c673cc1da2ccd0b5183,13365000000000000000000
0xf6f2aa1b475630f5591f59d3c9b66d36d864146e,22500000000000000000000
0xf77506dac023a7483b8ec308b387abb161ac4fa0,13950000000000000000000
0xf7ce6831c1c6770f6cdbafcfb88fe6731ea477ce,22500000000000000000000
0xf839c3aa0cc2bb0d5a15f2e3ad86d470dc3da841,1935000000000000000000
0xf8cd0344e6245f962b30fb045810303d023fa548,22500000000000000000000
0xf8ec46e27fb35a33e54278a398a53b3372d5a13e,22500000000000000000000
0xf8f217aa1932afdcdb16713cdd221880bc223d26,112500000000000000000000
0xf92948a7d1bc904bcb4b30e6d2423152c95ca109,22500000000000000000000
0xf9aa5a57411c17d2f7757e9b32fccee8565556de,22500000000000000000000
0xf9b4cb0233419624de9255cde5a14dd148d76eb4,22500000000000000000000
0xf9ead0bf48f32fee2b852c5eb4d4f8effbfcdcae,8812863931950000000000
0xfa7c11e9e2d4fcd0f4646515a17289f5892a40b7,13572919755000000000000
0xfb488d2a34a26b64ac6a8c70ace61ab03189af62,4278561754279500000000
0xfcd69b45f3620a56dd5d6bd166b95a69d6ccd29c,22500000000000000000000
0xfcdb8f1e047d9b6b51af412ac835fbf55305b74d,22500000000000000000000
0xfd059d49f1c7a39864a4b0524945f9eb4cf6f782,22500000000000000000000
0xfdeb4f82e3ffaec6264b2b66a289b1142157286d,22500000000000000000000
0xfe36d8cca4f93ca51d58139cc4599e1fb9cb0078,5073397663500000000000
0xfe496c70563a078d8f6915a67ee0824e022be9b2,7735878045000000000000
0xfe6afa52a53f75b48d0e48fafad28fc8c621b33c,1359000000000000000000
0xff6a85ee4505b699b3e4131f37b1dbd6872eb3b5,22500000000000000000000
0x3ef93b6a68fcdde7c2b3dc817d54221fa829d4a7,21735000000000000000000
0x41a6ac7f4e4dbffeb934f95f1db58b68c76dc4df,1826568135000000000000
0xf28570694a6c9cd0494955966ae75af61abf5a07,22500000000000000000000
0xf2ba2ead3d26c213721114a02e0c56d8631ae388,45000000000000000000000
0x07f22c9e4665abc36df451775ad8e702aa59c0ab,1350000000000000000000000
0xc32e33f743cf7f95d90d1392771632ff1640de16,90000000000000000000000
0xf4a26d163b0ab6e855c93df66db009295fa42138,90000000000000000000000
0x4063dba05b9e15faccf296dfe1ff60fb8b66bc38,4500000000000000000000000
0xee38638a11be08399f2b0b5054ec20bfc436bd63,1889978193460890000000000
0xd84455fd51122d336e39bb5d32dde23b80a4552a,450000000000000000000000
0xb73f8abc0371b1ab67f9daaedb7ecbc1b1dd7e79,1867500000000000000000000
0x2e5a55e053b3e63579f14a17557a6adf7e50f12a,67500000000000000000000
0xf98cb88e650ceb1077786f906ed6142259249f38,67500000000000000000000
0x5f13fbd61bc5dc77758d72f4fbf17ba591f1962f,63000000000000000000000
0x84dccfb3f3e044229fa00e216e2829725579d97f,67500000000000000000000
0x3c8a05355aea473ccc69a2d23ced73be4fbd9860,63000000000000000000000
0xa733911c9dc801ddffae98a0b4efd40cbf150c76,63000000000000000000000
0xffbd12273a89507902d5f7e432685094b4a7653f,63000000000000000000000
0xf69e594ddccedde159dc6922e9786dd2f762c600,45000000000000000000000
0x68e2bf5bdc36785898ccd37d9310684d862d9f16,67500000000000000000000
0x01204297db860f097c2902be6d6ac3e654b89c66,4500000000000000000000
0x7048b5651039064a0659c8760d5dcf3488f3388d,135000000000000000000000
0x3b892dc004ab2c67e32728a3f5e045aa3ded74d4,67500000000000000000000
0x33b3fda8815d5b33ea8e408820f85d0627bf8a3c,299970000000000000000000
0x78a28daf9a40b770a94d6fe1ec0ef5f68f7b2f93,299970000000000000000000
0x8c2d18745e40681b585ddc82d2665b9073505a91,225000000000000000000000
0xa58e8de5f5c1a2f8074d1fc9b09311cc93a1705f,135000000000000000000000
0x62d30c62a18dff43bbe1dac01b15a00890bce4f7,112500000000000000000000
0xb69a08259b71f9a7f237789e02826fc331f0a073,90000000000000000000000
0x68f59c6d30c1bb696a7e508d4fe778c70d5ae09f,90000000000000000000000
0x0d90665c51a8d4f86213ca5b1aa1cec6eb851281,90000000000000000000000
0x7cc65939b665e1fca38ac6fe1564e2129c1e0a82,90000000000000000000000
0x91e110ed98c9d90f323e7efd805a22331bea37ff,22500000000000000000000
0x3fe4B9C51e238cB90a25A11e13167E37ff974298,180000000000000000000000
0xA8229D9fb825C4E7A557c66cb8FB57b23e343d21,135000000000000000000000
0x7BBb33889aADC5BC23e2bA90b3Ec967650272001,135000000000000000000000
0x62352F1A701cFF2aEb6B69D6A8CB196887020F22,180000000000000000000000
0xd0c9fECc2902A23370fC3b412AFF82f4d64F0D55,112500000000000000000000
0x7d5e7Aa33fac4732B364430bdB0F03DBd3EAe319,90000000000000000000000
0x130dbaec9c990421428407148fdba9f0cfd841df,157500000000000000000000
0xebc298ABd7cCBC0432717Dd3350909fba1fF47Ad,67500000000000000000000
0x7EBD7E05260670C5C4b374225a266566E24a2fCd,157500000000000000000000
0x9d78d7c1cFdC1cd7fD256a09f3cc63e1f9D4f679,90000000000000000000000
0x87454fD733173947042457492073484f4B754252,382500000000000000000000
0x402537AFF466fcbc9Ee8e1d4bf8aFAA2DbE753b6,45000000000000000000000
0xd999074F947f9813bDD161Fb2452332ac6a4D695,517500000000000000000000
0xbab7c5b24198d82de2ee502896dfee88a15564ce,188784336172123000000000
0x741c9909b374155cbbbebe614831ae29d200106a,285409219738489000000000
0x970b8afcedc38165a611b1bb3eeebf9d19229603,69294395702449500000000
0x5c4e456f9bf7c6e83bdedee5192762d66b3c8b27,414695702680794000000000
0x301da9a8700a7d4dd3b3022de6be4feaa43cb1d1,283474951789429000000000
0x283af487868cecb95c3d6f586214c70e095e96dd,464513654015305000000000
0xd5fa8c09d8535670ce1164d4f5102593f6bd1240,167488148637925000000000
0x61a06c3d45a9e5a087b83a0211c01ed2d6f0f43f,313743309286131000000000
0x5e7a0afc7e3c32f844114d3cb375ab0c456a57ae,1217243309955630000000000
0x702d2f5d52811d08a2211b49a8524355b9aeee6c,4500000000000000000000
0x8B9f5eDbeD46F011c4CFe5A2fe3DF90DD9E39dEB,135000000000000000000000
0x6eC8966aCDD4f248005DE3925560633C37Cec998,135000000000000000000000
0x877351601cCDAd2473dCd11F9fA0308149018ED8,135000000000000000000000
0xA06689C0c56cC96a58374E5CaCaF2F651db9F537,67500000000000000000000
0x10F4058e4f2E5DF005639114FE1cB10c2bD5541b,135000000000000000000000
0x224BA14C02238fFf93e5902FFa550Adc55ad33ee,22500000000000000000000
0x5D83192b5A78a55b42d8f9d4cfdA6131d102e365,90000000000000000000000
0xDe0E6889bBD121D1d1dc41657a879A7d060e2BE4,225000000000000000000000
0x5a0347d39831048bdd17edb66347c6b9b688c7ef,26543700000000000000000
0x507ccab9c76c89b3ac3ec124c8255baec1014167,17774606935779900000000
0x2ebc92768ce834cafc46187427d5ea47cb0baf7e,299964580978129000000000
0xa5336271854c8984673a0406c799556def953890,5034150000000000000000
0x3060cccd9c0414d5796244311fb3bc75c03b1a53,3737493253535740000000000
0x61a92da98595a05232f31e0c7dfa6c712d35907c,546969515967531000000000
0xd5b43877724d983c1ae384dcfebb57c2cd95805c,32810452302853200000000
0x998d9f658b01ee8f7cc7180b2e97efba68710331,25992210780752900000000
0xb0336de68866406ba1109a5b35e960ae19b09e4a,177976086645185000000000
0x06ee52fa1483e7c227be4463c27ff3c96dbbdd12,99859229999999500000000
0x3b6aeb316afa5f63ba4d33aa60049a69a5fcf678,61397513022457100000000
0xcb7968aa0f1163958af8417a956fad5251be5dc5,197078052539105000000000
0x64607caaaa11140942e2d4ba9b0b5fcebc6963e2,42008260224411300000000
0x50a5b7aac9ac7d7ab1c830e083e662af7c52f654,28394146923530100000000
0x91deb31840a4bf1f6ea3ea55deaa7a15433e3151,254523079014168000000000
0x0d7635e0b2fa8d06dd207052a691ddbe2a34a530,29412380575952400000000
0x7a939fbf5967de0fa330d6096863c50ba92829ad,66694194943101900000000
0x4f7f9456e36cadaa7c0d91d8899041d2ca701288,9865996539621510000000
0x34cf7ac942a815ddeddf1319ce91dea69af46dcb,2925434397408570000000000
0x5cf3fdd9c3200d92452c755896bf25fa3f748a24,255047745684612000000000
0xe828abd66d651cae1c1ba353995241fc3e5a336c,258087928135331000000000
0x1d68a890632a0933e57a91dc3ab821782fce1937,27868619453073600000000
0x6adab59b84db267845ccbed399e39f6f5551a9e0,25549674833554600000000
0xf59c088cc2a410f6a8952605f11576a17851c7f9,10217569927802900000000
0x34ca7c3ce7e53a108e637ea2fb2c8e95e3fbf841,20007135900000000000000
0xba3300614d234378ea991bac46a42e497222f1ce,15640078825780500000000
0x7160ebd4159504bd30cefd06ff755ad455b520d1,5120098323896510000000
0x5edcba2d941c9a43cf31bc957246406fcdc06152,152651720483901000000000
0xc02e18a92964928ef4c2645f633741e9509b25b9,20614592693040200000000
0xbd9cf606a81da379d1ad3874363746f73295915a,80796920819932200000000
0xc96b1b44cba2513fcb82f1814d3ef29624864f07,260446708520213000000000
0x002bcf5c6c2b39f73995bca68a1a0b48606cadf5,141608910600000000000000
0x7216bb92e46a38452b051f4e8ff3a8fae8a3879e,172568803134352000000000
0x6e4996cb18e2619dec2c32841981cca3001eaf54,9000000000000000000000
0x7ce2e668f9136802a770273dcd423417e9ff3652,87564405162908400000000
0x9a362744b547748037bbc0529f3c0ae685e7d933,52638648924115500000000
0xd113c1e2c7e03340757f6c4ebdfa1fa8a5f95672,25416398191914400000000
0xb7aac0c4d1632885adce6bb8d3da05578f5eeb89,450495112740690000000000
0x3b5893cfde737818386f09aec818d4df44144b83,132022284592753000000000
0xf8cf9fd2a2e81c252dbea55e3d0dfa5314e1289a,163004848677517000000000
0x48ecfd02c338e239a0edcbc393ad7bcf8e21a3ab,50890375551579700000000
0x864a032fe1fc64998cc135808b13cb981e532ce5,17478963923133100000000
0xc6d1e443a74374848b6fbfc5e6b892e41c1cb4f1,517418683200000000000000
0x59c1dc548ed9b7fc82e1b3ec23c038ea8f3ef47e,9988835529202830000000
0x2b565d4089a768696e9eae80234c2e59e477bd5e,13106016200902400000000
0x10fd42f02d1a3fe88b489346537f9da8f4ee66c6,3859619281744400000000
0x2a726ff19ffd5adacdf58a1c4a6813f9b8aadf97,29401509491131500000000
0x5b73c0ccee3f58cb29222dcd529bc142b5ffab42,119955150000000000000000
0x0eca5bd7b78603c3a4b3292914c98b94500f843a,19812241991744000000000
0x8294ff5f93095addcbc8597c9145f3222f205994,9150510022627610000000
0x99721702bf1b8d1a9e15f3570faa6539addc3736,8778947400000000000000
0xb8a8d16fd883c7624b393c7d2f30ba0e202c8ed1,4288350000000000000000
0xf6f81d31877eaf3fff70dd632de273117c87d951,23383861310791800000000
0xa019b8ad2cc4b2de16e42cce83aecf8da5ca617f,259466961071613000000000
0xa6a2d935363669ea08723798284bc3fcdc58f9cd,215739839700000000000000
0xe441f6c0f224b833baab2fe516df731b12e5d449,35554304852187200000000
0x2a16300b3802a7d9680336c7c77aba57b8c8f1b8,25419915000000000000000
0x31dcab0e851b0e7acb15ae0aaab3d6f5344cc690,62846481150000000000000